source_index,time_s,geometry_version,volume_voxels,volume_um3,surface_lattice_faces,surface_um2,axial_length_nm,transverse_extent_nm,midplane_storage_index,midplane_area_nm2,lobe_reference_area_nm2,neck_area_ratio,constriction_index,components_6,components_26,largest_component_fraction,volume_fold,V_L1_Genome,V_L1_membrane_damage,V_L1_breach,V_L1_released,V_L1_virion
0,0.0,0,50397,0.050397,9558,0.9558000000000001,450,450,64,159300,159300.0,1.0,0.0,1,1,1.0,1.0,3.0,0.0,0.0,0.0,0.0
1,4.0,0,50397,0.050397,9558,0.9558000000000001,450,450,64,159300,159300.0,1.0,0.0,1,1,1.0,1.0,3.0,0.0,0.0,0.0,0.0
2,8.0,0,50397,0.050397,9558,0.9558000000000001,450,450,64,159300,159300.0,1.0,0.0,1,1,1.0,1.0,3.0,0.0,0.0,0.0,0.0
3,12.0,0,50397,0.050397,9558,0.9558000000000001,450,450,64,159300,159300.0,1.0,0.0,1,1,1.0,1.0,3.0,0.0,0.0,0.0,0.0
4,16.0,0,50397,0.050397,9558,0.9558000000000001,450,450,64,159300,159300.0,1.0,0.0,1,1,1.0,1.0,3.0,0.0,0.0,0.0,0.0
5,20.0,0,50397,0.050397,9558,0.9558000000000001,450,450,64,159300,159300.0,1.0,0.0,1,1,1.0,1.0,3.0,0.0,0.0,0.0,0.0
6,24.0,0,50397,0.050397,9558,0.9558000000000001,450,450,64,159300,159300.0,1.0,0.0,1,1,1.0,1.0,3.0,0.0,0.0,0.0,0.0
7,28.0,0,50397,0.050397,9558,0.9558000000000001,450,450,64,159300,159300.0,1.0,0.0,1,1,1.0,1.0,3.0,0.0,0.0,0.0,0.0
8,32.0,0,50397,0.050397,9558,0.9558000000000001,450,450,64,159300,159300.0,1.0,0.0,1,1,1.0,1.0,3.0,0.0,0.0,0.0,0.0
9,36.0,0,50397,0.050397,9558,0.9558000000000001,450,450,64,159300,159300.0,1.0,0.0,1,1,1.0,1.0,3.0,0.0,0.0,0.0,0.0
10,40.0,0,50397,0.050397,9558,0.9558000000000001,450,450,64,159300,159300.0,1.0,0.0,1,1,1.0,1.0,3.0,0.0,0.0,0.0,0.0
11,44.0,0,50397,0.050397,9558,0.9558000000000001,450,450,64,159300,159300.0,1.0,0.0,1,1,1.0,1.0,3.0,0.0,0.0,0.0,0.0
12,48.0,0,50397,0.050397,9558,0.9558000000000001,450,450,64,159300,159300.0,1.0,0.0,1,1,1.0,1.0,3.0,0.0,0.0,0.0,0.0
13,52.0,0,50397,0.050397,9558,0.9558000000000001,450,450,64,159300,159300.0,1.0,0.0,1,1,1.0,1.0,3.0,0.0,0.0,0.0,0.0
14,56.0,0,50397,0.050397,9558,0.9558000000000001,450,450,64,159300,159300.0,1.0,0.0,1,1,1.0,1.0,3.0,0.0,0.0,0.0,0.0
15,60.0,0,50397,0.050397,9558,0.9558000000000001,450,450,64,159300,159300.0,1.0,0.0,1,1,1.0,1.0,3.0,0.0,0.0,0.0,0.0
16,64.0,0,50397,0.050397,9558,0.9558000000000001,450,450,64,159300,159300.0,1.0,0.0,1,1,1.0,1.0,3.0,0.0,0.0,0.0,0.0
17,68.0,0,50397,0.050397,9558,0.9558000000000001,450,450,64,159300,159300.0,1.0,0.0,1,1,1.0,1.0,3.0,0.0,0.0,0.0,0.0
18,72.0,0,50397,0.050397,9558,0.9558000000000001,450,450,64,159300,159300.0,1.0,0.0,1,1,1.0,1.0,3.0,0.0,0.0,0.0,0.0
19,76.0,0,50397,0.050397,9558,0.9558000000000001,450,450,64,159300,159300.0,1.0,0.0,1,1,1.0,1.0,3.0,0.0,0.0,0.0,0.0
20,80.0,0,50397,0.050397,9558,0.9558000000000001,450,450,64,159300,159300.0,1.0,0.0,1,1,1.0,1.0,3.0,0.0,0.0,0.0,0.0
21,84.0,0,50397,0.050397,9558,0.9558000000000001,450,450,64,159300,159300.0,1.0,0.0,1,1,1.0,1.0,3.0,0.0,0.0,0.0,0.0
22,88.0,0,50397,0.050397,9558,0.9558000000000001,450,450,64,159300,159300.0,1.0,0.0,1,1,1.0,1.0,3.0,0.0,0.0,0.0,0.0
23,92.0,0,50397,0.050397,9558,0.9558000000000001,450,450,64,159300,159300.0,1.0,0.0,1,1,1.0,1.0,3.0,0.0,0.0,0.0,0.0
24,96.0,0,50397,0.050397,9558,0.9558000000000001,450,450,64,159300,159300.0,1.0,0.0,1,1,1.0,1.0,3.0,0.0,0.0,0.0,0.0
25,100.0,0,50397,0.050397,9558,0.9558000000000001,450,450,64,159300,159300.0,1.0,0.0,1,1,1.0,1.0,3.0,0.0,0.0,0.0,0.0
26,104.0,0,50397,0.050397,9558,0.9558000000000001,450,450,64,159300,159300.0,1.0,0.0,1,1,1.0,1.0,3.0,0.0,0.0,0.0,0.0
27,108.0,0,50397,0.050397,9558,0.9558000000000001,450,450,64,159300,159300.0,1.0,0.0,1,1,1.0,1.0,3.0,0.0,0.0,0.0,0.0
28,112.0,0,50397,0.050397,9558,0.9558000000000001,450,450,64,159300,159300.0,1.0,0.0,1,1,1.0,1.0,3.0,0.0,0.0,0.0,0.0
29,116.0,0,50397,0.050397,9558,0.9558000000000001,450,450,64,159300,159300.0,1.0,0.0,1,1,1.0,1.0,3.0,0.0,0.0,0.0,0.0
30,120.0,0,50397,0.050397,9558,0.9558000000000001,450,450,64,159300,159300.0,1.0,0.0,1,1,1.0,1.0,3.0,0.0,0.0,0.0,0.0
31,124.0,0,50397,0.050397,9558,0.9558000000000001,450,450,64,159300,159300.0,1.0,0.0,1,1,1.0,1.0,3.0,0.0,0.0,0.0,0.0
32,128.0,0,50397,0.050397,9558,0.9558000000000001,450,450,64,159300,159300.0,1.0,0.0,1,1,1.0,1.0,3.0,0.0,0.0,0.0,0.0
33,132.0,0,50397,0.050397,9558,0.9558000000000001,450,450,64,159300,159300.0,1.0,0.0,1,1,1.0,1.0,3.0,0.0,0.0,0.0,0.0
34,136.0,0,50397,0.050397,9558,0.9558000000000001,450,450,64,159300,159300.0,1.0,0.0,1,1,1.0,1.0,3.0,0.0,0.0,0.0,0.0
35,140.0,0,50397,0.050397,9558,0.9558000000000001,450,450,64,159300,159300.0,1.0,0.0,1,1,1.0,1.0,3.0,0.0,0.0,0.0,0.0
36,144.0,0,50397,0.050397,9558,0.9558000000000001,450,450,64,159300,159300.0,1.0,0.0,1,1,1.0,1.0,3.0,0.0,0.0,0.0,0.0
37,148.0,0,50397,0.050397,9558,0.9558000000000001,450,450,64,159300,159300.0,1.0,0.0,1,1,1.0,1.0,3.0,0.0,0.0,0.0,0.0
38,152.0,0,50397,0.050397,9558,0.9558000000000001,450,450,64,159300,159300.0,1.0,0.0,1,1,1.0,1.0,3.0,0.0,0.0,0.0,0.0
39,156.0,0,50397,0.050397,9558,0.9558000000000001,450,450,64,159300,159300.0,1.0,0.0,1,1,1.0,1.0,3.0,0.0,0.0,0.0,0.0
40,160.0,0,50397,0.050397,9558,0.9558000000000001,450,450,64,159300,159300.0,1.0,0.0,1,1,1.0,1.0,3.0,0.0,0.0,0.0,0.0
41,164.0,0,50397,0.050397,9558,0.9558000000000001,450,450,64,159300,159300.0,1.0,0.0,1,1,1.0,1.0,3.0,0.0,0.0,0.0,0.0
42,168.0,0,50397,0.050397,9558,0.9558000000000001,450,450,64,159300,159300.0,1.0,0.0,1,1,1.0,1.0,3.0,0.0,0.0,0.0,0.0
43,172.0,0,50397,0.050397,9558,0.9558000000000001,450,450,64,159300,159300.0,1.0,0.0,1,1,1.0,1.0,3.0,0.0,0.0,0.0,0.0
44,176.0,0,50397,0.050397,9558,0.9558000000000001,450,450,64,159300,159300.0,1.0,0.0,1,1,1.0,1.0,3.0,0.0,0.0,0.0,0.0
45,180.0,0,50397,0.050397,9558,0.9558000000000001,450,450,64,159300,159300.0,1.0,0.0,1,1,1.0,1.0,3.0,0.0,0.0,0.0,0.0
46,184.0,0,50397,0.050397,9558,0.9558000000000001,450,450,64,159300,159300.0,1.0,0.0,1,1,1.0,1.0,3.0,0.0,0.0,0.0,0.0
47,188.0,0,50397,0.050397,9558,0.9558000000000001,450,450,64,159300,159300.0,1.0,0.0,1,1,1.0,1.0,3.0,0.0,0.0,0.0,0.0
48,192.0,0,50397,0.050397,9558,0.9558000000000001,450,450,64,159300,159300.0,1.0,0.0,1,1,1.0,1.0,3.0,0.0,0.0,0.0,0.0
49,196.0,0,50397,0.050397,9558,0.9558000000000001,450,450,64,159300,159300.0,1.0,0.0,1,1,1.0,1.0,3.0,0.0,0.0,0.0,0.0
50,200.0,0,50397,0.050397,9558,0.9558000000000001,450,450,64,159300,159300.0,1.0,0.0,1,1,1.0,1.0,3.0,0.0,0.0,0.0,0.0
51,204.0,0,50397,0.050397,9558,0.9558000000000001,450,450,64,159300,159300.0,1.0,0.0,1,1,1.0,1.0,3.0,0.0,0.0,0.0,0.0
52,208.0,0,50397,0.050397,9558,0.9558000000000001,450,450,64,159300,159300.0,1.0,0.0,1,1,1.0,1.0,3.0,0.0,0.0,0.0,0.0
53,212.0,0,50397,0.050397,9558,0.9558000000000001,450,450,64,159300,159300.0,1.0,0.0,1,1,1.0,1.0,3.0,0.0,0.0,0.0,0.0
54,216.0,0,50397,0.050397,9558,0.9558000000000001,450,450,64,159300,159300.0,1.0,0.0,1,1,1.0,1.0,3.0,0.0,0.0,0.0,0.0
55,220.0,0,50397,0.050397,9558,0.9558000000000001,450,450,64,159300,159300.0,1.0,0.0,1,1,1.0,1.0,3.0,0.0,0.0,0.0,0.0
56,224.0,0,50397,0.050397,9558,0.9558000000000001,450,450,64,159300,159300.0,1.0,0.0,1,1,1.0,1.0,3.0,0.0,0.0,0.0,0.0
57,228.0,0,50397,0.050397,9558,0.9558000000000001,450,450,64,159300,159300.0,1.0,0.0,1,1,1.0,1.0,3.0,0.0,0.0,0.0,0.0
58,232.0,0,50397,0.050397,9558,0.9558000000000001,450,450,64,159300,159300.0,1.0,0.0,1,1,1.0,1.0,3.0,0.0,0.0,0.0,0.0
59,236.0,0,50397,0.050397,9558,0.9558000000000001,450,450,64,159300,159300.0,1.0,0.0,1,1,1.0,1.0,3.0,0.0,0.0,0.0,0.0
60,240.0,0,50397,0.050397,9558,0.9558000000000001,450,450,64,159300,159300.0,1.0,0.0,1,1,1.0,1.0,3.0,0.0,0.0,0.0,0.0
61,244.0,0,50397,0.050397,9558,0.9558000000000001,450,450,64,159300,159300.0,1.0,0.0,1,1,1.0,1.0,3.0,0.0,0.0,0.0,0.0
62,248.0,0,50397,0.050397,9558,0.9558000000000001,450,450,64,159300,159300.0,1.0,0.0,1,1,1.0,1.0,3.0,0.0,0.0,0.0,0.0
63,252.0,0,50397,0.050397,9558,0.9558000000000001,450,450,64,159300,159300.0,1.0,0.0,1,1,1.0,1.0,3.0,0.0,0.0,0.0,0.0
64,256.0,0,50397,0.050397,9558,0.9558000000000001,450,450,64,159300,159300.0,1.0,0.0,1,1,1.0,1.0,3.0,0.0,0.0,0.0,0.0
65,260.0,0,50397,0.050397,9558,0.9558000000000001,450,450,64,159300,159300.0,1.0,0.0,1,1,1.0,1.0,3.0,0.0,0.0,0.0,0.0
66,264.0,0,50397,0.050397,9558,0.9558000000000001,450,450,64,159300,159300.0,1.0,0.0,1,1,1.0,1.0,3.0,0.0,0.0,0.0,0.0
67,268.0,0,50397,0.050397,9558,0.9558000000000001,450,450,64,159300,159300.0,1.0,0.0,1,1,1.0,1.0,3.0,0.0,0.0,0.0,0.0
68,272.0,0,50397,0.050397,9558,0.9558000000000001,450,450,64,159300,159300.0,1.0,0.0,1,1,1.0,1.0,3.0,0.0,0.0,0.0,0.0
69,276.0,0,50397,0.050397,9558,0.9558000000000001,450,450,64,159300,159300.0,1.0,0.0,1,1,1.0,1.0,3.0,0.0,0.0,0.0,0.0
70,280.0,0,50397,0.050397,9558,0.9558000000000001,450,450,64,159300,159300.0,1.0,0.0,1,1,1.0,1.0,3.0,0.0,0.0,0.0,0.0
71,284.0,0,50397,0.050397,9558,0.9558000000000001,450,450,64,159300,159300.0,1.0,0.0,1,1,1.0,1.0,3.0,0.0,0.0,0.0,0.0
72,288.0,0,50397,0.050397,9558,0.9558000000000001,450,450,64,159300,159300.0,1.0,0.0,1,1,1.0,1.0,3.0,0.0,0.0,0.0,0.0
73,292.0,0,50397,0.050397,9558,0.9558000000000001,450,450,64,159300,159300.0,1.0,0.0,1,1,1.0,1.0,3.0,0.0,0.0,0.0,0.0
74,296.0,0,50397,0.050397,9558,0.9558000000000001,450,450,64,159300,159300.0,1.0,0.0,1,1,1.0,1.0,3.0,0.0,0.0,0.0,0.0
75,300.0,0,50397,0.050397,9558,0.9558000000000001,450,450,64,159300,159300.0,1.0,0.0,1,1,1.0,1.0,3.0,0.0,0.0,0.0,0.0
76,304.0,0,50397,0.050397,9558,0.9558000000000001,450,450,64,159300,159300.0,1.0,0.0,1,1,1.0,1.0,3.0,0.0,0.0,0.0,0.0
77,308.0,0,50397,0.050397,9558,0.9558000000000001,450,450,64,159300,159300.0,1.0,0.0,1,1,1.0,1.0,3.0,0.0,0.0,0.0,0.0
78,312.0,0,50397,0.050397,9558,0.9558000000000001,450,450,64,159300,159300.0,1.0,0.0,1,1,1.0,1.0,3.0,0.0,0.0,0.0,0.0
79,316.0,0,50397,0.050397,9558,0.9558000000000001,450,450,64,159300,159300.0,1.0,0.0,1,1,1.0,1.0,3.0,0.0,0.0,0.0,0.0
80,320.0,0,50397,0.050397,9558,0.9558000000000001,450,450,64,159300,159300.0,1.0,0.0,1,1,1.0,1.0,3.0,0.0,0.0,0.0,0.0
81,324.0,0,50397,0.050397,9558,0.9558000000000001,450,450,64,159300,159300.0,1.0,0.0,1,1,1.0,1.0,3.0,0.0,0.0,0.0,0.0
82,328.0,0,50397,0.050397,9558,0.9558000000000001,450,450,64,159300,159300.0,1.0,0.0,1,1,1.0,1.0,3.0,0.0,0.0,0.0,0.0
83,332.0,0,50397,0.050397,9558,0.9558000000000001,450,450,64,159300,159300.0,1.0,0.0,1,1,1.0,1.0,3.0,0.0,0.0,0.0,0.0
84,336.0,0,50397,0.050397,9558,0.9558000000000001,450,450,64,159300,159300.0,1.0,0.0,1,1,1.0,1.0,3.0,0.0,0.0,0.0,0.0
85,340.0,0,50397,0.050397,9558,0.9558000000000001,450,450,64,159300,159300.0,1.0,0.0,1,1,1.0,1.0,3.0,0.0,0.0,0.0,0.0
86,344.0,0,50397,0.050397,9558,0.9558000000000001,450,450,64,159300,159300.0,1.0,0.0,1,1,1.0,1.0,3.0,0.0,0.0,0.0,0.0
87,348.0,0,50397,0.050397,9558,0.9558000000000001,450,450,64,159300,159300.0,1.0,0.0,1,1,1.0,1.0,3.0,0.0,0.0,0.0,0.0
88,352.0,0,50397,0.050397,9558,0.9558000000000001,450,450,64,159300,159300.0,1.0,0.0,1,1,1.0,1.0,3.0,0.0,0.0,0.0,0.0
89,356.0,0,50397,0.050397,9558,0.9558000000000001,450,450,64,159300,159300.0,1.0,0.0,1,1,1.0,1.0,3.0,0.0,0.0,0.0,0.0
90,360.0,0,50397,0.050397,9558,0.9558000000000001,450,450,64,159300,159300.0,1.0,0.0,1,1,1.0,1.0,3.0,0.0,0.0,0.0,0.0
91,364.0,0,50397,0.050397,9558,0.9558000000000001,450,450,64,159300,159300.0,1.0,0.0,1,1,1.0,1.0,3.0,0.0,0.0,0.0,0.0
92,368.0,0,50397,0.050397,9558,0.9558000000000001,450,450,64,159300,159300.0,1.0,0.0,1,1,1.0,1.0,3.0,0.0,0.0,0.0,0.0
93,372.0,0,50397,0.050397,9558,0.9558000000000001,450,450,64,159300,159300.0,1.0,0.0,1,1,1.0,1.0,3.0,0.0,0.0,0.0,0.0
94,376.0,0,50397,0.050397,9558,0.9558000000000001,450,450,64,159300,159300.0,1.0,0.0,1,1,1.0,1.0,3.0,0.0,0.0,0.0,0.0
95,380.0,0,50397,0.050397,9558,0.9558000000000001,450,450,64,159300,159300.0,1.0,0.0,1,1,1.0,1.0,3.0,0.0,0.0,0.0,0.0
96,384.0,0,50397,0.050397,9558,0.9558000000000001,450,450,64,159300,159300.0,1.0,0.0,1,1,1.0,1.0,3.0,0.0,0.0,0.0,0.0
97,388.0,0,50397,0.050397,9558,0.9558000000000001,450,450,64,159300,159300.0,1.0,0.0,1,1,1.0,1.0,3.0,0.0,0.0,0.0,0.0
98,392.0,0,50397,0.050397,9558,0.9558000000000001,450,450,64,159300,159300.0,1.0,0.0,1,1,1.0,1.0,3.0,0.0,0.0,0.0,0.0
99,396.0,0,50397,0.050397,9558,0.9558000000000001,450,450,64,159300,159300.0,1.0,0.0,1,1,1.0,1.0,3.0,0.0,0.0,0.0,0.0
100,400.0,0,50397,0.050397,9558,0.9558000000000001,450,450,64,159300,159300.0,1.0,0.0,1,1,1.0,1.0,3.0,0.0,0.0,0.0,0.0
101,404.0,0,50397,0.050397,9558,0.9558000000000001,450,450,64,159300,159300.0,1.0,0.0,1,1,1.0,1.0,3.0,0.0,0.0,0.0,0.0
102,408.0,0,50397,0.050397,9558,0.9558000000000001,450,450,64,159300,159300.0,1.0,0.0,1,1,1.0,1.0,3.0,0.0,0.0,0.0,0.0
103,412.0,0,50397,0.050397,9558,0.9558000000000001,450,450,64,159300,159300.0,1.0,0.0,1,1,1.0,1.0,3.0,0.0,0.0,0.0,0.0
104,416.0,0,50397,0.050397,9558,0.9558000000000001,450,450,64,159300,159300.0,1.0,0.0,1,1,1.0,1.0,3.0,0.0,0.0,0.0,0.0
105,420.0,0,50397,0.050397,9558,0.9558000000000001,450,450,64,159300,159300.0,1.0,0.0,1,1,1.0,1.0,3.0,0.0,0.0,0.0,0.0
106,424.0,0,50397,0.050397,9558,0.9558000000000001,450,450,64,159300,159300.0,1.0,0.0,1,1,1.0,1.0,3.0,0.0,0.0,0.0,0.0
107,428.0,0,50397,0.050397,9558,0.9558000000000001,450,450,64,159300,159300.0,1.0,0.0,1,1,1.0,1.0,3.0,0.0,0.0,0.0,0.0
108,432.0,0,50397,0.050397,9558,0.9558000000000001,450,450,64,159300,159300.0,1.0,0.0,1,1,1.0,1.0,3.0,0.0,0.0,0.0,0.0
109,436.0,0,50397,0.050397,9558,0.9558000000000001,450,450,64,159300,159300.0,1.0,0.0,1,1,1.0,1.0,3.0,0.0,0.0,0.0,0.0
110,440.0,0,50397,0.050397,9558,0.9558000000000001,450,450,64,159300,159300.0,1.0,0.0,1,1,1.0,1.0,3.0,0.0,0.0,0.0,0.0
111,444.0,0,50397,0.050397,9558,0.9558000000000001,450,450,64,159300,159300.0,1.0,0.0,1,1,1.0,1.0,3.0,0.0,0.0,0.0,0.0
112,448.0,0,50397,0.050397,9558,0.9558000000000001,450,450,64,159300,159300.0,1.0,0.0,1,1,1.0,1.0,3.0,0.0,0.0,0.0,0.0
113,452.0,0,50397,0.050397,9558,0.9558000000000001,450,450,64,159300,159300.0,1.0,0.0,1,1,1.0,1.0,3.0,0.0,0.0,0.0,0.0
114,456.0,0,50397,0.050397,9558,0.9558000000000001,450,450,64,159300,159300.0,1.0,0.0,1,1,1.0,1.0,3.0,0.0,0.0,0.0,0.0
115,460.0,0,50397,0.050397,9558,0.9558000000000001,450,450,64,159300,159300.0,1.0,0.0,1,1,1.0,1.0,3.0,0.0,0.0,0.0,0.0
116,464.0,0,50397,0.050397,9558,0.9558000000000001,450,450,64,159300,159300.0,1.0,0.0,1,1,1.0,1.0,3.0,0.0,0.0,0.0,0.0
117,468.0,0,50397,0.050397,9558,0.9558000000000001,450,450,64,159300,159300.0,1.0,0.0,1,1,1.0,1.0,3.0,0.0,0.0,0.0,0.0
118,472.0,0,50397,0.050397,9558,0.9558000000000001,450,450,64,159300,159300.0,1.0,0.0,1,1,1.0,1.0,3.0,0.0,0.0,0.0,0.0
119,476.0,0,50397,0.050397,9558,0.9558000000000001,450,450,64,159300,159300.0,1.0,0.0,1,1,1.0,1.0,3.0,0.0,0.0,0.0,0.0
120,480.0,0,50397,0.050397,9558,0.9558000000000001,450,450,64,159300,159300.0,1.0,0.0,1,1,1.0,1.0,3.0,0.0,0.0,0.0,0.0
121,484.0,0,50397,0.050397,9558,0.9558000000000001,450,450,64,159300,159300.0,1.0,0.0,1,1,1.0,1.0,3.0,0.0,0.0,0.0,0.0
122,488.0,0,50397,0.050397,9558,0.9558000000000001,450,450,64,159300,159300.0,1.0,0.0,1,1,1.0,1.0,3.0,0.0,0.0,0.0,0.0
123,492.0,0,50397,0.050397,9558,0.9558000000000001,450,450,64,159300,159300.0,1.0,0.0,1,1,1.0,1.0,3.0,0.0,0.0,0.0,0.0
124,496.0,0,50397,0.050397,9558,0.9558000000000001,450,450,64,159300,159300.0,1.0,0.0,1,1,1.0,1.0,3.0,0.0,0.0,0.0,0.0
125,500.0,0,50397,0.050397,9558,0.9558000000000001,450,450,64,159300,159300.0,1.0,0.0,1,1,1.0,1.0,3.0,0.0,0.0,0.0,0.0
126,504.0,0,50397,0.050397,9558,0.9558000000000001,450,450,64,159300,159300.0,1.0,0.0,1,1,1.0,1.0,3.0,0.0,0.0,0.0,0.0
127,508.0,0,50397,0.050397,9558,0.9558000000000001,450,450,64,159300,159300.0,1.0,0.0,1,1,1.0,1.0,3.0,0.0,0.0,0.0,0.0
128,512.0,0,50397,0.050397,9558,0.9558000000000001,450,450,64,159300,159300.0,1.0,0.0,1,1,1.0,1.0,3.0,0.0,0.0,0.0,0.0
129,516.0,0,50397,0.050397,9558,0.9558000000000001,450,450,64,159300,159300.0,1.0,0.0,1,1,1.0,1.0,3.0,0.0,0.0,0.0,0.0
130,520.0,0,50397,0.050397,9558,0.9558000000000001,450,450,64,159300,159300.0,1.0,0.0,1,1,1.0,1.0,3.0,0.0,0.0,0.0,0.0
131,524.0,0,50397,0.050397,9558,0.9558000000000001,450,450,64,159300,159300.0,1.0,0.0,1,1,1.0,1.0,3.0,0.0,0.0,0.0,0.0
132,528.0,0,50397,0.050397,9558,0.9558000000000001,450,450,64,159300,159300.0,1.0,0.0,1,1,1.0,1.0,3.0,0.0,0.0,0.0,0.0
133,532.0,0,50397,0.050397,9558,0.9558000000000001,450,450,64,159300,159300.0,1.0,0.0,1,1,1.0,1.0,3.0,0.0,0.0,0.0,0.0
134,536.0,0,50397,0.050397,9558,0.9558000000000001,450,450,64,159300,159300.0,1.0,0.0,1,1,1.0,1.0,3.0,0.0,0.0,0.0,0.0
135,540.0,0,50397,0.050397,9558,0.9558000000000001,450,450,64,159300,159300.0,1.0,0.0,1,1,1.0,1.0,3.0,0.0,0.0,0.0,0.0
136,544.0,0,50397,0.050397,9558,0.9558000000000001,450,450,64,159300,159300.0,1.0,0.0,1,1,1.0,1.0,3.0,0.0,0.0,0.0,0.0
137,548.0,0,50397,0.050397,9558,0.9558000000000001,450,450,64,159300,159300.0,1.0,0.0,1,1,1.0,1.0,3.0,0.0,0.0,0.0,0.0
138,552.0,0,50397,0.050397,9558,0.9558000000000001,450,450,64,159300,159300.0,1.0,0.0,1,1,1.0,1.0,3.0,0.0,0.0,0.0,0.0
139,556.0,0,50397,0.050397,9558,0.9558000000000001,450,450,64,159300,159300.0,1.0,0.0,1,1,1.0,1.0,3.0,0.0,0.0,0.0,0.0
140,560.0,0,50397,0.050397,9558,0.9558000000000001,450,450,64,159300,159300.0,1.0,0.0,1,1,1.0,1.0,3.0,0.0,0.0,0.0,0.0
141,564.0,0,50397,0.050397,9558,0.9558000000000001,450,450,64,159300,159300.0,1.0,0.0,1,1,1.0,1.0,3.0,0.0,0.0,0.0,0.0
142,568.0,0,50397,0.050397,9558,0.9558000000000001,450,450,64,159300,159300.0,1.0,0.0,1,1,1.0,1.0,3.0,0.0,0.0,0.0,0.0
143,572.0,0,50397,0.050397,9558,0.9558000000000001,450,450,64,159300,159300.0,1.0,0.0,1,1,1.0,1.0,3.0,0.0,0.0,0.0,0.0
144,576.0,0,50397,0.050397,9558,0.9558000000000001,450,450,64,159300,159300.0,1.0,0.0,1,1,1.0,1.0,3.0,0.0,0.0,0.0,0.0
145,580.0,0,50397,0.050397,9558,0.9558000000000001,450,450,64,159300,159300.0,1.0,0.0,1,1,1.0,1.0,3.0,0.0,0.0,0.0,0.0
146,584.0,0,50397,0.050397,9558,0.9558000000000001,450,450,64,159300,159300.0,1.0,0.0,1,1,1.0,1.0,3.0,0.0,0.0,0.0,0.0
147,588.0,0,50397,0.050397,9558,0.9558000000000001,450,450,64,159300,159300.0,1.0,0.0,1,1,1.0,1.0,3.0,0.0,0.0,0.0,0.0
148,592.0,0,50397,0.050397,9558,0.9558000000000001,450,450,64,159300,159300.0,1.0,0.0,1,1,1.0,1.0,3.0,0.0,0.0,0.0,0.0
149,596.0,0,50397,0.050397,9558,0.9558000000000001,450,450,64,159300,159300.0,1.0,0.0,1,1,1.0,1.0,3.0,0.0,0.0,0.0,0.0
150,600.0,0,50397,0.050397,9558,0.9558000000000001,450,450,64,159300,159300.0,1.0,0.0,1,1,1.0,1.0,3.0,0.0,0.0,0.0,0.0
151,604.0,0,50397,0.050397,9558,0.9558000000000001,450,450,64,159300,159300.0,1.0,0.0,1,1,1.0,1.0,3.0,0.0,0.0,0.0,0.0
152,608.0,0,50397,0.050397,9558,0.9558000000000001,450,450,64,159300,159300.0,1.0,0.0,1,1,1.0,1.0,3.0,0.0,0.0,0.0,0.0
153,612.0,0,50397,0.050397,9558,0.9558000000000001,450,450,64,159300,159300.0,1.0,0.0,1,1,1.0,1.0,3.0,0.0,0.0,0.0,0.0
154,616.0,0,50397,0.050397,9558,0.9558000000000001,450,450,64,159300,159300.0,1.0,0.0,1,1,1.0,1.0,3.0,0.0,0.0,0.0,0.0
155,620.0,0,50397,0.050397,9558,0.9558000000000001,450,450,64,159300,159300.0,1.0,0.0,1,1,1.0,1.0,3.0,0.0,0.0,0.0,0.0
156,624.0,0,50397,0.050397,9558,0.9558000000000001,450,450,64,159300,159300.0,1.0,0.0,1,1,1.0,1.0,3.0,0.0,0.0,0.0,0.0
157,628.0,0,50397,0.050397,9558,0.9558000000000001,450,450,64,159300,159300.0,1.0,0.0,1,1,1.0,1.0,3.0,0.0,0.0,0.0,0.0
158,632.0,0,50397,0.050397,9558,0.9558000000000001,450,450,64,159300,159300.0,1.0,0.0,1,1,1.0,1.0,3.0,0.0,0.0,0.0,0.0
159,636.0,0,50397,0.050397,9558,0.9558000000000001,450,450,64,159300,159300.0,1.0,0.0,1,1,1.0,1.0,3.0,0.0,0.0,0.0,0.0
160,640.0,0,50397,0.050397,9558,0.9558000000000001,450,450,64,159300,159300.0,1.0,0.0,1,1,1.0,1.0,3.0,0.0,0.0,0.0,0.0
161,644.0,0,50397,0.050397,9558,0.9558000000000001,450,450,64,159300,159300.0,1.0,0.0,1,1,1.0,1.0,3.0,0.0,0.0,0.0,0.0
162,648.0,0,50397,0.050397,9558,0.9558000000000001,450,450,64,159300,159300.0,1.0,0.0,1,1,1.0,1.0,3.0,0.0,0.0,0.0,0.0
163,652.0,0,50397,0.050397,9558,0.9558000000000001,450,450,64,159300,159300.0,1.0,0.0,1,1,1.0,1.0,3.0,0.0,0.0,0.0,0.0
164,656.0,0,50397,0.050397,9558,0.9558000000000001,450,450,64,159300,159300.0,1.0,0.0,1,1,1.0,1.0,3.0,0.0,0.0,0.0,0.0
165,660.0,0,50397,0.050397,9558,0.9558000000000001,450,450,64,159300,159300.0,1.0,0.0,1,1,1.0,1.0,3.0,0.0,0.0,0.0,0.0
166,664.0,0,50397,0.050397,9558,0.9558000000000001,450,450,64,159300,159300.0,1.0,0.0,1,1,1.0,1.0,3.0,0.0,0.0,0.0,0.0
167,668.0,0,50397,0.050397,9558,0.9558000000000001,450,450,64,159300,159300.0,1.0,0.0,1,1,1.0,1.0,3.0,0.0,0.0,0.0,0.0
168,672.0,0,50397,0.050397,9558,0.9558000000000001,450,450,64,159300,159300.0,1.0,0.0,1,1,1.0,1.0,3.0,0.0,0.0,0.0,0.0
169,676.0,0,50397,0.050397,9558,0.9558000000000001,450,450,64,159300,159300.0,1.0,0.0,1,1,1.0,1.0,3.0,0.0,0.0,0.0,0.0
170,680.0,0,50397,0.050397,9558,0.9558000000000001,450,450,64,159300,159300.0,1.0,0.0,1,1,1.0,1.0,3.0,0.0,0.0,0.0,0.0
171,684.0,0,50397,0.050397,9558,0.9558000000000001,450,450,64,159300,159300.0,1.0,0.0,1,1,1.0,1.0,3.0,0.0,0.0,0.0,0.0
172,688.0,0,50397,0.050397,9558,0.9558000000000001,450,450,64,159300,159300.0,1.0,0.0,1,1,1.0,1.0,3.0,0.0,0.0,0.0,0.0
173,692.0,0,50397,0.050397,9558,0.9558000000000001,450,450,64,159300,159300.0,1.0,0.0,1,1,1.0,1.0,3.0,0.0,0.0,0.0,0.0
174,696.0,0,50397,0.050397,9558,0.9558000000000001,450,450,64,159300,159300.0,1.0,0.0,1,1,1.0,1.0,3.0,0.0,0.0,0.0,0.0
175,700.0,0,50397,0.050397,9558,0.9558000000000001,450,450,64,159300,159300.0,1.0,0.0,1,1,1.0,1.0,3.0,0.0,0.0,0.0,0.0
176,704.0,0,50397,0.050397,9558,0.9558000000000001,450,450,64,159300,159300.0,1.0,0.0,1,1,1.0,1.0,3.0,0.0,0.0,0.0,0.0
177,708.0,0,50397,0.050397,9558,0.9558000000000001,450,450,64,159300,159300.0,1.0,0.0,1,1,1.0,1.0,3.0,0.0,0.0,0.0,0.0
178,712.0,0,50397,0.050397,9558,0.9558000000000001,450,450,64,159300,159300.0,1.0,0.0,1,1,1.0,1.0,3.0,0.0,0.0,0.0,0.0
179,716.0,0,50397,0.050397,9558,0.9558000000000001,450,450,64,159300,159300.0,1.0,0.0,1,1,1.0,1.0,3.0,0.0,0.0,0.0,0.0
180,720.0,0,50397,0.050397,9558,0.9558000000000001,450,450,64,159300,159300.0,1.0,0.0,1,1,1.0,1.0,3.0,0.0,0.0,0.0,0.0
181,724.0,0,50397,0.050397,9558,0.9558000000000001,450,450,64,159300,159300.0,1.0,0.0,1,1,1.0,1.0,3.0,0.0,0.0,0.0,0.0
182,728.0,0,50397,0.050397,9558,0.9558000000000001,450,450,64,159300,159300.0,1.0,0.0,1,1,1.0,1.0,3.0,0.0,0.0,0.0,0.0
183,732.0,0,50397,0.050397,9558,0.9558000000000001,450,450,64,159300,159300.0,1.0,0.0,1,1,1.0,1.0,3.0,0.0,0.0,0.0,0.0
184,736.0,0,50397,0.050397,9558,0.9558000000000001,450,450,64,159300,159300.0,1.0,0.0,1,1,1.0,1.0,3.0,0.0,0.0,0.0,0.0
185,740.0,0,50397,0.050397,9558,0.9558000000000001,450,450,64,159300,159300.0,1.0,0.0,1,1,1.0,1.0,3.0,0.0,0.0,0.0,0.0
186,744.0,0,50397,0.050397,9558,0.9558000000000001,450,450,64,159300,159300.0,1.0,0.0,1,1,1.0,1.0,3.0,0.0,0.0,0.0,0.0
187,748.0,0,50397,0.050397,9558,0.9558000000000001,450,450,64,159300,159300.0,1.0,0.0,1,1,1.0,1.0,3.0,0.0,0.0,0.0,0.0
188,752.0,0,50397,0.050397,9558,0.9558000000000001,450,450,64,159300,159300.0,1.0,0.0,1,1,1.0,1.0,3.0,0.0,0.0,0.0,0.0
189,756.0,0,50397,0.050397,9558,0.9558000000000001,450,450,64,159300,159300.0,1.0,0.0,1,1,1.0,1.0,3.0,0.0,0.0,0.0,0.0
190,760.0,0,50397,0.050397,9558,0.9558000000000001,450,450,64,159300,159300.0,1.0,0.0,1,1,1.0,1.0,3.0,0.0,0.0,0.0,0.0
191,764.0,0,50397,0.050397,9558,0.9558000000000001,450,450,64,159300,159300.0,1.0,0.0,1,1,1.0,1.0,3.0,0.0,0.0,0.0,0.0
192,768.0,0,50397,0.050397,9558,0.9558000000000001,450,450,64,159300,159300.0,1.0,0.0,1,1,1.0,1.0,3.0,0.0,0.0,0.0,0.0
193,772.0,0,50397,0.050397,9558,0.9558000000000001,450,450,64,159300,159300.0,1.0,0.0,1,1,1.0,1.0,3.0,0.0,0.0,0.0,0.0
194,776.0,0,50397,0.050397,9558,0.9558000000000001,450,450,64,159300,159300.0,1.0,0.0,1,1,1.0,1.0,3.0,0.0,0.0,0.0,0.0
195,780.0,0,50397,0.050397,9558,0.9558000000000001,450,450,64,159300,159300.0,1.0,0.0,1,1,1.0,1.0,3.0,0.0,0.0,0.0,0.0
196,784.0,0,50397,0.050397,9558,0.9558000000000001,450,450,64,159300,159300.0,1.0,0.0,1,1,1.0,1.0,3.0,0.0,0.0,0.0,0.0
197,788.0,0,50397,0.050397,9558,0.9558000000000001,450,450,64,159300,159300.0,1.0,0.0,1,1,1.0,1.0,3.0,0.0,0.0,0.0,0.0
198,792.0,0,50397,0.050397,9558,0.9558000000000001,450,450,64,159300,159300.0,1.0,0.0,1,1,1.0,1.0,3.0,0.0,0.0,0.0,0.0
199,796.0,0,50397,0.050397,9558,0.9558000000000001,450,450,64,159300,159300.0,1.0,0.0,1,1,1.0,1.0,3.0,0.0,0.0,0.0,0.0
200,800.0,0,50397,0.050397,9558,0.9558000000000001,450,450,64,159300,159300.0,1.0,0.0,1,1,1.0,1.0,3.0,0.0,0.0,0.0,0.0
201,804.0,0,50397,0.050397,9558,0.9558000000000001,450,450,64,159300,159300.0,1.0,0.0,1,1,1.0,1.0,3.0,0.0,0.0,0.0,0.0
202,808.0,0,50397,0.050397,9558,0.9558000000000001,450,450,64,159300,159300.0,1.0,0.0,1,1,1.0,1.0,3.0,0.0,0.0,0.0,0.0
203,812.0,0,50397,0.050397,9558,0.9558000000000001,450,450,64,159300,159300.0,1.0,0.0,1,1,1.0,1.0,3.0,0.0,0.0,0.0,0.0
204,816.0,0,50397,0.050397,9558,0.9558000000000001,450,450,64,159300,159300.0,1.0,0.0,1,1,1.0,1.0,3.0,0.0,0.0,0.0,0.0
205,820.0,0,50397,0.050397,9558,0.9558000000000001,450,450,64,159300,159300.0,1.0,0.0,1,1,1.0,1.0,3.0,0.0,0.0,0.0,0.0
206,824.0,0,50397,0.050397,9558,0.9558000000000001,450,450,64,159300,159300.0,1.0,0.0,1,1,1.0,1.0,3.0,0.0,0.0,0.0,0.0
207,828.0,0,50397,0.050397,9558,0.9558000000000001,450,450,64,159300,159300.0,1.0,0.0,1,1,1.0,1.0,3.0,0.0,0.0,0.0,0.0
208,832.0,0,50397,0.050397,9558,0.9558000000000001,450,450,64,159300,159300.0,1.0,0.0,1,1,1.0,1.0,3.0,0.0,0.0,0.0,0.0
209,836.0,1,57515,0.057515,10398,1.0398,470,470,64,173300,173300.0,1.0,0.0,1,1,1.0,1.141238565787646,3.0,0.0,0.0,0.0,0.0
210,840.0,1,57515,0.057515,10398,1.0398,470,470,64,173300,173300.0,1.0,0.0,1,1,1.0,1.141238565787646,3.0,0.0,0.0,0.0,0.0
211,844.0,1,57515,0.057515,10398,1.0398,470,470,64,173300,173300.0,1.0,0.0,1,1,1.0,1.141238565787646,3.0,0.0,0.0,0.0,0.0
212,848.0,1,57515,0.057515,10398,1.0398,470,470,64,173300,173300.0,1.0,0.0,1,1,1.0,1.141238565787646,3.0,0.0,0.0,0.0,0.0
213,852.0,1,57515,0.057515,10398,1.0398,470,470,64,173300,173300.0,1.0,0.0,1,1,1.0,1.141238565787646,3.0,0.0,0.0,0.0,0.0
214,856.0,1,57515,0.057515,10398,1.0398,470,470,64,173300,173300.0,1.0,0.0,1,1,1.0,1.141238565787646,3.0,0.0,0.0,0.0,0.0
215,860.0,1,57515,0.057515,10398,1.0398,470,470,64,173300,173300.0,1.0,0.0,1,1,1.0,1.141238565787646,3.0,0.0,0.0,0.0,0.0
216,864.0,1,57515,0.057515,10398,1.0398,470,470,64,173300,173300.0,1.0,0.0,1,1,1.0,1.141238565787646,3.0,0.0,0.0,0.0,0.0
217,868.0,1,57515,0.057515,10398,1.0398,470,470,64,173300,173300.0,1.0,0.0,1,1,1.0,1.141238565787646,3.0,0.0,0.0,0.0,0.0
218,872.0,1,57515,0.057515,10398,1.0398,470,470,64,173300,173300.0,1.0,0.0,1,1,1.0,1.141238565787646,3.0,0.0,0.0,0.0,0.0
219,876.0,1,57515,0.057515,10398,1.0398,470,470,64,173300,173300.0,1.0,0.0,1,1,1.0,1.141238565787646,3.0,0.0,0.0,0.0,0.0
220,880.0,1,57515,0.057515,10398,1.0398,470,470,64,173300,173300.0,1.0,0.0,1,1,1.0,1.141238565787646,3.0,0.0,0.0,0.0,0.0
221,884.0,1,57515,0.057515,10398,1.0398,470,470,64,173300,173300.0,1.0,0.0,1,1,1.0,1.141238565787646,3.0,0.0,0.0,0.0,0.0
222,888.0,1,57515,0.057515,10398,1.0398,470,470,64,173300,173300.0,1.0,0.0,1,1,1.0,1.141238565787646,3.0,0.0,0.0,0.0,0.0
223,892.0,1,57515,0.057515,10398,1.0398,470,470,64,173300,173300.0,1.0,0.0,1,1,1.0,1.141238565787646,3.0,0.0,0.0,0.0,0.0
224,896.0,1,57515,0.057515,10398,1.0398,470,470,64,173300,173300.0,1.0,0.0,1,1,1.0,1.141238565787646,3.0,0.0,0.0,0.0,0.0
225,900.0,1,57515,0.057515,10398,1.0398,470,470,64,173300,173300.0,1.0,0.0,1,1,1.0,1.141238565787646,3.0,0.0,0.0,0.0,0.0
226,904.0,1,57515,0.057515,10398,1.0398,470,470,64,173300,173300.0,1.0,0.0,1,1,1.0,1.141238565787646,3.0,0.0,0.0,0.0,0.0
227,908.0,1,57515,0.057515,10398,1.0398,470,470,64,173300,173300.0,1.0,0.0,1,1,1.0,1.141238565787646,3.0,0.0,0.0,0.0,0.0
228,912.0,1,57515,0.057515,10398,1.0398,470,470,64,173300,173300.0,1.0,0.0,1,1,1.0,1.141238565787646,3.0,0.0,0.0,0.0,0.0
229,916.0,1,57515,0.057515,10398,1.0398,470,470,64,173300,173300.0,1.0,0.0,1,1,1.0,1.141238565787646,3.0,0.0,0.0,0.0,0.0
230,920.0,1,57515,0.057515,10398,1.0398,470,470,64,173300,173300.0,1.0,0.0,1,1,1.0,1.141238565787646,3.0,0.0,0.0,0.0,0.0
231,924.0,1,57515,0.057515,10398,1.0398,470,470,64,173300,173300.0,1.0,0.0,1,1,1.0,1.141238565787646,3.0,0.0,0.0,0.0,0.0
232,928.0,1,57515,0.057515,10398,1.0398,470,470,64,173300,173300.0,1.0,0.0,1,1,1.0,1.141238565787646,3.0,0.0,0.0,0.0,0.0
233,932.0,1,57515,0.057515,10398,1.0398,470,470,64,173300,173300.0,1.0,0.0,1,1,1.0,1.141238565787646,3.0,0.0,0.0,0.0,0.0
234,936.0,1,57515,0.057515,10398,1.0398,470,470,64,173300,173300.0,1.0,0.0,1,1,1.0,1.141238565787646,3.0,0.0,0.0,0.0,0.0
235,940.0,1,57515,0.057515,10398,1.0398,470,470,64,173300,173300.0,1.0,0.0,1,1,1.0,1.141238565787646,3.0,0.0,0.0,0.0,0.0
236,944.0,1,57515,0.057515,10398,1.0398,470,470,64,173300,173300.0,1.0,0.0,1,1,1.0,1.141238565787646,3.0,0.0,0.0,0.0,0.0
237,948.0,1,57515,0.057515,10398,1.0398,470,470,64,173300,173300.0,1.0,0.0,1,1,1.0,1.141238565787646,3.0,0.0,0.0,0.0,0.0
238,952.0,1,57515,0.057515,10398,1.0398,470,470,64,173300,173300.0,1.0,0.0,1,1,1.0,1.141238565787646,3.0,0.0,0.0,0.0,0.0
239,956.0,1,57515,0.057515,10398,1.0398,470,470,64,173300,173300.0,1.0,0.0,1,1,1.0,1.141238565787646,3.0,0.0,0.0,0.0,0.0
240,960.0,1,57515,0.057515,10398,1.0398,470,470,64,173300,173300.0,1.0,0.0,1,1,1.0,1.141238565787646,3.0,0.0,0.0,0.0,0.0
241,964.0,1,57515,0.057515,10398,1.0398,470,470,64,173300,173300.0,1.0,0.0,1,1,1.0,1.141238565787646,3.0,0.0,0.0,0.0,0.0
242,968.0,1,57515,0.057515,10398,1.0398,470,470,64,173300,173300.0,1.0,0.0,1,1,1.0,1.141238565787646,3.0,0.0,0.0,0.0,0.0
243,972.0,1,57515,0.057515,10398,1.0398,470,470,64,173300,173300.0,1.0,0.0,1,1,1.0,1.141238565787646,3.0,0.0,0.0,0.0,0.0
244,976.0,1,57515,0.057515,10398,1.0398,470,470,64,173300,173300.0,1.0,0.0,1,1,1.0,1.141238565787646,3.0,0.0,0.0,0.0,0.0
245,980.0,1,57515,0.057515,10398,1.0398,470,470,64,173300,173300.0,1.0,0.0,1,1,1.0,1.141238565787646,3.0,0.0,0.0,0.0,0.0
246,984.0,1,57515,0.057515,10398,1.0398,470,470,64,173300,173300.0,1.0,0.0,1,1,1.0,1.141238565787646,3.0,0.0,0.0,0.0,0.0
247,988.0,1,57515,0.057515,10398,1.0398,470,470,64,173300,173300.0,1.0,0.0,1,1,1.0,1.141238565787646,3.0,0.0,0.0,0.0,0.0
248,992.0,1,57515,0.057515,10398,1.0398,470,470,64,173300,173300.0,1.0,0.0,1,1,1.0,1.141238565787646,3.0,0.0,0.0,0.0,0.0
249,996.0,1,57515,0.057515,10398,1.0398,470,470,64,173300,173300.0,1.0,0.0,1,1,1.0,1.141238565787646,3.0,0.0,0.0,0.0,0.0
250,1000.0,1,57515,0.057515,10398,1.0398,470,470,64,173300,173300.0,1.0,0.0,1,1,1.0,1.141238565787646,3.0,0.0,0.0,0.0,0.0
251,1004.0,1,57515,0.057515,10398,1.0398,470,470,64,173300,173300.0,1.0,0.0,1,1,1.0,1.141238565787646,3.0,0.0,0.0,0.0,0.0
252,1008.0,1,57515,0.057515,10398,1.0398,470,470,64,173300,173300.0,1.0,0.0,1,1,1.0,1.141238565787646,3.0,0.0,0.0,0.0,0.0
253,1012.0,1,57515,0.057515,10398,1.0398,470,470,64,173300,173300.0,1.0,0.0,1,1,1.0,1.141238565787646,3.0,0.0,0.0,0.0,0.0
254,1016.0,1,57515,0.057515,10398,1.0398,470,470,64,173300,173300.0,1.0,0.0,1,1,1.0,1.141238565787646,3.0,0.0,0.0,0.0,0.0
255,1020.0,1,57515,0.057515,10398,1.0398,470,470,64,173300,173300.0,1.0,0.0,1,1,1.0,1.141238565787646,3.0,0.0,0.0,0.0,0.0
256,1024.0,1,57515,0.057515,10398,1.0398,470,470,64,173300,173300.0,1.0,0.0,1,1,1.0,1.141238565787646,3.0,0.0,0.0,0.0,0.0
257,1028.0,1,57515,0.057515,10398,1.0398,470,470,64,173300,173300.0,1.0,0.0,1,1,1.0,1.141238565787646,3.0,0.0,0.0,0.0,0.0
258,1032.0,1,57515,0.057515,10398,1.0398,470,470,64,173300,173300.0,1.0,0.0,1,1,1.0,1.141238565787646,3.0,0.0,0.0,0.0,0.0
259,1036.0,1,57515,0.057515,10398,1.0398,470,470,64,173300,173300.0,1.0,0.0,1,1,1.0,1.141238565787646,3.0,0.0,0.0,0.0,0.0
260,1040.0,1,57515,0.057515,10398,1.0398,470,470,64,173300,173300.0,1.0,0.0,1,1,1.0,1.141238565787646,3.0,0.0,0.0,0.0,0.0
261,1044.0,1,57515,0.057515,10398,1.0398,470,470,64,173300,173300.0,1.0,0.0,1,1,1.0,1.141238565787646,3.0,0.0,0.0,0.0,0.0
262,1048.0,1,57515,0.057515,10398,1.0398,470,470,64,173300,173300.0,1.0,0.0,1,1,1.0,1.141238565787646,3.0,0.0,0.0,0.0,0.0
263,1052.0,1,57515,0.057515,10398,1.0398,470,470,64,173300,173300.0,1.0,0.0,1,1,1.0,1.141238565787646,3.0,0.0,0.0,0.0,0.0
264,1056.0,1,57515,0.057515,10398,1.0398,470,470,64,173300,173300.0,1.0,0.0,1,1,1.0,1.141238565787646,3.0,0.0,0.0,0.0,0.0
265,1060.0,1,57515,0.057515,10398,1.0398,470,470,64,173300,173300.0,1.0,0.0,1,1,1.0,1.141238565787646,3.0,0.0,0.0,0.0,0.0
266,1064.0,1,57515,0.057515,10398,1.0398,470,470,64,173300,173300.0,1.0,0.0,1,1,1.0,1.141238565787646,3.0,0.0,0.0,0.0,0.0
267,1068.0,1,57515,0.057515,10398,1.0398,470,470,64,173300,173300.0,1.0,0.0,1,1,1.0,1.141238565787646,3.0,0.0,0.0,0.0,0.0
268,1072.0,1,57515,0.057515,10398,1.0398,470,470,64,173300,173300.0,1.0,0.0,1,1,1.0,1.141238565787646,3.0,0.0,0.0,0.0,0.0
269,1076.0,1,57515,0.057515,10398,1.0398,470,470,64,173300,173300.0,1.0,0.0,1,1,1.0,1.141238565787646,3.0,0.0,0.0,0.0,0.0
270,1080.0,1,57515,0.057515,10398,1.0398,470,470,64,173300,173300.0,1.0,0.0,1,1,1.0,1.141238565787646,3.0,0.0,0.0,0.0,0.0
271,1084.0,1,57515,0.057515,10398,1.0398,470,470,64,173300,173300.0,1.0,0.0,1,1,1.0,1.141238565787646,3.0,0.0,0.0,0.0,0.0
272,1088.0,1,57515,0.057515,10398,1.0398,470,470,64,173300,173300.0,1.0,0.0,1,1,1.0,1.141238565787646,3.0,0.0,0.0,0.0,0.0
273,1092.0,1,57515,0.057515,10398,1.0398,470,470,64,173300,173300.0,1.0,0.0,1,1,1.0,1.141238565787646,3.0,0.0,0.0,0.0,0.0
274,1096.0,1,57515,0.057515,10398,1.0398,470,470,64,173300,173300.0,1.0,0.0,1,1,1.0,1.141238565787646,3.0,0.0,0.0,0.0,0.0
275,1100.0,1,57515,0.057515,10398,1.0398,470,470,64,173300,173300.0,1.0,0.0,1,1,1.0,1.141238565787646,3.0,0.0,0.0,0.0,0.0
276,1104.0,1,57515,0.057515,10398,1.0398,470,470,64,173300,173300.0,1.0,0.0,1,1,1.0,1.141238565787646,3.0,0.0,0.0,0.0,0.0
277,1108.0,1,57515,0.057515,10398,1.0398,470,470,64,173300,173300.0,1.0,0.0,1,1,1.0,1.141238565787646,3.0,0.0,0.0,0.0,0.0
278,1112.0,1,57515,0.057515,10398,1.0398,470,470,64,173300,173300.0,1.0,0.0,1,1,1.0,1.141238565787646,3.0,0.0,0.0,0.0,0.0
279,1116.0,1,57515,0.057515,10398,1.0398,470,470,64,173300,173300.0,1.0,0.0,1,1,1.0,1.141238565787646,3.0,0.0,0.0,0.0,0.0
280,1120.0,1,57515,0.057515,10398,1.0398,470,470,64,173300,173300.0,1.0,0.0,1,1,1.0,1.141238565787646,3.0,0.0,0.0,0.0,0.0
281,1124.0,1,57515,0.057515,10398,1.0398,470,470,64,173300,173300.0,1.0,0.0,1,1,1.0,1.141238565787646,3.0,0.0,0.0,0.0,0.0
282,1128.0,1,57515,0.057515,10398,1.0398,470,470,64,173300,173300.0,1.0,0.0,1,1,1.0,1.141238565787646,3.0,0.0,0.0,0.0,0.0
283,1132.0,1,57515,0.057515,10398,1.0398,470,470,64,173300,173300.0,1.0,0.0,1,1,1.0,1.141238565787646,3.0,0.0,0.0,0.0,0.0
284,1136.0,1,57515,0.057515,10398,1.0398,470,470,64,173300,173300.0,1.0,0.0,1,1,1.0,1.141238565787646,3.0,0.0,0.0,0.0,0.0
285,1140.0,1,57515,0.057515,10398,1.0398,470,470,64,173300,173300.0,1.0,0.0,1,1,1.0,1.141238565787646,3.0,0.0,0.0,0.0,0.0
286,1144.0,1,57515,0.057515,10398,1.0398,470,470,64,173300,173300.0,1.0,0.0,1,1,1.0,1.141238565787646,3.0,0.0,0.0,0.0,0.0
287,1148.0,1,57515,0.057515,10398,1.0398,470,470,64,173300,173300.0,1.0,0.0,1,1,1.0,1.141238565787646,3.0,0.0,0.0,0.0,0.0
288,1152.0,1,57515,0.057515,10398,1.0398,470,470,64,173300,173300.0,1.0,0.0,1,1,1.0,1.141238565787646,3.0,0.0,0.0,0.0,0.0
289,1156.0,1,57515,0.057515,10398,1.0398,470,470,64,173300,173300.0,1.0,0.0,1,1,1.0,1.141238565787646,3.0,0.0,0.0,0.0,0.0
290,1160.0,1,57515,0.057515,10398,1.0398,470,470,64,173300,173300.0,1.0,0.0,1,1,1.0,1.141238565787646,3.0,0.0,0.0,0.0,0.0
291,1164.0,1,57515,0.057515,10398,1.0398,470,470,64,173300,173300.0,1.0,0.0,1,1,1.0,1.141238565787646,3.0,0.0,0.0,0.0,0.0
292,1168.0,1,57515,0.057515,10398,1.0398,470,470,64,173300,173300.0,1.0,0.0,1,1,1.0,1.141238565787646,3.0,0.0,0.0,0.0,0.0
293,1172.0,1,57515,0.057515,10398,1.0398,470,470,64,173300,173300.0,1.0,0.0,1,1,1.0,1.141238565787646,3.0,0.0,0.0,0.0,0.0
294,1176.0,1,57515,0.057515,10398,1.0398,470,470,64,173300,173300.0,1.0,0.0,1,1,1.0,1.141238565787646,3.0,0.0,0.0,0.0,0.0
295,1180.0,1,57515,0.057515,10398,1.0398,470,470,64,173300,173300.0,1.0,0.0,1,1,1.0,1.141238565787646,3.0,0.0,0.0,0.0,0.0
296,1184.0,1,57515,0.057515,10398,1.0398,470,470,64,173300,173300.0,1.0,0.0,1,1,1.0,1.141238565787646,3.0,0.0,0.0,0.0,0.0
297,1188.0,1,57515,0.057515,10398,1.0398,470,470,64,173300,173300.0,1.0,0.0,1,1,1.0,1.141238565787646,3.0,0.0,0.0,0.0,0.0
298,1192.0,1,57515,0.057515,10398,1.0398,470,470,64,173300,173300.0,1.0,0.0,1,1,1.0,1.141238565787646,3.0,0.0,0.0,0.0,0.0
299,1196.0,1,57515,0.057515,10398,1.0398,470,470,64,173300,173300.0,1.0,0.0,1,1,1.0,1.141238565787646,3.0,0.0,0.0,0.0,0.0
300,1200.0,1,57515,0.057515,10398,1.0398,470,470,64,173300,173300.0,1.0,0.0,1,1,1.0,1.141238565787646,3.0,0.0,0.0,0.0,0.0
301,1204.0,1,57515,0.057515,10398,1.0398,470,470,64,173300,173300.0,1.0,0.0,1,1,1.0,1.141238565787646,3.0,0.0,0.0,0.0,0.0
302,1208.0,1,57515,0.057515,10398,1.0398,470,470,64,173300,173300.0,1.0,0.0,1,1,1.0,1.141238565787646,3.0,0.0,0.0,0.0,0.0
303,1212.0,1,57515,0.057515,10398,1.0398,470,470,64,173300,173300.0,1.0,0.0,1,1,1.0,1.141238565787646,3.0,0.0,0.0,0.0,0.0
304,1216.0,1,57515,0.057515,10398,1.0398,470,470,64,173300,173300.0,1.0,0.0,1,1,1.0,1.141238565787646,3.0,0.0,0.0,0.0,0.0
305,1220.0,1,57515,0.057515,10398,1.0398,470,470,64,173300,173300.0,1.0,0.0,1,1,1.0,1.141238565787646,3.0,0.0,0.0,0.0,0.0
306,1224.0,1,57515,0.057515,10398,1.0398,470,470,64,173300,173300.0,1.0,0.0,1,1,1.0,1.141238565787646,3.0,0.0,0.0,0.0,0.0
307,1228.0,1,57515,0.057515,10398,1.0398,470,470,64,173300,173300.0,1.0,0.0,1,1,1.0,1.141238565787646,3.0,0.0,0.0,0.0,0.0
308,1232.0,1,57515,0.057515,10398,1.0398,470,470,64,173300,173300.0,1.0,0.0,1,1,1.0,1.141238565787646,3.0,0.0,0.0,0.0,0.0
309,1236.0,1,57515,0.057515,10398,1.0398,470,470,64,173300,173300.0,1.0,0.0,1,1,1.0,1.141238565787646,3.0,0.0,0.0,0.0,0.0
310,1240.0,1,57515,0.057515,10398,1.0398,470,470,64,173300,173300.0,1.0,0.0,1,1,1.0,1.141238565787646,3.0,0.0,0.0,0.0,0.0
311,1244.0,1,57515,0.057515,10398,1.0398,470,470,64,173300,173300.0,1.0,0.0,1,1,1.0,1.141238565787646,3.0,0.0,0.0,0.0,0.0
312,1248.0,1,57515,0.057515,10398,1.0398,470,470,64,173300,173300.0,1.0,0.0,1,1,1.0,1.141238565787646,3.0,0.0,0.0,0.0,0.0
313,1252.0,1,57515,0.057515,10398,1.0398,470,470,64,173300,173300.0,1.0,0.0,1,1,1.0,1.141238565787646,3.0,0.0,0.0,0.0,0.0
314,1256.0,1,57515,0.057515,10398,1.0398,470,470,64,173300,173300.0,1.0,0.0,1,1,1.0,1.141238565787646,3.0,0.0,0.0,0.0,0.0
315,1260.0,1,57515,0.057515,10398,1.0398,470,470,64,173300,173300.0,1.0,0.0,1,1,1.0,1.141238565787646,3.0,0.0,0.0,0.0,0.0
316,1264.0,1,57515,0.057515,10398,1.0398,470,470,64,173300,173300.0,1.0,0.0,1,1,1.0,1.141238565787646,3.0,0.0,0.0,0.0,0.0
317,1268.0,1,57515,0.057515,10398,1.0398,470,470,64,173300,173300.0,1.0,0.0,1,1,1.0,1.141238565787646,3.0,0.0,0.0,0.0,0.0
318,1272.0,1,57515,0.057515,10398,1.0398,470,470,64,173300,173300.0,1.0,0.0,1,1,1.0,1.141238565787646,3.0,0.0,0.0,0.0,0.0
319,1276.0,1,57515,0.057515,10398,1.0398,470,470,64,173300,173300.0,1.0,0.0,1,1,1.0,1.141238565787646,3.0,0.0,0.0,0.0,0.0
320,1280.0,1,57515,0.057515,10398,1.0398,470,470,64,173300,173300.0,1.0,0.0,1,1,1.0,1.141238565787646,3.0,0.0,0.0,0.0,0.0
321,1284.0,1,57515,0.057515,10398,1.0398,470,470,64,173300,173300.0,1.0,0.0,1,1,1.0,1.141238565787646,3.0,0.0,0.0,0.0,0.0
322,1288.0,1,57515,0.057515,10398,1.0398,470,470,64,173300,173300.0,1.0,0.0,1,1,1.0,1.141238565787646,3.0,0.0,0.0,0.0,0.0
323,1292.0,1,57515,0.057515,10398,1.0398,470,470,64,173300,173300.0,1.0,0.0,1,1,1.0,1.141238565787646,3.0,0.0,0.0,0.0,0.0
324,1296.0,1,57515,0.057515,10398,1.0398,470,470,64,173300,173300.0,1.0,0.0,1,1,1.0,1.141238565787646,3.0,0.0,0.0,0.0,0.0
325,1300.0,1,57515,0.057515,10398,1.0398,470,470,64,173300,173300.0,1.0,0.0,1,1,1.0,1.141238565787646,3.0,0.0,0.0,0.0,0.0
326,1304.0,1,57515,0.057515,10398,1.0398,470,470,64,173300,173300.0,1.0,0.0,1,1,1.0,1.141238565787646,3.0,0.0,0.0,0.0,0.0
327,1308.0,1,57515,0.057515,10398,1.0398,470,470,64,173300,173300.0,1.0,0.0,1,1,1.0,1.141238565787646,3.0,0.0,0.0,0.0,0.0
328,1312.0,1,57515,0.057515,10398,1.0398,470,470,64,173300,173300.0,1.0,0.0,1,1,1.0,1.141238565787646,3.0,0.0,0.0,0.0,0.0
329,1316.0,1,57515,0.057515,10398,1.0398,470,470,64,173300,173300.0,1.0,0.0,1,1,1.0,1.141238565787646,3.0,0.0,0.0,0.0,0.0
330,1320.0,1,57515,0.057515,10398,1.0398,470,470,64,173300,173300.0,1.0,0.0,1,1,1.0,1.141238565787646,3.0,0.0,0.0,0.0,0.0
331,1324.0,1,57515,0.057515,10398,1.0398,470,470,64,173300,173300.0,1.0,0.0,1,1,1.0,1.141238565787646,3.0,0.0,0.0,0.0,0.0
332,1328.0,1,57515,0.057515,10398,1.0398,470,470,64,173300,173300.0,1.0,0.0,1,1,1.0,1.141238565787646,3.0,0.0,0.0,0.0,0.0
333,1332.0,1,57515,0.057515,10398,1.0398,470,470,64,173300,173300.0,1.0,0.0,1,1,1.0,1.141238565787646,3.0,0.0,0.0,0.0,0.0
334,1336.0,1,57515,0.057515,10398,1.0398,470,470,64,173300,173300.0,1.0,0.0,1,1,1.0,1.141238565787646,3.0,0.0,0.0,0.0,0.0
335,1340.0,1,57515,0.057515,10398,1.0398,470,470,64,173300,173300.0,1.0,0.0,1,1,1.0,1.141238565787646,3.0,0.0,0.0,0.0,0.0
336,1344.0,1,57515,0.057515,10398,1.0398,470,470,64,173300,173300.0,1.0,0.0,1,1,1.0,1.141238565787646,3.0,0.0,0.0,0.0,0.0
337,1348.0,1,57515,0.057515,10398,1.0398,470,470,64,173300,173300.0,1.0,0.0,1,1,1.0,1.141238565787646,3.0,0.0,0.0,0.0,0.0
338,1352.0,1,57515,0.057515,10398,1.0398,470,470,64,173300,173300.0,1.0,0.0,1,1,1.0,1.141238565787646,3.0,0.0,0.0,0.0,0.0
339,1356.0,1,57515,0.057515,10398,1.0398,470,470,64,173300,173300.0,1.0,0.0,1,1,1.0,1.141238565787646,3.0,0.0,0.0,0.0,0.0
340,1360.0,1,57515,0.057515,10398,1.0398,470,470,64,173300,173300.0,1.0,0.0,1,1,1.0,1.141238565787646,3.0,0.0,0.0,0.0,0.0
341,1364.0,1,57515,0.057515,10398,1.0398,470,470,64,173300,173300.0,1.0,0.0,1,1,1.0,1.141238565787646,3.0,0.0,0.0,0.0,0.0
342,1368.0,1,57515,0.057515,10398,1.0398,470,470,64,173300,173300.0,1.0,0.0,1,1,1.0,1.141238565787646,3.0,0.0,0.0,0.0,0.0
343,1372.0,1,57515,0.057515,10398,1.0398,470,470,64,173300,173300.0,1.0,0.0,1,1,1.0,1.141238565787646,3.0,0.0,0.0,0.0,0.0
344,1376.0,1,57515,0.057515,10398,1.0398,470,470,64,173300,173300.0,1.0,0.0,1,1,1.0,1.141238565787646,3.0,0.0,0.0,0.0,0.0
345,1380.0,1,57515,0.057515,10398,1.0398,470,470,64,173300,173300.0,1.0,0.0,1,1,1.0,1.141238565787646,3.0,0.0,0.0,0.0,0.0
346,1384.0,1,57515,0.057515,10398,1.0398,470,470,64,173300,173300.0,1.0,0.0,1,1,1.0,1.141238565787646,3.0,0.0,0.0,0.0,0.0
347,1388.0,1,57515,0.057515,10398,1.0398,470,470,64,173300,173300.0,1.0,0.0,1,1,1.0,1.141238565787646,3.0,0.0,0.0,0.0,0.0
348,1392.0,1,57515,0.057515,10398,1.0398,470,470,64,173300,173300.0,1.0,0.0,1,1,1.0,1.141238565787646,3.0,0.0,0.0,0.0,0.0
349,1396.0,1,57515,0.057515,10398,1.0398,470,470,64,173300,173300.0,1.0,0.0,1,1,1.0,1.141238565787646,3.0,0.0,0.0,0.0,0.0
350,1400.0,1,57515,0.057515,10398,1.0398,470,470,64,173300,173300.0,1.0,0.0,1,1,1.0,1.141238565787646,3.0,0.0,0.0,0.0,0.0
351,1404.0,1,57515,0.057515,10398,1.0398,470,470,64,173300,173300.0,1.0,0.0,1,1,1.0,1.141238565787646,3.0,0.0,0.0,0.0,0.0
352,1408.0,1,57515,0.057515,10398,1.0398,470,470,64,173300,173300.0,1.0,0.0,1,1,1.0,1.141238565787646,3.0,0.0,0.0,0.0,0.0
353,1412.0,1,57515,0.057515,10398,1.0398,470,470,64,173300,173300.0,1.0,0.0,1,1,1.0,1.141238565787646,3.0,0.0,0.0,0.0,0.0
354,1416.0,1,57515,0.057515,10398,1.0398,470,470,64,173300,173300.0,1.0,0.0,1,1,1.0,1.141238565787646,3.0,0.0,0.0,0.0,0.0
355,1420.0,1,57515,0.057515,10398,1.0398,470,470,64,173300,173300.0,1.0,0.0,1,1,1.0,1.141238565787646,3.0,0.0,0.0,0.0,0.0
356,1424.0,1,57515,0.057515,10398,1.0398,470,470,64,173300,173300.0,1.0,0.0,1,1,1.0,1.141238565787646,3.0,0.0,0.0,0.0,0.0
357,1428.0,1,57515,0.057515,10398,1.0398,470,470,64,173300,173300.0,1.0,0.0,1,1,1.0,1.141238565787646,3.0,0.0,0.0,0.0,0.0
358,1432.0,1,57515,0.057515,10398,1.0398,470,470,64,173300,173300.0,1.0,0.0,1,1,1.0,1.141238565787646,3.0,0.0,0.0,0.0,0.0
359,1436.0,1,57515,0.057515,10398,1.0398,470,470,64,173300,173300.0,1.0,0.0,1,1,1.0,1.141238565787646,3.0,0.0,0.0,0.0,0.0
360,1440.0,1,57515,0.057515,10398,1.0398,470,470,64,173300,173300.0,1.0,0.0,1,1,1.0,1.141238565787646,3.0,0.0,0.0,0.0,0.0
361,1444.0,1,57515,0.057515,10398,1.0398,470,470,64,173300,173300.0,1.0,0.0,1,1,1.0,1.141238565787646,3.0,0.0,0.0,0.0,0.0
362,1448.0,1,57515,0.057515,10398,1.0398,470,470,64,173300,173300.0,1.0,0.0,1,1,1.0,1.141238565787646,3.0,0.0,0.0,0.0,0.0
363,1452.0,1,57515,0.057515,10398,1.0398,470,470,64,173300,173300.0,1.0,0.0,1,1,1.0,1.141238565787646,3.0,0.0,0.0,0.0,0.0
364,1456.0,1,57515,0.057515,10398,1.0398,470,470,64,173300,173300.0,1.0,0.0,1,1,1.0,1.141238565787646,3.0,0.0,0.0,0.0,0.0
365,1460.0,1,57515,0.057515,10398,1.0398,470,470,64,173300,173300.0,1.0,0.0,1,1,1.0,1.141238565787646,3.0,0.0,0.0,0.0,0.0
366,1464.0,1,57515,0.057515,10398,1.0398,470,470,64,173300,173300.0,1.0,0.0,1,1,1.0,1.141238565787646,3.0,0.0,0.0,0.0,0.0
367,1468.0,1,57515,0.057515,10398,1.0398,470,470,64,173300,173300.0,1.0,0.0,1,1,1.0,1.141238565787646,3.0,0.0,0.0,0.0,0.0
368,1472.0,1,57515,0.057515,10398,1.0398,470,470,64,173300,173300.0,1.0,0.0,1,1,1.0,1.141238565787646,3.0,0.0,0.0,0.0,0.0
369,1476.0,1,57515,0.057515,10398,1.0398,470,470,64,173300,173300.0,1.0,0.0,1,1,1.0,1.141238565787646,3.0,0.0,0.0,0.0,0.0
370,1480.0,1,57515,0.057515,10398,1.0398,470,470,64,173300,173300.0,1.0,0.0,1,1,1.0,1.141238565787646,3.0,0.0,0.0,0.0,0.0
371,1484.0,1,57515,0.057515,10398,1.0398,470,470,64,173300,173300.0,1.0,0.0,1,1,1.0,1.141238565787646,3.0,0.0,0.0,0.0,0.0
372,1488.0,1,57515,0.057515,10398,1.0398,470,470,64,173300,173300.0,1.0,0.0,1,1,1.0,1.141238565787646,3.0,0.0,0.0,0.0,0.0
373,1492.0,1,57515,0.057515,10398,1.0398,470,470,64,173300,173300.0,1.0,0.0,1,1,1.0,1.141238565787646,3.0,0.0,0.0,0.0,0.0
374,1496.0,1,57515,0.057515,10398,1.0398,470,470,64,173300,173300.0,1.0,0.0,1,1,1.0,1.141238565787646,3.0,0.0,0.0,0.0,0.0
375,1500.0,1,57515,0.057515,10398,1.0398,470,470,64,173300,173300.0,1.0,0.0,1,1,1.0,1.141238565787646,3.0,0.0,0.0,0.0,0.0
376,1504.0,1,57515,0.057515,10398,1.0398,470,470,64,173300,173300.0,1.0,0.0,1,1,1.0,1.141238565787646,3.0,0.0,0.0,0.0,0.0
377,1508.0,1,57515,0.057515,10398,1.0398,470,470,64,173300,173300.0,1.0,0.0,1,1,1.0,1.141238565787646,3.0,0.0,0.0,0.0,0.0
378,1512.0,1,57515,0.057515,10398,1.0398,470,470,64,173300,173300.0,1.0,0.0,1,1,1.0,1.141238565787646,3.0,0.0,0.0,0.0,0.0
379,1516.0,1,57515,0.057515,10398,1.0398,470,470,64,173300,173300.0,1.0,0.0,1,1,1.0,1.141238565787646,3.0,0.0,0.0,0.0,0.0
380,1520.0,1,57515,0.057515,10398,1.0398,470,470,64,173300,173300.0,1.0,0.0,1,1,1.0,1.141238565787646,3.0,0.0,0.0,0.0,0.0
381,1524.0,1,57515,0.057515,10398,1.0398,470,470,64,173300,173300.0,1.0,0.0,1,1,1.0,1.141238565787646,3.0,0.0,0.0,0.0,0.0
382,1528.0,1,57515,0.057515,10398,1.0398,470,470,64,173300,173300.0,1.0,0.0,1,1,1.0,1.141238565787646,3.0,0.0,0.0,0.0,0.0
383,1532.0,1,57515,0.057515,10398,1.0398,470,470,64,173300,173300.0,1.0,0.0,1,1,1.0,1.141238565787646,3.0,0.0,0.0,0.0,0.0
384,1536.0,1,57515,0.057515,10398,1.0398,470,470,64,173300,173300.0,1.0,0.0,1,1,1.0,1.141238565787646,3.0,0.0,0.0,0.0,0.0
385,1540.0,1,57515,0.057515,10398,1.0398,470,470,64,173300,173300.0,1.0,0.0,1,1,1.0,1.141238565787646,3.0,0.0,0.0,0.0,0.0
386,1544.0,1,57515,0.057515,10398,1.0398,470,470,64,173300,173300.0,1.0,0.0,1,1,1.0,1.141238565787646,3.0,0.0,0.0,0.0,0.0
387,1548.0,1,57515,0.057515,10398,1.0398,470,470,64,173300,173300.0,1.0,0.0,1,1,1.0,1.141238565787646,3.0,0.0,0.0,0.0,0.0
388,1552.0,1,57515,0.057515,10398,1.0398,470,470,64,173300,173300.0,1.0,0.0,1,1,1.0,1.141238565787646,3.0,0.0,0.0,0.0,0.0
389,1556.0,1,57515,0.057515,10398,1.0398,470,470,64,173300,173300.0,1.0,0.0,1,1,1.0,1.141238565787646,3.0,0.0,0.0,0.0,0.0
390,1560.0,1,57515,0.057515,10398,1.0398,470,470,64,173300,173300.0,1.0,0.0,1,1,1.0,1.141238565787646,3.0,0.0,0.0,0.0,0.0
391,1564.0,1,57515,0.057515,10398,1.0398,470,470,64,173300,173300.0,1.0,0.0,1,1,1.0,1.141238565787646,3.0,0.0,0.0,0.0,0.0
392,1568.0,1,57515,0.057515,10398,1.0398,470,470,64,173300,173300.0,1.0,0.0,1,1,1.0,1.141238565787646,3.0,0.0,0.0,0.0,0.0
393,1572.0,1,57515,0.057515,10398,1.0398,470,470,64,173300,173300.0,1.0,0.0,1,1,1.0,1.141238565787646,3.0,0.0,0.0,0.0,0.0
394,1576.0,1,57515,0.057515,10398,1.0398,470,470,64,173300,173300.0,1.0,0.0,1,1,1.0,1.141238565787646,3.0,0.0,0.0,0.0,0.0
395,1580.0,1,57515,0.057515,10398,1.0398,470,470,64,173300,173300.0,1.0,0.0,1,1,1.0,1.141238565787646,3.0,0.0,0.0,0.0,0.0
396,1584.0,1,57515,0.057515,10398,1.0398,470,470,64,173300,173300.0,1.0,0.0,1,1,1.0,1.141238565787646,3.0,0.0,0.0,0.0,0.0
397,1588.0,1,57515,0.057515,10398,1.0398,470,470,64,173300,173300.0,1.0,0.0,1,1,1.0,1.141238565787646,3.0,0.0,0.0,0.0,0.0
398,1592.0,1,57515,0.057515,10398,1.0398,470,470,64,173300,173300.0,1.0,0.0,1,1,1.0,1.141238565787646,3.0,0.0,0.0,0.0,0.0
399,1596.0,1,57515,0.057515,10398,1.0398,470,470,64,173300,173300.0,1.0,0.0,1,1,1.0,1.141238565787646,3.0,0.0,0.0,0.0,0.0
400,1600.0,1,57515,0.057515,10398,1.0398,470,470,64,173300,173300.0,1.0,0.0,1,1,1.0,1.141238565787646,3.0,0.0,0.0,0.0,0.0
401,1604.0,1,57515,0.057515,10398,1.0398,470,470,64,173300,173300.0,1.0,0.0,1,1,1.0,1.141238565787646,3.0,0.0,0.0,0.0,0.0
402,1608.0,1,57515,0.057515,10398,1.0398,470,470,64,173300,173300.0,1.0,0.0,1,1,1.0,1.141238565787646,3.0,0.0,0.0,0.0,0.0
403,1612.0,1,57515,0.057515,10398,1.0398,470,470,64,173300,173300.0,1.0,0.0,1,1,1.0,1.141238565787646,3.0,0.0,0.0,0.0,0.0
404,1616.0,1,57515,0.057515,10398,1.0398,470,470,64,173300,173300.0,1.0,0.0,1,1,1.0,1.141238565787646,3.0,0.0,0.0,0.0,0.0
405,1620.0,1,57515,0.057515,10398,1.0398,470,470,64,173300,173300.0,1.0,0.0,1,1,1.0,1.141238565787646,3.0,0.0,0.0,0.0,0.0
406,1624.0,1,57515,0.057515,10398,1.0398,470,470,64,173300,173300.0,1.0,0.0,1,1,1.0,1.141238565787646,3.0,0.0,0.0,0.0,0.0
407,1628.0,1,57515,0.057515,10398,1.0398,470,470,64,173300,173300.0,1.0,0.0,1,1,1.0,1.141238565787646,3.0,0.0,0.0,0.0,0.0
408,1632.0,1,57515,0.057515,10398,1.0398,470,470,64,173300,173300.0,1.0,0.0,1,1,1.0,1.141238565787646,3.0,0.0,0.0,0.0,0.0
409,1636.0,1,57515,0.057515,10398,1.0398,470,470,64,173300,173300.0,1.0,0.0,1,1,1.0,1.141238565787646,3.0,0.0,0.0,0.0,0.0
410,1640.0,1,57515,0.057515,10398,1.0398,470,470,64,173300,173300.0,1.0,0.0,1,1,1.0,1.141238565787646,3.0,0.0,0.0,0.0,0.0
411,1644.0,1,57515,0.057515,10398,1.0398,470,470,64,173300,173300.0,1.0,0.0,1,1,1.0,1.141238565787646,3.0,0.0,0.0,0.0,0.0
412,1648.0,1,57515,0.057515,10398,1.0398,470,470,64,173300,173300.0,1.0,0.0,1,1,1.0,1.141238565787646,3.0,0.0,0.0,0.0,0.0
413,1652.0,1,57515,0.057515,10398,1.0398,470,470,64,173300,173300.0,1.0,0.0,1,1,1.0,1.141238565787646,3.0,0.0,0.0,0.0,0.0
414,1656.0,1,57515,0.057515,10398,1.0398,470,470,64,173300,173300.0,1.0,0.0,1,1,1.0,1.141238565787646,3.0,0.0,0.0,0.0,0.0
415,1660.0,1,57515,0.057515,10398,1.0398,470,470,64,173300,173300.0,1.0,0.0,1,1,1.0,1.141238565787646,3.0,0.0,0.0,0.0,0.0
416,1664.0,1,57515,0.057515,10398,1.0398,470,470,64,173300,173300.0,1.0,0.0,1,1,1.0,1.141238565787646,3.0,0.0,0.0,0.0,0.0
417,1668.0,1,57515,0.057515,10398,1.0398,470,470,64,173300,173300.0,1.0,0.0,1,1,1.0,1.141238565787646,3.0,0.0,0.0,0.0,0.0
418,1672.0,1,57515,0.057515,10398,1.0398,470,470,64,173300,173300.0,1.0,0.0,1,1,1.0,1.141238565787646,3.0,0.0,0.0,0.0,0.0
419,1676.0,1,57515,0.057515,10398,1.0398,470,470,64,173300,173300.0,1.0,0.0,1,1,1.0,1.141238565787646,3.0,0.0,0.0,0.0,0.0
420,1680.0,1,57515,0.057515,10398,1.0398,470,470,64,173300,173300.0,1.0,0.0,1,1,1.0,1.141238565787646,3.0,0.0,0.0,0.0,0.0
421,1684.0,1,57515,0.057515,10398,1.0398,470,470,64,173300,173300.0,1.0,0.0,1,1,1.0,1.141238565787646,3.0,0.0,0.0,0.0,0.0
422,1688.0,1,57515,0.057515,10398,1.0398,470,470,64,173300,173300.0,1.0,0.0,1,1,1.0,1.141238565787646,3.0,0.0,0.0,0.0,0.0
423,1692.0,1,57515,0.057515,10398,1.0398,470,470,64,173300,173300.0,1.0,0.0,1,1,1.0,1.141238565787646,3.0,0.0,0.0,0.0,0.0
424,1696.0,1,57515,0.057515,10398,1.0398,470,470,64,173300,173300.0,1.0,0.0,1,1,1.0,1.141238565787646,3.0,0.0,0.0,0.0,0.0
425,1700.0,1,57515,0.057515,10398,1.0398,470,470,64,173300,173300.0,1.0,0.0,1,1,1.0,1.141238565787646,3.0,0.0,0.0,0.0,0.0
426,1704.0,1,57515,0.057515,10398,1.0398,470,470,64,173300,173300.0,1.0,0.0,1,1,1.0,1.141238565787646,3.0,0.0,0.0,0.0,0.0
427,1708.0,1,57515,0.057515,10398,1.0398,470,470,64,173300,173300.0,1.0,0.0,1,1,1.0,1.141238565787646,3.0,0.0,0.0,0.0,0.0
428,1712.0,1,57515,0.057515,10398,1.0398,470,470,64,173300,173300.0,1.0,0.0,1,1,1.0,1.141238565787646,3.0,0.0,0.0,0.0,0.0
429,1716.0,1,57515,0.057515,10398,1.0398,470,470,64,173300,173300.0,1.0,0.0,1,1,1.0,1.141238565787646,3.0,0.0,0.0,0.0,0.0
430,1720.0,1,57515,0.057515,10398,1.0398,470,470,64,173300,173300.0,1.0,0.0,1,1,1.0,1.141238565787646,3.0,0.0,0.0,0.0,0.0
431,1724.0,1,57515,0.057515,10398,1.0398,470,470,64,173300,173300.0,1.0,0.0,1,1,1.0,1.141238565787646,3.0,0.0,0.0,0.0,0.0
432,1728.0,1,57515,0.057515,10398,1.0398,470,470,64,173300,173300.0,1.0,0.0,1,1,1.0,1.141238565787646,3.0,0.0,0.0,0.0,0.0
433,1732.0,1,57515,0.057515,10398,1.0398,470,470,64,173300,173300.0,1.0,0.0,1,1,1.0,1.141238565787646,3.0,0.0,0.0,0.0,0.0
434,1736.0,1,57515,0.057515,10398,1.0398,470,470,64,173300,173300.0,1.0,0.0,1,1,1.0,1.141238565787646,3.0,0.0,0.0,0.0,0.0
435,1740.0,1,57515,0.057515,10398,1.0398,470,470,64,173300,173300.0,1.0,0.0,1,1,1.0,1.141238565787646,3.0,0.0,0.0,0.0,0.0
436,1744.0,1,57515,0.057515,10398,1.0398,470,470,64,173300,173300.0,1.0,0.0,1,1,1.0,1.141238565787646,3.0,0.0,0.0,0.0,0.0
437,1748.0,1,57515,0.057515,10398,1.0398,470,470,64,173300,173300.0,1.0,0.0,1,1,1.0,1.141238565787646,3.0,0.0,0.0,0.0,0.0
438,1752.0,1,57515,0.057515,10398,1.0398,470,470,64,173300,173300.0,1.0,0.0,1,1,1.0,1.141238565787646,3.0,0.0,0.0,0.0,0.0
439,1756.0,1,57515,0.057515,10398,1.0398,470,470,64,173300,173300.0,1.0,0.0,1,1,1.0,1.141238565787646,3.0,0.0,0.0,0.0,0.0
440,1760.0,1,57515,0.057515,10398,1.0398,470,470,64,173300,173300.0,1.0,0.0,1,1,1.0,1.141238565787646,3.0,0.0,0.0,0.0,0.0
441,1764.0,1,57515,0.057515,10398,1.0398,470,470,64,173300,173300.0,1.0,0.0,1,1,1.0,1.141238565787646,3.0,0.0,0.0,0.0,0.0
442,1768.0,1,57515,0.057515,10398,1.0398,470,470,64,173300,173300.0,1.0,0.0,1,1,1.0,1.141238565787646,3.0,0.0,0.0,0.0,0.0
443,1772.0,1,57515,0.057515,10398,1.0398,470,470,64,173300,173300.0,1.0,0.0,1,1,1.0,1.141238565787646,3.0,0.0,0.0,0.0,0.0
444,1776.0,1,57515,0.057515,10398,1.0398,470,470,64,173300,173300.0,1.0,0.0,1,1,1.0,1.141238565787646,3.0,0.0,0.0,0.0,0.0
445,1780.0,1,57515,0.057515,10398,1.0398,470,470,64,173300,173300.0,1.0,0.0,1,1,1.0,1.141238565787646,3.0,0.0,0.0,0.0,0.0
446,1784.0,1,57515,0.057515,10398,1.0398,470,470,64,173300,173300.0,1.0,0.0,1,1,1.0,1.141238565787646,3.0,0.0,0.0,0.0,0.0
447,1788.0,1,57515,0.057515,10398,1.0398,470,470,64,173300,173300.0,1.0,0.0,1,1,1.0,1.141238565787646,3.0,0.0,0.0,0.0,0.0
448,1792.0,1,57515,0.057515,10398,1.0398,470,470,64,173300,173300.0,1.0,0.0,1,1,1.0,1.141238565787646,3.0,0.0,0.0,0.0,0.0
449,1796.0,1,57515,0.057515,10398,1.0398,470,470,64,173300,173300.0,1.0,0.0,1,1,1.0,1.141238565787646,3.0,0.0,0.0,0.0,0.0
450,1800.0,1,57515,0.057515,10398,1.0398,470,470,64,173300,173300.0,1.0,0.0,1,1,1.0,1.141238565787646,3.0,0.0,0.0,0.0,0.0
451,1804.0,1,57515,0.057515,10398,1.0398,470,470,64,173300,173300.0,1.0,0.0,1,1,1.0,1.141238565787646,3.0,0.0,0.0,0.0,0.0
452,1808.0,1,57515,0.057515,10398,1.0398,470,470,64,173300,173300.0,1.0,0.0,1,1,1.0,1.141238565787646,3.0,0.0,0.0,0.0,0.0
453,1812.0,1,57515,0.057515,10398,1.0398,470,470,64,173300,173300.0,1.0,0.0,1,1,1.0,1.141238565787646,3.0,0.0,0.0,0.0,0.0
454,1816.0,1,57515,0.057515,10398,1.0398,470,470,64,173300,173300.0,1.0,0.0,1,1,1.0,1.141238565787646,3.0,0.0,0.0,0.0,0.0
455,1820.0,1,57515,0.057515,10398,1.0398,470,470,64,173300,173300.0,1.0,0.0,1,1,1.0,1.141238565787646,3.0,0.0,0.0,0.0,0.0
456,1824.0,1,57515,0.057515,10398,1.0398,470,470,64,173300,173300.0,1.0,0.0,1,1,1.0,1.141238565787646,3.0,0.0,0.0,0.0,0.0
457,1828.0,2,64901,0.064901,11358,1.1358000000000001,490,490,64,189300,189300.0,1.0,0.0,1,1,1.0,1.287794908427089,3.0,0.0,0.0,0.0,0.0
458,1832.0,2,64901,0.064901,11358,1.1358000000000001,490,490,64,189300,189300.0,1.0,0.0,1,1,1.0,1.287794908427089,3.0,0.0,0.0,0.0,0.0
459,1836.0,2,64901,0.064901,11358,1.1358000000000001,490,490,64,189300,189300.0,1.0,0.0,1,1,1.0,1.287794908427089,3.0,0.0,0.0,0.0,0.0
460,1840.0,2,64901,0.064901,11358,1.1358000000000001,490,490,64,189300,189300.0,1.0,0.0,1,1,1.0,1.287794908427089,3.0,0.0,0.0,0.0,0.0
461,1844.0,2,64901,0.064901,11358,1.1358000000000001,490,490,64,189300,189300.0,1.0,0.0,1,1,1.0,1.287794908427089,3.0,0.0,0.0,0.0,0.0
462,1848.0,2,64901,0.064901,11358,1.1358000000000001,490,490,64,189300,189300.0,1.0,0.0,1,1,1.0,1.287794908427089,3.0,0.0,0.0,0.0,0.0
463,1852.0,2,64901,0.064901,11358,1.1358000000000001,490,490,64,189300,189300.0,1.0,0.0,1,1,1.0,1.287794908427089,3.0,0.0,0.0,0.0,0.0
464,1856.0,2,64901,0.064901,11358,1.1358000000000001,490,490,64,189300,189300.0,1.0,0.0,1,1,1.0,1.287794908427089,3.0,0.0,0.0,0.0,0.0
465,1860.0,2,64901,0.064901,11358,1.1358000000000001,490,490,64,189300,189300.0,1.0,0.0,1,1,1.0,1.287794908427089,3.0,0.0,0.0,0.0,0.0
466,1864.0,2,64901,0.064901,11358,1.1358000000000001,490,490,64,189300,189300.0,1.0,0.0,1,1,1.0,1.287794908427089,3.0,0.0,0.0,0.0,0.0
467,1868.0,2,64901,0.064901,11358,1.1358000000000001,490,490,64,189300,189300.0,1.0,0.0,1,1,1.0,1.287794908427089,3.0,0.0,0.0,0.0,0.0
468,1872.0,2,64901,0.064901,11358,1.1358000000000001,490,490,64,189300,189300.0,1.0,0.0,1,1,1.0,1.287794908427089,3.0,0.0,0.0,0.0,0.0
469,1876.0,2,64901,0.064901,11358,1.1358000000000001,490,490,64,189300,189300.0,1.0,0.0,1,1,1.0,1.287794908427089,3.0,0.0,0.0,0.0,0.0
470,1880.0,2,64901,0.064901,11358,1.1358000000000001,490,490,64,189300,189300.0,1.0,0.0,1,1,1.0,1.287794908427089,3.0,0.0,0.0,0.0,0.0
471,1884.0,2,64901,0.064901,11358,1.1358000000000001,490,490,64,189300,189300.0,1.0,0.0,1,1,1.0,1.287794908427089,3.0,0.0,0.0,0.0,0.0
472,1888.0,2,64901,0.064901,11358,1.1358000000000001,490,490,64,189300,189300.0,1.0,0.0,1,1,1.0,1.287794908427089,3.0,0.0,0.0,0.0,0.0
473,1892.0,2,64901,0.064901,11358,1.1358000000000001,490,490,64,189300,189300.0,1.0,0.0,1,1,1.0,1.287794908427089,3.0,0.0,0.0,0.0,0.0
474,1896.0,2,64901,0.064901,11358,1.1358000000000001,490,490,64,189300,189300.0,1.0,0.0,1,1,1.0,1.287794908427089,3.0,0.0,0.0,0.0,0.0
475,1900.0,2,64901,0.064901,11358,1.1358000000000001,490,490,64,189300,189300.0,1.0,0.0,1,1,1.0,1.287794908427089,3.0,0.0,0.0,0.0,0.0
476,1904.0,2,64901,0.064901,11358,1.1358000000000001,490,490,64,189300,189300.0,1.0,0.0,1,1,1.0,1.287794908427089,3.0,0.0,0.0,0.0,0.0
477,1908.0,2,64901,0.064901,11358,1.1358000000000001,490,490,64,189300,189300.0,1.0,0.0,1,1,1.0,1.287794908427089,4.0,0.0,0.0,0.0,0.0
478,1912.0,2,64901,0.064901,11358,1.1358000000000001,490,490,64,189300,189300.0,1.0,0.0,1,1,1.0,1.287794908427089,4.0,0.0,0.0,0.0,0.0
479,1916.0,2,64901,0.064901,11358,1.1358000000000001,490,490,64,189300,189300.0,1.0,0.0,1,1,1.0,1.287794908427089,4.0,0.0,0.0,0.0,0.0
480,1920.0,2,64901,0.064901,11358,1.1358000000000001,490,490,64,189300,189300.0,1.0,0.0,1,1,1.0,1.287794908427089,4.0,0.0,0.0,0.0,0.0
481,1924.0,2,64901,0.064901,11358,1.1358000000000001,490,490,64,189300,189300.0,1.0,0.0,1,1,1.0,1.287794908427089,4.0,0.0,0.0,0.0,0.0
482,1928.0,2,64901,0.064901,11358,1.1358000000000001,490,490,64,189300,189300.0,1.0,0.0,1,1,1.0,1.287794908427089,4.0,0.0,0.0,0.0,0.0
483,1932.0,2,64901,0.064901,11358,1.1358000000000001,490,490,64,189300,189300.0,1.0,0.0,1,1,1.0,1.287794908427089,4.0,0.0,0.0,0.0,0.0
484,1936.0,2,64901,0.064901,11358,1.1358000000000001,490,490,64,189300,189300.0,1.0,0.0,1,1,1.0,1.287794908427089,4.0,0.0,0.0,0.0,0.0
485,1940.0,2,64901,0.064901,11358,1.1358000000000001,490,490,64,189300,189300.0,1.0,0.0,1,1,1.0,1.287794908427089,4.0,0.0,0.0,0.0,0.0
486,1944.0,2,64901,0.064901,11358,1.1358000000000001,490,490,64,189300,189300.0,1.0,0.0,1,1,1.0,1.287794908427089,4.0,0.0,0.0,0.0,0.0
487,1948.0,2,64901,0.064901,11358,1.1358000000000001,490,490,64,189300,189300.0,1.0,0.0,1,1,1.0,1.287794908427089,4.0,0.0,0.0,0.0,0.0
488,1952.0,2,64901,0.064901,11358,1.1358000000000001,490,490,64,189300,189300.0,1.0,0.0,1,1,1.0,1.287794908427089,4.0,0.0,0.0,0.0,0.0
489,1956.0,2,64901,0.064901,11358,1.1358000000000001,490,490,64,189300,189300.0,1.0,0.0,1,1,1.0,1.287794908427089,4.0,0.0,0.0,0.0,0.0
490,1960.0,2,64901,0.064901,11358,1.1358000000000001,490,490,64,189300,189300.0,1.0,0.0,1,1,1.0,1.287794908427089,4.0,0.0,0.0,0.0,0.0
491,1964.0,2,64901,0.064901,11358,1.1358000000000001,490,490,64,189300,189300.0,1.0,0.0,1,1,1.0,1.287794908427089,4.0,0.0,0.0,0.0,0.0
492,1968.0,2,64901,0.064901,11358,1.1358000000000001,490,490,64,189300,189300.0,1.0,0.0,1,1,1.0,1.287794908427089,4.0,0.0,0.0,0.0,0.0
493,1972.0,2,64901,0.064901,11358,1.1358000000000001,490,490,64,189300,189300.0,1.0,0.0,1,1,1.0,1.287794908427089,4.0,0.0,0.0,0.0,0.0
494,1976.0,2,64901,0.064901,11358,1.1358000000000001,490,490,64,189300,189300.0,1.0,0.0,1,1,1.0,1.287794908427089,4.0,0.0,0.0,0.0,0.0
495,1980.0,2,64901,0.064901,11358,1.1358000000000001,490,490,64,189300,189300.0,1.0,0.0,1,1,1.0,1.287794908427089,4.0,0.0,0.0,0.0,0.0
496,1984.0,2,64901,0.064901,11358,1.1358000000000001,490,490,64,189300,189300.0,1.0,0.0,1,1,1.0,1.287794908427089,4.0,0.0,0.0,0.0,0.0
497,1988.0,2,64901,0.064901,11358,1.1358000000000001,490,490,64,189300,189300.0,1.0,0.0,1,1,1.0,1.287794908427089,4.0,0.0,0.0,0.0,0.0
498,1992.0,2,64901,0.064901,11358,1.1358000000000001,490,490,64,189300,189300.0,1.0,0.0,1,1,1.0,1.287794908427089,5.0,0.0,0.0,0.0,0.0
499,1996.0,2,64901,0.064901,11358,1.1358000000000001,490,490,64,189300,189300.0,1.0,0.0,1,1,1.0,1.287794908427089,5.0,0.0,0.0,0.0,0.0
500,2000.0,2,64901,0.064901,11358,1.1358000000000001,490,490,64,189300,189300.0,1.0,0.0,1,1,1.0,1.287794908427089,5.0,0.0,0.0,0.0,0.0
501,2004.0,2,64901,0.064901,11358,1.1358000000000001,490,490,64,189300,189300.0,1.0,0.0,1,1,1.0,1.287794908427089,5.0,0.0,0.0,0.0,0.0
502,2008.0,2,64901,0.064901,11358,1.1358000000000001,490,490,64,189300,189300.0,1.0,0.0,1,1,1.0,1.287794908427089,5.0,0.0,0.0,0.0,0.0
503,2012.0,2,64901,0.064901,11358,1.1358000000000001,490,490,64,189300,189300.0,1.0,0.0,1,1,1.0,1.287794908427089,5.0,0.0,0.0,0.0,0.0
504,2016.0,2,64901,0.064901,11358,1.1358000000000001,490,490,64,189300,189300.0,1.0,0.0,1,1,1.0,1.287794908427089,5.0,0.0,0.0,0.0,0.0
505,2020.0,2,64901,0.064901,11358,1.1358000000000001,490,490,64,189300,189300.0,1.0,0.0,1,1,1.0,1.287794908427089,5.0,0.0,0.0,0.0,0.0
506,2024.0,2,64901,0.064901,11358,1.1358000000000001,490,490,64,189300,189300.0,1.0,0.0,1,1,1.0,1.287794908427089,5.0,0.0,0.0,0.0,0.0
507,2028.0,2,64901,0.064901,11358,1.1358000000000001,490,490,64,189300,189300.0,1.0,0.0,1,1,1.0,1.287794908427089,5.0,0.0,0.0,0.0,0.0
508,2032.0,2,64901,0.064901,11358,1.1358000000000001,490,490,64,189300,189300.0,1.0,0.0,1,1,1.0,1.287794908427089,5.0,0.0,0.0,0.0,0.0
509,2036.0,2,64901,0.064901,11358,1.1358000000000001,490,490,64,189300,189300.0,1.0,0.0,1,1,1.0,1.287794908427089,5.0,0.0,0.0,0.0,0.0
510,2040.0,2,64901,0.064901,11358,1.1358000000000001,490,490,64,189300,189300.0,1.0,0.0,1,1,1.0,1.287794908427089,5.0,0.0,0.0,0.0,0.0
511,2044.0,2,64901,0.064901,11358,1.1358000000000001,490,490,64,189300,189300.0,1.0,0.0,1,1,1.0,1.287794908427089,5.0,0.0,0.0,0.0,0.0
512,2048.0,2,64901,0.064901,11358,1.1358000000000001,490,490,64,189300,189300.0,1.0,0.0,1,1,1.0,1.287794908427089,5.0,0.0,0.0,0.0,0.0
513,2052.0,2,64901,0.064901,11358,1.1358000000000001,490,490,64,189300,189300.0,1.0,0.0,1,1,1.0,1.287794908427089,5.0,0.0,0.0,0.0,0.0
514,2056.0,2,64901,0.064901,11358,1.1358000000000001,490,490,64,189300,189300.0,1.0,0.0,1,1,1.0,1.287794908427089,5.0,0.0,0.0,0.0,0.0
515,2060.0,2,64901,0.064901,11358,1.1358000000000001,490,490,64,189300,189300.0,1.0,0.0,1,1,1.0,1.287794908427089,5.0,0.0,0.0,0.0,0.0
516,2064.0,2,64901,0.064901,11358,1.1358000000000001,490,490,64,189300,189300.0,1.0,0.0,1,1,1.0,1.287794908427089,5.0,0.0,0.0,0.0,0.0
517,2068.0,2,64901,0.064901,11358,1.1358000000000001,490,490,64,189300,189300.0,1.0,0.0,1,1,1.0,1.287794908427089,5.0,0.0,0.0,0.0,0.0
518,2072.0,2,64901,0.064901,11358,1.1358000000000001,490,490,64,189300,189300.0,1.0,0.0,1,1,1.0,1.287794908427089,5.0,0.0,0.0,0.0,0.0
519,2076.0,2,64901,0.064901,11358,1.1358000000000001,490,490,64,189300,189300.0,1.0,0.0,1,1,1.0,1.287794908427089,5.0,0.0,0.0,0.0,0.0
520,2080.0,2,64901,0.064901,11358,1.1358000000000001,490,490,64,189300,189300.0,1.0,0.0,1,1,1.0,1.287794908427089,5.0,0.0,0.0,0.0,0.0
521,2084.0,2,64901,0.064901,11358,1.1358000000000001,490,490,64,189300,189300.0,1.0,0.0,1,1,1.0,1.287794908427089,5.0,0.0,0.0,0.0,0.0
522,2088.0,2,64901,0.064901,11358,1.1358000000000001,490,490,64,189300,189300.0,1.0,0.0,1,1,1.0,1.287794908427089,5.0,0.0,0.0,0.0,0.0
523,2092.0,2,64901,0.064901,11358,1.1358000000000001,490,490,64,189300,189300.0,1.0,0.0,1,1,1.0,1.287794908427089,5.0,0.0,0.0,0.0,0.0
524,2096.0,2,64901,0.064901,11358,1.1358000000000001,490,490,64,189300,189300.0,1.0,0.0,1,1,1.0,1.287794908427089,5.0,0.0,0.0,0.0,0.0
525,2100.0,2,64901,0.064901,11358,1.1358000000000001,490,490,64,189300,189300.0,1.0,0.0,1,1,1.0,1.287794908427089,5.0,0.0,0.0,0.0,0.0
526,2104.0,2,64901,0.064901,11358,1.1358000000000001,490,490,64,189300,189300.0,1.0,0.0,1,1,1.0,1.287794908427089,5.0,0.0,0.0,0.0,0.0
527,2108.0,2,64901,0.064901,11358,1.1358000000000001,490,490,64,189300,189300.0,1.0,0.0,1,1,1.0,1.287794908427089,5.0,0.0,0.0,0.0,0.0
528,2112.0,2,64901,0.064901,11358,1.1358000000000001,490,490,64,189300,189300.0,1.0,0.0,1,1,1.0,1.287794908427089,5.0,0.0,0.0,0.0,0.0
529,2116.0,2,64901,0.064901,11358,1.1358000000000001,490,490,64,189300,189300.0,1.0,0.0,1,1,1.0,1.287794908427089,5.0,0.0,0.0,0.0,0.0
530,2120.0,2,64901,0.064901,11358,1.1358000000000001,490,490,64,189300,189300.0,1.0,0.0,1,1,1.0,1.287794908427089,5.0,0.0,0.0,0.0,0.0
531,2124.0,2,64901,0.064901,11358,1.1358000000000001,490,490,64,189300,189300.0,1.0,0.0,1,1,1.0,1.287794908427089,5.0,0.0,0.0,0.0,0.0
532,2128.0,2,64901,0.064901,11358,1.1358000000000001,490,490,64,189300,189300.0,1.0,0.0,1,1,1.0,1.287794908427089,5.0,0.0,0.0,0.0,0.0
533,2132.0,2,64901,0.064901,11358,1.1358000000000001,490,490,64,189300,189300.0,1.0,0.0,1,1,1.0,1.287794908427089,5.0,0.0,0.0,0.0,0.0
534,2136.0,2,64901,0.064901,11358,1.1358000000000001,490,490,64,189300,189300.0,1.0,0.0,1,1,1.0,1.287794908427089,5.0,0.0,0.0,0.0,0.0
535,2140.0,2,64901,0.064901,11358,1.1358000000000001,490,490,64,189300,189300.0,1.0,0.0,1,1,1.0,1.287794908427089,5.0,0.0,0.0,0.0,0.0
536,2144.0,2,64901,0.064901,11358,1.1358000000000001,490,490,64,189300,189300.0,1.0,0.0,1,1,1.0,1.287794908427089,5.0,0.0,0.0,0.0,0.0
537,2148.0,2,64901,0.064901,11358,1.1358000000000001,490,490,64,189300,189300.0,1.0,0.0,1,1,1.0,1.287794908427089,5.0,0.0,0.0,0.0,0.0
538,2152.0,2,64901,0.064901,11358,1.1358000000000001,490,490,64,189300,189300.0,1.0,0.0,1,1,1.0,1.287794908427089,5.0,0.0,0.0,0.0,0.0
539,2156.0,2,64901,0.064901,11358,1.1358000000000001,490,490,64,189300,189300.0,1.0,0.0,1,1,1.0,1.287794908427089,5.0,0.0,0.0,0.0,0.0
540,2160.0,2,64901,0.064901,11358,1.1358000000000001,490,490,64,189300,189300.0,1.0,0.0,1,1,1.0,1.287794908427089,5.0,0.0,0.0,0.0,0.0
541,2164.0,2,64901,0.064901,11358,1.1358000000000001,490,490,64,189300,189300.0,1.0,0.0,1,1,1.0,1.287794908427089,5.0,0.0,0.0,0.0,0.0
542,2168.0,2,64901,0.064901,11358,1.1358000000000001,490,490,64,189300,189300.0,1.0,0.0,1,1,1.0,1.287794908427089,5.0,0.0,0.0,0.0,0.0
543,2172.0,2,64901,0.064901,11358,1.1358000000000001,490,490,64,189300,189300.0,1.0,0.0,1,1,1.0,1.287794908427089,5.0,0.0,0.0,0.0,0.0
544,2176.0,2,64901,0.064901,11358,1.1358000000000001,490,490,64,189300,189300.0,1.0,0.0,1,1,1.0,1.287794908427089,5.0,0.0,0.0,0.0,0.0
545,2180.0,2,64901,0.064901,11358,1.1358000000000001,490,490,64,189300,189300.0,1.0,0.0,1,1,1.0,1.287794908427089,5.0,0.0,0.0,0.0,0.0
546,2184.0,2,64901,0.064901,11358,1.1358000000000001,490,490,64,189300,189300.0,1.0,0.0,1,1,1.0,1.287794908427089,6.0,0.0,0.0,0.0,0.0
547,2188.0,2,64901,0.064901,11358,1.1358000000000001,490,490,64,189300,189300.0,1.0,0.0,1,1,1.0,1.287794908427089,6.0,0.0,0.0,0.0,0.0
548,2192.0,2,64901,0.064901,11358,1.1358000000000001,490,490,64,189300,189300.0,1.0,0.0,1,1,1.0,1.287794908427089,6.0,0.0,0.0,0.0,0.0
549,2196.0,2,64901,0.064901,11358,1.1358000000000001,490,490,64,189300,189300.0,1.0,0.0,1,1,1.0,1.287794908427089,6.0,0.0,0.0,0.0,0.0
550,2200.0,2,64901,0.064901,11358,1.1358000000000001,490,490,64,189300,189300.0,1.0,0.0,1,1,1.0,1.287794908427089,6.0,0.0,0.0,0.0,0.0
551,2204.0,2,64901,0.064901,11358,1.1358000000000001,490,490,64,189300,189300.0,1.0,0.0,1,1,1.0,1.287794908427089,6.0,0.0,0.0,0.0,0.0
552,2208.0,2,64901,0.064901,11358,1.1358000000000001,490,490,64,189300,189300.0,1.0,0.0,1,1,1.0,1.287794908427089,6.0,0.0,0.0,0.0,0.0
553,2212.0,2,64901,0.064901,11358,1.1358000000000001,490,490,64,189300,189300.0,1.0,0.0,1,1,1.0,1.287794908427089,6.0,0.0,0.0,0.0,0.0
554,2216.0,2,64901,0.064901,11358,1.1358000000000001,490,490,64,189300,189300.0,1.0,0.0,1,1,1.0,1.287794908427089,6.0,0.0,0.0,0.0,0.0
555,2220.0,2,64901,0.064901,11358,1.1358000000000001,490,490,64,189300,189300.0,1.0,0.0,1,1,1.0,1.287794908427089,6.0,0.0,0.0,0.0,0.0
556,2224.0,2,64901,0.064901,11358,1.1358000000000001,490,490,64,189300,189300.0,1.0,0.0,1,1,1.0,1.287794908427089,6.0,0.0,0.0,0.0,0.0
557,2228.0,2,64901,0.064901,11358,1.1358000000000001,490,490,64,189300,189300.0,1.0,0.0,1,1,1.0,1.287794908427089,6.0,0.0,0.0,0.0,0.0
558,2232.0,2,64901,0.064901,11358,1.1358000000000001,490,490,64,189300,189300.0,1.0,0.0,1,1,1.0,1.287794908427089,6.0,0.0,0.0,0.0,0.0
559,2236.0,2,64901,0.064901,11358,1.1358000000000001,490,490,64,189300,189300.0,1.0,0.0,1,1,1.0,1.287794908427089,6.0,0.0,0.0,0.0,0.0
560,2240.0,2,64901,0.064901,11358,1.1358000000000001,490,490,64,189300,189300.0,1.0,0.0,1,1,1.0,1.287794908427089,6.0,0.0,0.0,0.0,0.0
561,2244.0,2,64901,0.064901,11358,1.1358000000000001,490,490,64,189300,189300.0,1.0,0.0,1,1,1.0,1.287794908427089,6.0,0.0,0.0,0.0,0.0
562,2248.0,2,64901,0.064901,11358,1.1358000000000001,490,490,64,189300,189300.0,1.0,0.0,1,1,1.0,1.287794908427089,6.0,0.0,0.0,0.0,0.0
563,2252.0,2,64901,0.064901,11358,1.1358000000000001,490,490,64,189300,189300.0,1.0,0.0,1,1,1.0,1.287794908427089,6.0,0.0,0.0,0.0,0.0
564,2256.0,2,64901,0.064901,11358,1.1358000000000001,490,490,64,189300,189300.0,1.0,0.0,1,1,1.0,1.287794908427089,6.0,0.0,0.0,0.0,0.0
565,2260.0,2,64901,0.064901,11358,1.1358000000000001,490,490,64,189300,189300.0,1.0,0.0,1,1,1.0,1.287794908427089,6.0,0.0,0.0,0.0,0.0
566,2264.0,2,64901,0.064901,11358,1.1358000000000001,490,490,64,189300,189300.0,1.0,0.0,1,1,1.0,1.287794908427089,6.0,0.0,0.0,0.0,0.0
567,2268.0,2,64901,0.064901,11358,1.1358000000000001,490,490,64,189300,189300.0,1.0,0.0,1,1,1.0,1.287794908427089,6.0,0.0,0.0,0.0,0.0
568,2272.0,2,64901,0.064901,11358,1.1358000000000001,490,490,64,189300,189300.0,1.0,0.0,1,1,1.0,1.287794908427089,6.0,0.0,0.0,0.0,0.0
569,2276.0,2,64901,0.064901,11358,1.1358000000000001,490,490,64,189300,189300.0,1.0,0.0,1,1,1.0,1.287794908427089,6.0,0.0,0.0,0.0,0.0
570,2280.0,2,64901,0.064901,11358,1.1358000000000001,490,490,64,189300,189300.0,1.0,0.0,1,1,1.0,1.287794908427089,6.0,0.0,0.0,0.0,0.0
571,2284.0,2,64901,0.064901,11358,1.1358000000000001,490,490,64,189300,189300.0,1.0,0.0,1,1,1.0,1.287794908427089,6.0,0.0,0.0,0.0,0.0
572,2288.0,2,64901,0.064901,11358,1.1358000000000001,490,490,64,189300,189300.0,1.0,0.0,1,1,1.0,1.287794908427089,6.0,0.0,0.0,0.0,0.0
573,2292.0,2,64901,0.064901,11358,1.1358000000000001,490,490,64,189300,189300.0,1.0,0.0,1,1,1.0,1.287794908427089,6.0,0.0,0.0,0.0,0.0
574,2296.0,2,64901,0.064901,11358,1.1358000000000001,490,490,64,189300,189300.0,1.0,0.0,1,1,1.0,1.287794908427089,6.0,0.0,0.0,0.0,0.0
575,2300.0,2,64901,0.064901,11358,1.1358000000000001,490,490,64,189300,189300.0,1.0,0.0,1,1,1.0,1.287794908427089,6.0,0.0,0.0,0.0,0.0
576,2304.0,2,64901,0.064901,11358,1.1358000000000001,490,490,64,189300,189300.0,1.0,0.0,1,1,1.0,1.287794908427089,6.0,0.0,0.0,0.0,0.0
577,2308.0,2,64901,0.064901,11358,1.1358000000000001,490,490,64,189300,189300.0,1.0,0.0,1,1,1.0,1.287794908427089,6.0,0.0,0.0,0.0,0.0
578,2312.0,2,64901,0.064901,11358,1.1358000000000001,490,490,64,189300,189300.0,1.0,0.0,1,1,1.0,1.287794908427089,6.0,0.0,0.0,0.0,0.0
579,2316.0,2,64901,0.064901,11358,1.1358000000000001,490,490,64,189300,189300.0,1.0,0.0,1,1,1.0,1.287794908427089,6.0,0.0,0.0,0.0,0.0
580,2320.0,2,64901,0.064901,11358,1.1358000000000001,490,490,64,189300,189300.0,1.0,0.0,1,1,1.0,1.287794908427089,6.0,0.0,0.0,0.0,0.0
581,2324.0,2,64901,0.064901,11358,1.1358000000000001,490,490,64,189300,189300.0,1.0,0.0,1,1,1.0,1.287794908427089,6.0,0.0,0.0,0.0,0.0
582,2328.0,2,64901,0.064901,11358,1.1358000000000001,490,490,64,189300,189300.0,1.0,0.0,1,1,1.0,1.287794908427089,6.0,0.0,0.0,0.0,0.0
583,2332.0,2,64901,0.064901,11358,1.1358000000000001,490,490,64,189300,189300.0,1.0,0.0,1,1,1.0,1.287794908427089,6.0,0.0,0.0,0.0,0.0
584,2336.0,2,64901,0.064901,11358,1.1358000000000001,490,490,64,189300,189300.0,1.0,0.0,1,1,1.0,1.287794908427089,6.0,0.0,0.0,0.0,0.0
585,2340.0,2,64901,0.064901,11358,1.1358000000000001,490,490,64,189300,189300.0,1.0,0.0,1,1,1.0,1.287794908427089,6.0,0.0,0.0,0.0,0.0
586,2344.0,2,64901,0.064901,11358,1.1358000000000001,490,490,64,189300,189300.0,1.0,0.0,1,1,1.0,1.287794908427089,6.0,0.0,0.0,0.0,0.0
587,2348.0,2,64901,0.064901,11358,1.1358000000000001,490,490,64,189300,189300.0,1.0,0.0,1,1,1.0,1.287794908427089,6.0,0.0,0.0,0.0,0.0
588,2352.0,2,64901,0.064901,11358,1.1358000000000001,490,490,64,189300,189300.0,1.0,0.0,1,1,1.0,1.287794908427089,6.0,0.0,0.0,0.0,0.0
589,2356.0,2,64901,0.064901,11358,1.1358000000000001,490,490,64,189300,189300.0,1.0,0.0,1,1,1.0,1.287794908427089,6.0,0.0,0.0,0.0,0.0
590,2360.0,2,64901,0.064901,11358,1.1358000000000001,490,490,64,189300,189300.0,1.0,0.0,1,1,1.0,1.287794908427089,6.0,0.0,0.0,0.0,0.0
591,2364.0,2,64901,0.064901,11358,1.1358000000000001,490,490,64,189300,189300.0,1.0,0.0,1,1,1.0,1.287794908427089,6.0,0.0,0.0,0.0,0.0
592,2368.0,2,64901,0.064901,11358,1.1358000000000001,490,490,64,189300,189300.0,1.0,0.0,1,1,1.0,1.287794908427089,6.0,0.0,0.0,0.0,0.0
593,2372.0,2,64901,0.064901,11358,1.1358000000000001,490,490,64,189300,189300.0,1.0,0.0,1,1,1.0,1.287794908427089,6.0,0.0,0.0,0.0,0.0
594,2376.0,2,64901,0.064901,11358,1.1358000000000001,490,490,64,189300,189300.0,1.0,0.0,1,1,1.0,1.287794908427089,6.0,0.0,0.0,0.0,0.0
595,2380.0,2,64901,0.064901,11358,1.1358000000000001,490,490,64,189300,189300.0,1.0,0.0,1,1,1.0,1.287794908427089,6.0,0.0,0.0,0.0,0.0
596,2384.0,2,64901,0.064901,11358,1.1358000000000001,490,490,64,189300,189300.0,1.0,0.0,1,1,1.0,1.287794908427089,6.0,0.0,0.0,0.0,0.0
597,2388.0,2,64901,0.064901,11358,1.1358000000000001,490,490,64,189300,189300.0,1.0,0.0,1,1,1.0,1.287794908427089,6.0,0.0,0.0,0.0,0.0
598,2392.0,2,64901,0.064901,11358,1.1358000000000001,490,490,64,189300,189300.0,1.0,0.0,1,1,1.0,1.287794908427089,6.0,0.0,0.0,0.0,0.0
599,2396.0,2,64901,0.064901,11358,1.1358000000000001,490,490,64,189300,189300.0,1.0,0.0,1,1,1.0,1.287794908427089,6.0,0.0,0.0,0.0,0.0
600,2400.0,2,64901,0.064901,11358,1.1358000000000001,490,490,64,189300,189300.0,1.0,0.0,1,1,1.0,1.287794908427089,6.0,0.0,0.0,0.0,0.0
601,2404.0,2,64901,0.064901,11358,1.1358000000000001,490,490,64,189300,189300.0,1.0,0.0,1,1,1.0,1.287794908427089,6.0,0.0,0.0,0.0,0.0
602,2408.0,2,64901,0.064901,11358,1.1358000000000001,490,490,64,189300,189300.0,1.0,0.0,1,1,1.0,1.287794908427089,6.0,0.0,0.0,0.0,0.0
603,2412.0,2,64901,0.064901,11358,1.1358000000000001,490,490,64,189300,189300.0,1.0,0.0,1,1,1.0,1.287794908427089,6.0,0.0,0.0,0.0,0.0
604,2416.0,2,64901,0.064901,11358,1.1358000000000001,490,490,64,189300,189300.0,1.0,0.0,1,1,1.0,1.287794908427089,6.0,0.0,0.0,0.0,0.0
605,2420.0,2,64901,0.064901,11358,1.1358000000000001,490,490,64,189300,189300.0,1.0,0.0,1,1,1.0,1.287794908427089,6.0,0.0,0.0,0.0,0.0
606,2424.0,2,64901,0.064901,11358,1.1358000000000001,490,490,64,189300,189300.0,1.0,0.0,1,1,1.0,1.287794908427089,6.0,0.0,0.0,0.0,0.0
607,2428.0,2,64901,0.064901,11358,1.1358000000000001,490,490,64,189300,189300.0,1.0,0.0,1,1,1.0,1.287794908427089,6.0,0.0,0.0,0.0,0.0
608,2432.0,2,64901,0.064901,11358,1.1358000000000001,490,490,64,189300,189300.0,1.0,0.0,1,1,1.0,1.287794908427089,6.0,0.0,0.0,0.0,0.0
609,2436.0,2,64901,0.064901,11358,1.1358000000000001,490,490,64,189300,189300.0,1.0,0.0,1,1,1.0,1.287794908427089,6.0,0.0,0.0,0.0,0.0
610,2440.0,2,64901,0.064901,11358,1.1358000000000001,490,490,64,189300,189300.0,1.0,0.0,1,1,1.0,1.287794908427089,6.0,0.0,0.0,0.0,0.0
611,2444.0,2,64901,0.064901,11358,1.1358000000000001,490,490,64,189300,189300.0,1.0,0.0,1,1,1.0,1.287794908427089,6.0,0.0,0.0,0.0,0.0
612,2448.0,2,64901,0.064901,11358,1.1358000000000001,490,490,64,189300,189300.0,1.0,0.0,1,1,1.0,1.287794908427089,6.0,0.0,0.0,0.0,0.0
613,2452.0,2,64901,0.064901,11358,1.1358000000000001,490,490,64,189300,189300.0,1.0,0.0,1,1,1.0,1.287794908427089,6.0,0.0,0.0,0.0,0.0
614,2456.0,2,64901,0.064901,11358,1.1358000000000001,490,490,64,189300,189300.0,1.0,0.0,1,1,1.0,1.287794908427089,6.0,0.0,0.0,0.0,0.0
615,2460.0,2,64901,0.064901,11358,1.1358000000000001,490,490,64,189300,189300.0,1.0,0.0,1,1,1.0,1.287794908427089,6.0,0.0,0.0,0.0,0.0
616,2464.0,2,64901,0.064901,11358,1.1358000000000001,490,490,64,189300,189300.0,1.0,0.0,1,1,1.0,1.287794908427089,6.0,0.0,0.0,0.0,0.0
617,2468.0,2,64901,0.064901,11358,1.1358000000000001,490,490,64,189300,189300.0,1.0,0.0,1,1,1.0,1.287794908427089,6.0,0.0,0.0,0.0,0.0
618,2472.0,2,64901,0.064901,11358,1.1358000000000001,490,490,64,189300,189300.0,1.0,0.0,1,1,1.0,1.287794908427089,6.0,0.0,0.0,0.0,0.0
619,2476.0,2,64901,0.064901,11358,1.1358000000000001,490,490,64,189300,189300.0,1.0,0.0,1,1,1.0,1.287794908427089,6.0,0.0,0.0,0.0,0.0
620,2480.0,2,64901,0.064901,11358,1.1358000000000001,490,490,64,189300,189300.0,1.0,0.0,1,1,1.0,1.287794908427089,6.0,0.0,0.0,0.0,0.0
621,2484.0,2,64901,0.064901,11358,1.1358000000000001,490,490,64,189300,189300.0,1.0,0.0,1,1,1.0,1.287794908427089,6.0,0.0,0.0,0.0,0.0
622,2488.0,2,64901,0.064901,11358,1.1358000000000001,490,490,64,189300,189300.0,1.0,0.0,1,1,1.0,1.287794908427089,6.0,0.0,0.0,0.0,0.0
623,2492.0,2,64901,0.064901,11358,1.1358000000000001,490,490,64,189300,189300.0,1.0,0.0,1,1,1.0,1.287794908427089,6.0,0.0,0.0,0.0,0.0
624,2496.0,2,64901,0.064901,11358,1.1358000000000001,490,490,64,189300,189300.0,1.0,0.0,1,1,1.0,1.287794908427089,6.0,0.0,0.0,0.0,0.0
625,2500.0,2,64901,0.064901,11358,1.1358000000000001,490,490,64,189300,189300.0,1.0,0.0,1,1,1.0,1.287794908427089,6.0,0.0,0.0,0.0,0.0
626,2504.0,2,64901,0.064901,11358,1.1358000000000001,490,490,64,189300,189300.0,1.0,0.0,1,1,1.0,1.287794908427089,6.0,0.0,0.0,0.0,0.0
627,2508.0,2,64901,0.064901,11358,1.1358000000000001,490,490,64,189300,189300.0,1.0,0.0,1,1,1.0,1.287794908427089,6.0,0.0,0.0,0.0,0.0
628,2512.0,2,64901,0.064901,11358,1.1358000000000001,490,490,64,189300,189300.0,1.0,0.0,1,1,1.0,1.287794908427089,6.0,0.0,0.0,0.0,0.0
629,2516.0,2,64901,0.064901,11358,1.1358000000000001,490,490,64,189300,189300.0,1.0,0.0,1,1,1.0,1.287794908427089,6.0,0.0,0.0,0.0,0.0
630,2520.0,2,64901,0.064901,11358,1.1358000000000001,490,490,64,189300,189300.0,1.0,0.0,1,1,1.0,1.287794908427089,6.0,0.0,0.0,0.0,0.0
631,2524.0,2,64901,0.064901,11358,1.1358000000000001,490,490,64,189300,189300.0,1.0,0.0,1,1,1.0,1.287794908427089,6.0,0.0,0.0,0.0,0.0
632,2528.0,2,64901,0.064901,11358,1.1358000000000001,490,490,64,189300,189300.0,1.0,0.0,1,1,1.0,1.287794908427089,6.0,0.0,0.0,0.0,0.0
633,2532.0,2,64901,0.064901,11358,1.1358000000000001,490,490,64,189300,189300.0,1.0,0.0,1,1,1.0,1.287794908427089,6.0,0.0,0.0,0.0,0.0
634,2536.0,2,64901,0.064901,11358,1.1358000000000001,490,490,64,189300,189300.0,1.0,0.0,1,1,1.0,1.287794908427089,6.0,0.0,0.0,0.0,0.0
635,2540.0,2,64901,0.064901,11358,1.1358000000000001,490,490,64,189300,189300.0,1.0,0.0,1,1,1.0,1.287794908427089,6.0,0.0,0.0,0.0,0.0
636,2544.0,2,64901,0.064901,11358,1.1358000000000001,490,490,64,189300,189300.0,1.0,0.0,1,1,1.0,1.287794908427089,6.0,0.0,0.0,0.0,0.0
637,2548.0,2,64901,0.064901,11358,1.1358000000000001,490,490,64,189300,189300.0,1.0,0.0,1,1,1.0,1.287794908427089,6.0,0.0,0.0,0.0,0.0
638,2552.0,2,64901,0.064901,11358,1.1358000000000001,490,490,64,189300,189300.0,1.0,0.0,1,1,1.0,1.287794908427089,6.0,0.0,0.0,0.0,0.0
639,2556.0,2,64901,0.064901,11358,1.1358000000000001,490,490,64,189300,189300.0,1.0,0.0,1,1,1.0,1.287794908427089,6.0,0.0,0.0,0.0,0.0
640,2560.0,2,64901,0.064901,11358,1.1358000000000001,490,490,64,189300,189300.0,1.0,0.0,1,1,1.0,1.287794908427089,6.0,0.0,0.0,0.0,0.0
641,2564.0,2,64901,0.064901,11358,1.1358000000000001,490,490,64,189300,189300.0,1.0,0.0,1,1,1.0,1.287794908427089,6.0,0.0,0.0,0.0,0.0
642,2568.0,2,64901,0.064901,11358,1.1358000000000001,490,490,64,189300,189300.0,1.0,0.0,1,1,1.0,1.287794908427089,6.0,0.0,0.0,0.0,0.0
643,2572.0,2,64901,0.064901,11358,1.1358000000000001,490,490,64,189300,189300.0,1.0,0.0,1,1,1.0,1.287794908427089,6.0,0.0,0.0,0.0,0.0
644,2576.0,2,64901,0.064901,11358,1.1358000000000001,490,490,64,189300,189300.0,1.0,0.0,1,1,1.0,1.287794908427089,6.0,0.0,0.0,0.0,0.0
645,2580.0,2,64901,0.064901,11358,1.1358000000000001,490,490,64,189300,189300.0,1.0,0.0,1,1,1.0,1.287794908427089,6.0,0.0,0.0,0.0,0.0
646,2584.0,2,64901,0.064901,11358,1.1358000000000001,490,490,64,189300,189300.0,1.0,0.0,1,1,1.0,1.287794908427089,6.0,0.0,0.0,0.0,0.0
647,2588.0,2,64901,0.064901,11358,1.1358000000000001,490,490,64,189300,189300.0,1.0,0.0,1,1,1.0,1.287794908427089,6.0,0.0,0.0,0.0,0.0
648,2592.0,2,64901,0.064901,11358,1.1358000000000001,490,490,64,189300,189300.0,1.0,0.0,1,1,1.0,1.287794908427089,6.0,0.0,0.0,0.0,0.0
649,2596.0,2,64901,0.064901,11358,1.1358000000000001,490,490,64,189300,189300.0,1.0,0.0,1,1,1.0,1.287794908427089,6.0,0.0,0.0,0.0,0.0
650,2600.0,2,64901,0.064901,11358,1.1358000000000001,490,490,64,189300,189300.0,1.0,0.0,1,1,1.0,1.287794908427089,6.0,0.0,0.0,0.0,0.0
651,2604.0,2,64901,0.064901,11358,1.1358000000000001,490,490,64,189300,189300.0,1.0,0.0,1,1,1.0,1.287794908427089,6.0,0.0,0.0,0.0,0.0
652,2608.0,2,64901,0.064901,11358,1.1358000000000001,490,490,64,189300,189300.0,1.0,0.0,1,1,1.0,1.287794908427089,6.0,0.0,0.0,0.0,0.0
653,2612.0,2,64901,0.064901,11358,1.1358000000000001,490,490,64,189300,189300.0,1.0,0.0,1,1,1.0,1.287794908427089,6.0,0.0,0.0,0.0,0.0
654,2616.0,2,64901,0.064901,11358,1.1358000000000001,490,490,64,189300,189300.0,1.0,0.0,1,1,1.0,1.287794908427089,6.0,0.0,0.0,0.0,0.0
655,2620.0,2,64901,0.064901,11358,1.1358000000000001,490,490,64,189300,189300.0,1.0,0.0,1,1,1.0,1.287794908427089,6.0,0.0,0.0,0.0,0.0
656,2624.0,2,64901,0.064901,11358,1.1358000000000001,490,490,64,189300,189300.0,1.0,0.0,1,1,1.0,1.287794908427089,6.0,0.0,0.0,0.0,0.0
657,2628.0,3,73023,0.07302299999999999,12270,1.227,510,510,64,204500,204500.0,1.0,0.0,1,1,1.0,1.448955294958033,6.0,0.0,0.0,0.0,0.0
658,2632.0,3,73023,0.07302299999999999,12270,1.227,510,510,64,204500,204500.0,1.0,0.0,1,1,1.0,1.448955294958033,6.0,0.0,0.0,0.0,0.0
659,2636.0,3,73023,0.07302299999999999,12270,1.227,510,510,64,204500,204500.0,1.0,0.0,1,1,1.0,1.448955294958033,6.0,0.0,0.0,0.0,0.0
660,2640.0,3,73023,0.07302299999999999,12270,1.227,510,510,64,204500,204500.0,1.0,0.0,1,1,1.0,1.448955294958033,6.0,0.0,0.0,0.0,0.0
661,2644.0,3,73023,0.07302299999999999,12270,1.227,510,510,64,204500,204500.0,1.0,0.0,1,1,1.0,1.448955294958033,6.0,0.0,0.0,0.0,0.0
662,2648.0,3,73023,0.07302299999999999,12270,1.227,510,510,64,204500,204500.0,1.0,0.0,1,1,1.0,1.448955294958033,6.0,0.0,0.0,0.0,0.0
663,2652.0,3,73023,0.07302299999999999,12270,1.227,510,510,64,204500,204500.0,1.0,0.0,1,1,1.0,1.448955294958033,6.0,0.0,0.0,0.0,0.0
664,2656.0,3,73023,0.07302299999999999,12270,1.227,510,510,64,204500,204500.0,1.0,0.0,1,1,1.0,1.448955294958033,6.0,0.0,0.0,0.0,0.0
665,2660.0,3,73023,0.07302299999999999,12270,1.227,510,510,64,204500,204500.0,1.0,0.0,1,1,1.0,1.448955294958033,6.0,0.0,0.0,0.0,0.0
666,2664.0,3,73023,0.07302299999999999,12270,1.227,510,510,64,204500,204500.0,1.0,0.0,1,1,1.0,1.448955294958033,6.0,0.0,0.0,0.0,0.0
667,2668.0,3,73023,0.07302299999999999,12270,1.227,510,510,64,204500,204500.0,1.0,0.0,1,1,1.0,1.448955294958033,6.0,0.0,0.0,0.0,0.0
668,2672.0,3,73023,0.07302299999999999,12270,1.227,510,510,64,204500,204500.0,1.0,0.0,1,1,1.0,1.448955294958033,6.0,0.0,0.0,0.0,0.0
669,2676.0,3,73023,0.07302299999999999,12270,1.227,510,510,64,204500,204500.0,1.0,0.0,1,1,1.0,1.448955294958033,6.0,0.0,0.0,0.0,0.0
670,2680.0,3,73023,0.07302299999999999,12270,1.227,510,510,64,204500,204500.0,1.0,0.0,1,1,1.0,1.448955294958033,6.0,0.0,0.0,0.0,0.0
671,2684.0,3,73023,0.07302299999999999,12270,1.227,510,510,64,204500,204500.0,1.0,0.0,1,1,1.0,1.448955294958033,6.0,0.0,0.0,0.0,0.0
672,2688.0,3,73023,0.07302299999999999,12270,1.227,510,510,64,204500,204500.0,1.0,0.0,1,1,1.0,1.448955294958033,6.0,0.0,0.0,0.0,0.0
673,2692.0,3,73023,0.07302299999999999,12270,1.227,510,510,64,204500,204500.0,1.0,0.0,1,1,1.0,1.448955294958033,6.0,0.0,0.0,0.0,0.0
674,2696.0,3,73023,0.07302299999999999,12270,1.227,510,510,64,204500,204500.0,1.0,0.0,1,1,1.0,1.448955294958033,6.0,0.0,0.0,0.0,0.0
675,2700.0,3,73023,0.07302299999999999,12270,1.227,510,510,64,204500,204500.0,1.0,0.0,1,1,1.0,1.448955294958033,6.0,0.0,0.0,0.0,0.0
676,2704.0,3,73023,0.07302299999999999,12270,1.227,510,510,64,204500,204500.0,1.0,0.0,1,1,1.0,1.448955294958033,6.0,0.0,0.0,0.0,0.0
677,2708.0,3,73023,0.07302299999999999,12270,1.227,510,510,64,204500,204500.0,1.0,0.0,1,1,1.0,1.448955294958033,6.0,0.0,0.0,0.0,0.0
678,2712.0,3,73023,0.07302299999999999,12270,1.227,510,510,64,204500,204500.0,1.0,0.0,1,1,1.0,1.448955294958033,6.0,0.0,0.0,0.0,0.0
679,2716.0,3,73023,0.07302299999999999,12270,1.227,510,510,64,204500,204500.0,1.0,0.0,1,1,1.0,1.448955294958033,6.0,0.0,0.0,0.0,0.0
680,2720.0,3,73023,0.07302299999999999,12270,1.227,510,510,64,204500,204500.0,1.0,0.0,1,1,1.0,1.448955294958033,6.0,0.0,0.0,0.0,0.0
681,2724.0,3,73023,0.07302299999999999,12270,1.227,510,510,64,204500,204500.0,1.0,0.0,1,1,1.0,1.448955294958033,6.0,0.0,0.0,0.0,0.0
682,2728.0,3,73023,0.07302299999999999,12270,1.227,510,510,64,204500,204500.0,1.0,0.0,1,1,1.0,1.448955294958033,6.0,0.0,0.0,0.0,0.0
683,2732.0,3,73023,0.07302299999999999,12270,1.227,510,510,64,204500,204500.0,1.0,0.0,1,1,1.0,1.448955294958033,6.0,0.0,0.0,0.0,0.0
684,2736.0,3,73023,0.07302299999999999,12270,1.227,510,510,64,204500,204500.0,1.0,0.0,1,1,1.0,1.448955294958033,6.0,0.0,0.0,0.0,0.0
685,2740.0,3,73023,0.07302299999999999,12270,1.227,510,510,64,204500,204500.0,1.0,0.0,1,1,1.0,1.448955294958033,6.0,0.0,0.0,0.0,0.0
686,2744.0,3,73023,0.07302299999999999,12270,1.227,510,510,64,204500,204500.0,1.0,0.0,1,1,1.0,1.448955294958033,6.0,0.0,0.0,0.0,0.0
687,2748.0,3,73023,0.07302299999999999,12270,1.227,510,510,64,204500,204500.0,1.0,0.0,1,1,1.0,1.448955294958033,6.0,0.0,0.0,0.0,0.0
688,2752.0,3,73023,0.07302299999999999,12270,1.227,510,510,64,204500,204500.0,1.0,0.0,1,1,1.0,1.448955294958033,6.0,0.0,0.0,0.0,0.0
689,2756.0,3,73023,0.07302299999999999,12270,1.227,510,510,64,204500,204500.0,1.0,0.0,1,1,1.0,1.448955294958033,6.0,0.0,0.0,0.0,0.0
690,2760.0,3,73023,0.07302299999999999,12270,1.227,510,510,64,204500,204500.0,1.0,0.0,1,1,1.0,1.448955294958033,6.0,0.0,0.0,0.0,0.0
691,2764.0,3,73023,0.07302299999999999,12270,1.227,510,510,64,204500,204500.0,1.0,0.0,1,1,1.0,1.448955294958033,6.0,0.0,0.0,0.0,0.0
692,2768.0,3,73023,0.07302299999999999,12270,1.227,510,510,64,204500,204500.0,1.0,0.0,1,1,1.0,1.448955294958033,6.0,0.0,0.0,0.0,0.0
693,2772.0,3,73023,0.07302299999999999,12270,1.227,510,510,64,204500,204500.0,1.0,0.0,1,1,1.0,1.448955294958033,6.0,0.0,0.0,0.0,0.0
694,2776.0,3,73023,0.07302299999999999,12270,1.227,510,510,64,204500,204500.0,1.0,0.0,1,1,1.0,1.448955294958033,6.0,0.0,0.0,0.0,0.0
695,2780.0,3,73023,0.07302299999999999,12270,1.227,510,510,64,204500,204500.0,1.0,0.0,1,1,1.0,1.448955294958033,6.0,0.0,0.0,0.0,0.0
696,2784.0,3,73023,0.07302299999999999,12270,1.227,510,510,64,204500,204500.0,1.0,0.0,1,1,1.0,1.448955294958033,6.0,0.0,0.0,0.0,0.0
697,2788.0,3,73023,0.07302299999999999,12270,1.227,510,510,64,204500,204500.0,1.0,0.0,1,1,1.0,1.448955294958033,6.0,0.0,0.0,0.0,0.0
698,2792.0,3,73023,0.07302299999999999,12270,1.227,510,510,64,204500,204500.0,1.0,0.0,1,1,1.0,1.448955294958033,6.0,0.0,0.0,0.0,0.0
699,2796.0,3,73023,0.07302299999999999,12270,1.227,510,510,64,204500,204500.0,1.0,0.0,1,1,1.0,1.448955294958033,6.0,0.0,0.0,0.0,0.0
700,2800.0,3,73023,0.07302299999999999,12270,1.227,510,510,64,204500,204500.0,1.0,0.0,1,1,1.0,1.448955294958033,6.0,0.0,0.0,0.0,0.0
701,2804.0,3,73023,0.07302299999999999,12270,1.227,510,510,64,204500,204500.0,1.0,0.0,1,1,1.0,1.448955294958033,6.0,0.0,0.0,0.0,0.0
702,2808.0,3,73023,0.07302299999999999,12270,1.227,510,510,64,204500,204500.0,1.0,0.0,1,1,1.0,1.448955294958033,6.0,0.0,0.0,0.0,0.0
703,2812.0,3,73023,0.07302299999999999,12270,1.227,510,510,64,204500,204500.0,1.0,0.0,1,1,1.0,1.448955294958033,6.0,0.0,0.0,0.0,0.0
704,2816.0,3,73023,0.07302299999999999,12270,1.227,510,510,64,204500,204500.0,1.0,0.0,1,1,1.0,1.448955294958033,6.0,0.0,0.0,0.0,0.0
705,2820.0,3,73023,0.07302299999999999,12270,1.227,510,510,64,204500,204500.0,1.0,0.0,1,1,1.0,1.448955294958033,6.0,0.0,0.0,0.0,0.0
706,2824.0,3,73023,0.07302299999999999,12270,1.227,510,510,64,204500,204500.0,1.0,0.0,1,1,1.0,1.448955294958033,6.0,0.0,0.0,0.0,0.0
707,2828.0,3,73023,0.07302299999999999,12270,1.227,510,510,64,204500,204500.0,1.0,0.0,1,1,1.0,1.448955294958033,6.0,0.0,0.0,0.0,0.0
708,2832.0,3,73023,0.07302299999999999,12270,1.227,510,510,64,204500,204500.0,1.0,0.0,1,1,1.0,1.448955294958033,6.0,0.0,0.0,0.0,0.0
709,2836.0,3,73023,0.07302299999999999,12270,1.227,510,510,64,204500,204500.0,1.0,0.0,1,1,1.0,1.448955294958033,6.0,0.0,0.0,0.0,0.0
710,2840.0,3,73023,0.07302299999999999,12270,1.227,510,510,64,204500,204500.0,1.0,0.0,1,1,1.0,1.448955294958033,6.0,0.0,0.0,0.0,0.0
711,2844.0,3,73023,0.07302299999999999,12270,1.227,510,510,64,204500,204500.0,1.0,0.0,1,1,1.0,1.448955294958033,6.0,0.0,0.0,0.0,0.0
712,2848.0,3,73023,0.07302299999999999,12270,1.227,510,510,64,204500,204500.0,1.0,0.0,1,1,1.0,1.448955294958033,6.0,0.0,0.0,0.0,0.0
713,2852.0,3,73023,0.07302299999999999,12270,1.227,510,510,64,204500,204500.0,1.0,0.0,1,1,1.0,1.448955294958033,6.0,0.0,0.0,0.0,0.0
714,2856.0,3,73023,0.07302299999999999,12270,1.227,510,510,64,204500,204500.0,1.0,0.0,1,1,1.0,1.448955294958033,6.0,0.0,0.0,0.0,0.0
715,2860.0,3,73023,0.07302299999999999,12270,1.227,510,510,64,204500,204500.0,1.0,0.0,1,1,1.0,1.448955294958033,6.0,0.0,0.0,0.0,0.0
716,2864.0,3,73023,0.07302299999999999,12270,1.227,510,510,64,204500,204500.0,1.0,0.0,1,1,1.0,1.448955294958033,6.0,0.0,0.0,0.0,0.0
717,2868.0,3,73023,0.07302299999999999,12270,1.227,510,510,64,204500,204500.0,1.0,0.0,1,1,1.0,1.448955294958033,6.0,0.0,0.0,0.0,0.0
718,2872.0,3,73023,0.07302299999999999,12270,1.227,510,510,64,204500,204500.0,1.0,0.0,1,1,1.0,1.448955294958033,6.0,0.0,0.0,0.0,0.0
719,2876.0,3,73023,0.07302299999999999,12270,1.227,510,510,64,204500,204500.0,1.0,0.0,1,1,1.0,1.448955294958033,6.0,0.0,0.0,0.0,0.0
720,2880.0,3,73023,0.07302299999999999,12270,1.227,510,510,64,204500,204500.0,1.0,0.0,1,1,1.0,1.448955294958033,6.0,0.0,0.0,0.0,0.0
721,2884.0,3,73023,0.07302299999999999,12270,1.227,510,510,64,204500,204500.0,1.0,0.0,1,1,1.0,1.448955294958033,6.0,0.0,0.0,0.0,0.0
722,2888.0,3,73023,0.07302299999999999,12270,1.227,510,510,64,204500,204500.0,1.0,0.0,1,1,1.0,1.448955294958033,6.0,0.0,0.0,0.0,0.0
723,2892.0,3,73023,0.07302299999999999,12270,1.227,510,510,64,204500,204500.0,1.0,0.0,1,1,1.0,1.448955294958033,6.0,0.0,0.0,0.0,0.0
724,2896.0,3,73023,0.07302299999999999,12270,1.227,510,510,64,204500,204500.0,1.0,0.0,1,1,1.0,1.448955294958033,6.0,0.0,0.0,0.0,0.0
725,2900.0,3,73023,0.07302299999999999,12270,1.227,510,510,64,204500,204500.0,1.0,0.0,1,1,1.0,1.448955294958033,6.0,0.0,0.0,0.0,0.0
726,2904.0,3,73023,0.07302299999999999,12270,1.227,510,510,64,204500,204500.0,1.0,0.0,1,1,1.0,1.448955294958033,6.0,0.0,0.0,0.0,0.0
727,2908.0,3,73023,0.07302299999999999,12270,1.227,510,510,64,204500,204500.0,1.0,0.0,1,1,1.0,1.448955294958033,6.0,0.0,0.0,0.0,0.0
728,2912.0,3,73023,0.07302299999999999,12270,1.227,510,510,64,204500,204500.0,1.0,0.0,1,1,1.0,1.448955294958033,6.0,0.0,0.0,0.0,0.0
729,2916.0,3,73023,0.07302299999999999,12270,1.227,510,510,64,204500,204500.0,1.0,0.0,1,1,1.0,1.448955294958033,6.0,0.0,0.0,0.0,0.0
730,2920.0,3,73023,0.07302299999999999,12270,1.227,510,510,64,204500,204500.0,1.0,0.0,1,1,1.0,1.448955294958033,6.0,0.0,0.0,0.0,0.0
731,2924.0,3,73023,0.07302299999999999,12270,1.227,510,510,64,204500,204500.0,1.0,0.0,1,1,1.0,1.448955294958033,6.0,0.0,0.0,0.0,0.0
732,2928.0,3,73023,0.07302299999999999,12270,1.227,510,510,64,204500,204500.0,1.0,0.0,1,1,1.0,1.448955294958033,6.0,0.0,0.0,0.0,0.0
733,2932.0,3,73023,0.07302299999999999,12270,1.227,510,510,64,204500,204500.0,1.0,0.0,1,1,1.0,1.448955294958033,6.0,0.0,0.0,0.0,0.0
734,2936.0,3,73023,0.07302299999999999,12270,1.227,510,510,64,204500,204500.0,1.0,0.0,1,1,1.0,1.448955294958033,6.0,0.0,0.0,0.0,0.0
735,2940.0,3,73023,0.07302299999999999,12270,1.227,510,510,64,204500,204500.0,1.0,0.0,1,1,1.0,1.448955294958033,6.0,0.0,0.0,0.0,0.0
736,2944.0,3,73023,0.07302299999999999,12270,1.227,510,510,64,204500,204500.0,1.0,0.0,1,1,1.0,1.448955294958033,7.0,0.0,0.0,0.0,0.0
737,2948.0,3,73023,0.07302299999999999,12270,1.227,510,510,64,204500,204500.0,1.0,0.0,1,1,1.0,1.448955294958033,7.0,0.0,0.0,0.0,0.0
738,2952.0,3,73023,0.07302299999999999,12270,1.227,510,510,64,204500,204500.0,1.0,0.0,1,1,1.0,1.448955294958033,7.0,0.0,0.0,0.0,0.0
739,2956.0,3,73023,0.07302299999999999,12270,1.227,510,510,64,204500,204500.0,1.0,0.0,1,1,1.0,1.448955294958033,7.0,0.0,0.0,0.0,0.0
740,2960.0,3,73023,0.07302299999999999,12270,1.227,510,510,64,204500,204500.0,1.0,0.0,1,1,1.0,1.448955294958033,7.0,0.0,0.0,0.0,0.0
741,2964.0,3,73023,0.07302299999999999,12270,1.227,510,510,64,204500,204500.0,1.0,0.0,1,1,1.0,1.448955294958033,7.0,0.0,0.0,0.0,0.0
742,2968.0,3,73023,0.07302299999999999,12270,1.227,510,510,64,204500,204500.0,1.0,0.0,1,1,1.0,1.448955294958033,7.0,0.0,0.0,0.0,0.0
743,2972.0,3,73023,0.07302299999999999,12270,1.227,510,510,64,204500,204500.0,1.0,0.0,1,1,1.0,1.448955294958033,7.0,0.0,0.0,0.0,0.0
744,2976.0,3,73023,0.07302299999999999,12270,1.227,510,510,64,204500,204500.0,1.0,0.0,1,1,1.0,1.448955294958033,7.0,0.0,0.0,0.0,0.0
745,2980.0,3,73023,0.07302299999999999,12270,1.227,510,510,64,204500,204500.0,1.0,0.0,1,1,1.0,1.448955294958033,7.0,0.0,0.0,0.0,0.0
746,2984.0,3,73023,0.07302299999999999,12270,1.227,510,510,64,204500,204500.0,1.0,0.0,1,1,1.0,1.448955294958033,7.0,0.0,0.0,0.0,0.0
747,2988.0,3,73023,0.07302299999999999,12270,1.227,510,510,64,204500,204500.0,1.0,0.0,1,1,1.0,1.448955294958033,7.0,0.0,0.0,0.0,0.0
748,2992.0,3,73023,0.07302299999999999,12270,1.227,510,510,64,204500,204500.0,1.0,0.0,1,1,1.0,1.448955294958033,7.0,0.0,0.0,0.0,0.0
749,2996.0,3,73023,0.07302299999999999,12270,1.227,510,510,64,204500,204500.0,1.0,0.0,1,1,1.0,1.448955294958033,7.0,0.0,0.0,0.0,0.0
750,3000.0,3,73023,0.07302299999999999,12270,1.227,510,510,64,204500,204500.0,1.0,0.0,1,1,1.0,1.448955294958033,7.0,0.0,0.0,0.0,0.0
751,3004.0,3,73023,0.07302299999999999,12270,1.227,510,510,64,204500,204500.0,1.0,0.0,1,1,1.0,1.448955294958033,7.0,0.0,0.0,0.0,0.0
752,3008.0,3,73023,0.07302299999999999,12270,1.227,510,510,64,204500,204500.0,1.0,0.0,1,1,1.0,1.448955294958033,7.0,0.0,0.0,0.0,0.0
753,3012.0,3,73023,0.07302299999999999,12270,1.227,510,510,64,204500,204500.0,1.0,0.0,1,1,1.0,1.448955294958033,7.0,0.0,0.0,0.0,0.0
754,3016.0,3,73023,0.07302299999999999,12270,1.227,510,510,64,204500,204500.0,1.0,0.0,1,1,1.0,1.448955294958033,7.0,0.0,0.0,0.0,0.0
755,3020.0,3,73023,0.07302299999999999,12270,1.227,510,510,64,204500,204500.0,1.0,0.0,1,1,1.0,1.448955294958033,7.0,0.0,0.0,0.0,0.0
756,3024.0,3,73023,0.07302299999999999,12270,1.227,510,510,64,204500,204500.0,1.0,0.0,1,1,1.0,1.448955294958033,7.0,0.0,0.0,0.0,0.0
757,3028.0,3,73023,0.07302299999999999,12270,1.227,510,510,64,204500,204500.0,1.0,0.0,1,1,1.0,1.448955294958033,7.0,0.0,0.0,0.0,0.0
758,3032.0,3,73023,0.07302299999999999,12270,1.227,510,510,64,204500,204500.0,1.0,0.0,1,1,1.0,1.448955294958033,7.0,0.0,0.0,0.0,0.0
759,3036.0,3,73023,0.07302299999999999,12270,1.227,510,510,64,204500,204500.0,1.0,0.0,1,1,1.0,1.448955294958033,7.0,0.0,0.0,0.0,0.0
760,3040.0,3,73023,0.07302299999999999,12270,1.227,510,510,64,204500,204500.0,1.0,0.0,1,1,1.0,1.448955294958033,7.0,0.0,0.0,0.0,0.0
761,3044.0,3,73023,0.07302299999999999,12270,1.227,510,510,64,204500,204500.0,1.0,0.0,1,1,1.0,1.448955294958033,7.0,0.0,0.0,0.0,0.0
762,3048.0,3,73023,0.07302299999999999,12270,1.227,510,510,64,204500,204500.0,1.0,0.0,1,1,1.0,1.448955294958033,7.0,0.0,0.0,0.0,0.0
763,3052.0,3,73023,0.07302299999999999,12270,1.227,510,510,64,204500,204500.0,1.0,0.0,1,1,1.0,1.448955294958033,7.0,0.0,0.0,0.0,0.0
764,3056.0,3,73023,0.07302299999999999,12270,1.227,510,510,64,204500,204500.0,1.0,0.0,1,1,1.0,1.448955294958033,7.0,0.0,0.0,0.0,0.0
765,3060.0,3,73023,0.07302299999999999,12270,1.227,510,510,64,204500,204500.0,1.0,0.0,1,1,1.0,1.448955294958033,7.0,0.0,0.0,0.0,0.0
766,3064.0,3,73023,0.07302299999999999,12270,1.227,510,510,64,204500,204500.0,1.0,0.0,1,1,1.0,1.448955294958033,7.0,0.0,0.0,0.0,0.0
767,3068.0,3,73023,0.07302299999999999,12270,1.227,510,510,64,204500,204500.0,1.0,0.0,1,1,1.0,1.448955294958033,7.0,0.0,0.0,0.0,0.0
768,3072.0,3,73023,0.07302299999999999,12270,1.227,510,510,64,204500,204500.0,1.0,0.0,1,1,1.0,1.448955294958033,7.0,0.0,0.0,0.0,0.0
769,3076.0,3,73023,0.07302299999999999,12270,1.227,510,510,64,204500,204500.0,1.0,0.0,1,1,1.0,1.448955294958033,7.0,0.0,0.0,0.0,0.0
770,3080.0,3,73023,0.07302299999999999,12270,1.227,510,510,64,204500,204500.0,1.0,0.0,1,1,1.0,1.448955294958033,7.0,0.0,0.0,0.0,0.0
771,3084.0,3,73023,0.07302299999999999,12270,1.227,510,510,64,204500,204500.0,1.0,0.0,1,1,1.0,1.448955294958033,7.0,0.0,0.0,0.0,0.0
772,3088.0,3,73023,0.07302299999999999,12270,1.227,510,510,64,204500,204500.0,1.0,0.0,1,1,1.0,1.448955294958033,7.0,0.0,0.0,0.0,0.0
773,3092.0,3,73023,0.07302299999999999,12270,1.227,510,510,64,204500,204500.0,1.0,0.0,1,1,1.0,1.448955294958033,7.0,0.0,0.0,0.0,0.0
774,3096.0,3,73023,0.07302299999999999,12270,1.227,510,510,64,204500,204500.0,1.0,0.0,1,1,1.0,1.448955294958033,7.0,0.0,0.0,0.0,0.0
775,3100.0,3,73023,0.07302299999999999,12270,1.227,510,510,64,204500,204500.0,1.0,0.0,1,1,1.0,1.448955294958033,7.0,0.0,0.0,0.0,0.0
776,3104.0,3,73023,0.07302299999999999,12270,1.227,510,510,64,204500,204500.0,1.0,0.0,1,1,1.0,1.448955294958033,7.0,0.0,0.0,0.0,0.0
777,3108.0,3,73023,0.07302299999999999,12270,1.227,510,510,64,204500,204500.0,1.0,0.0,1,1,1.0,1.448955294958033,7.0,0.0,0.0,0.0,0.0
778,3112.0,3,73023,0.07302299999999999,12270,1.227,510,510,64,204500,204500.0,1.0,0.0,1,1,1.0,1.448955294958033,7.0,0.0,0.0,0.0,0.0
779,3116.0,3,73023,0.07302299999999999,12270,1.227,510,510,64,204500,204500.0,1.0,0.0,1,1,1.0,1.448955294958033,7.0,0.0,0.0,0.0,0.0
780,3120.0,3,73023,0.07302299999999999,12270,1.227,510,510,64,204500,204500.0,1.0,0.0,1,1,1.0,1.448955294958033,7.0,0.0,0.0,0.0,0.0
781,3124.0,3,73023,0.07302299999999999,12270,1.227,510,510,64,204500,204500.0,1.0,0.0,1,1,1.0,1.448955294958033,7.0,0.0,0.0,0.0,0.0
782,3128.0,3,73023,0.07302299999999999,12270,1.227,510,510,64,204500,204500.0,1.0,0.0,1,1,1.0,1.448955294958033,7.0,0.0,0.0,0.0,0.0
783,3132.0,3,73023,0.07302299999999999,12270,1.227,510,510,64,204500,204500.0,1.0,0.0,1,1,1.0,1.448955294958033,7.0,0.0,0.0,0.0,0.0
784,3136.0,3,73023,0.07302299999999999,12270,1.227,510,510,64,204500,204500.0,1.0,0.0,1,1,1.0,1.448955294958033,7.0,0.0,0.0,0.0,0.0
785,3140.0,3,73023,0.07302299999999999,12270,1.227,510,510,64,204500,204500.0,1.0,0.0,1,1,1.0,1.448955294958033,7.0,0.0,0.0,0.0,0.0
786,3144.0,3,73023,0.07302299999999999,12270,1.227,510,510,64,204500,204500.0,1.0,0.0,1,1,1.0,1.448955294958033,7.0,0.0,0.0,0.0,0.0
787,3148.0,3,73023,0.07302299999999999,12270,1.227,510,510,64,204500,204500.0,1.0,0.0,1,1,1.0,1.448955294958033,7.0,0.0,0.0,0.0,0.0
788,3152.0,3,73023,0.07302299999999999,12270,1.227,510,510,64,204500,204500.0,1.0,0.0,1,1,1.0,1.448955294958033,7.0,0.0,0.0,0.0,0.0
789,3156.0,3,73023,0.07302299999999999,12270,1.227,510,510,64,204500,204500.0,1.0,0.0,1,1,1.0,1.448955294958033,7.0,0.0,0.0,0.0,0.0
790,3160.0,3,73023,0.07302299999999999,12270,1.227,510,510,64,204500,204500.0,1.0,0.0,1,1,1.0,1.448955294958033,7.0,0.0,0.0,0.0,0.0
791,3164.0,3,73023,0.07302299999999999,12270,1.227,510,510,64,204500,204500.0,1.0,0.0,1,1,1.0,1.448955294958033,7.0,0.0,0.0,0.0,0.0
792,3168.0,3,73023,0.07302299999999999,12270,1.227,510,510,64,204500,204500.0,1.0,0.0,1,1,1.0,1.448955294958033,8.0,0.0,0.0,0.0,0.0
793,3172.0,3,73023,0.07302299999999999,12270,1.227,510,510,64,204500,204500.0,1.0,0.0,1,1,1.0,1.448955294958033,8.0,0.0,0.0,0.0,0.0
794,3176.0,3,73023,0.07302299999999999,12270,1.227,510,510,64,204500,204500.0,1.0,0.0,1,1,1.0,1.448955294958033,8.0,0.0,0.0,0.0,0.0
795,3180.0,3,73023,0.07302299999999999,12270,1.227,510,510,64,204500,204500.0,1.0,0.0,1,1,1.0,1.448955294958033,8.0,0.0,0.0,0.0,0.0
796,3184.0,3,73023,0.07302299999999999,12270,1.227,510,510,64,204500,204500.0,1.0,0.0,1,1,1.0,1.448955294958033,8.0,0.0,0.0,0.0,0.0
797,3188.0,3,73023,0.07302299999999999,12270,1.227,510,510,64,204500,204500.0,1.0,0.0,1,1,1.0,1.448955294958033,8.0,0.0,0.0,0.0,0.0
798,3192.0,3,73023,0.07302299999999999,12270,1.227,510,510,64,204500,204500.0,1.0,0.0,1,1,1.0,1.448955294958033,8.0,0.0,0.0,0.0,0.0
799,3196.0,3,73023,0.07302299999999999,12270,1.227,510,510,64,204500,204500.0,1.0,0.0,1,1,1.0,1.448955294958033,8.0,0.0,0.0,0.0,0.0
800,3200.0,3,73023,0.07302299999999999,12270,1.227,510,510,64,204500,204500.0,1.0,0.0,1,1,1.0,1.448955294958033,8.0,0.0,0.0,0.0,0.0
801,3204.0,3,73023,0.07302299999999999,12270,1.227,510,510,64,204500,204500.0,1.0,0.0,1,1,1.0,1.448955294958033,8.0,0.0,0.0,0.0,0.0
802,3208.0,3,73023,0.07302299999999999,12270,1.227,510,510,64,204500,204500.0,1.0,0.0,1,1,1.0,1.448955294958033,8.0,0.0,0.0,0.0,0.0
803,3212.0,3,73023,0.07302299999999999,12270,1.227,510,510,64,204500,204500.0,1.0,0.0,1,1,1.0,1.448955294958033,8.0,0.0,0.0,0.0,0.0
804,3216.0,3,73023,0.07302299999999999,12270,1.227,510,510,64,204500,204500.0,1.0,0.0,1,1,1.0,1.448955294958033,8.0,0.0,0.0,0.0,0.0
805,3220.0,3,73023,0.07302299999999999,12270,1.227,510,510,64,204500,204500.0,1.0,0.0,1,1,1.0,1.448955294958033,8.0,0.0,0.0,0.0,0.0
806,3224.0,3,73023,0.07302299999999999,12270,1.227,510,510,64,204500,204500.0,1.0,0.0,1,1,1.0,1.448955294958033,8.0,0.0,0.0,0.0,0.0
807,3228.0,3,73023,0.07302299999999999,12270,1.227,510,510,64,204500,204500.0,1.0,0.0,1,1,1.0,1.448955294958033,8.0,0.0,0.0,0.0,0.0
808,3232.0,3,73023,0.07302299999999999,12270,1.227,510,510,64,204500,204500.0,1.0,0.0,1,1,1.0,1.448955294958033,8.0,0.0,0.0,0.0,0.0
809,3236.0,3,73023,0.07302299999999999,12270,1.227,510,510,64,204500,204500.0,1.0,0.0,1,1,1.0,1.448955294958033,8.0,0.0,0.0,0.0,0.0
810,3240.0,3,73023,0.07302299999999999,12270,1.227,510,510,64,204500,204500.0,1.0,0.0,1,1,1.0,1.448955294958033,8.0,0.0,0.0,0.0,0.0
811,3244.0,3,73023,0.07302299999999999,12270,1.227,510,510,64,204500,204500.0,1.0,0.0,1,1,1.0,1.448955294958033,8.0,0.0,0.0,0.0,0.0
812,3248.0,3,73023,0.07302299999999999,12270,1.227,510,510,64,204500,204500.0,1.0,0.0,1,1,1.0,1.448955294958033,8.0,0.0,0.0,0.0,0.0
813,3252.0,3,73023,0.07302299999999999,12270,1.227,510,510,64,204500,204500.0,1.0,0.0,1,1,1.0,1.448955294958033,8.0,0.0,0.0,0.0,0.0
814,3256.0,3,73023,0.07302299999999999,12270,1.227,510,510,64,204500,204500.0,1.0,0.0,1,1,1.0,1.448955294958033,8.0,0.0,0.0,0.0,0.0
815,3260.0,3,73023,0.07302299999999999,12270,1.227,510,510,64,204500,204500.0,1.0,0.0,1,1,1.0,1.448955294958033,8.0,0.0,0.0,0.0,0.0
816,3264.0,3,73023,0.07302299999999999,12270,1.227,510,510,64,204500,204500.0,1.0,0.0,1,1,1.0,1.448955294958033,8.0,0.0,0.0,0.0,0.0
817,3268.0,3,73023,0.07302299999999999,12270,1.227,510,510,64,204500,204500.0,1.0,0.0,1,1,1.0,1.448955294958033,8.0,0.0,0.0,0.0,0.0
818,3272.0,3,73023,0.07302299999999999,12270,1.227,510,510,64,204500,204500.0,1.0,0.0,1,1,1.0,1.448955294958033,8.0,0.0,0.0,0.0,0.0
819,3276.0,3,73023,0.07302299999999999,12270,1.227,510,510,64,204500,204500.0,1.0,0.0,1,1,1.0,1.448955294958033,8.0,0.0,0.0,0.0,0.0
820,3280.0,3,73023,0.07302299999999999,12270,1.227,510,510,64,204500,204500.0,1.0,0.0,1,1,1.0,1.448955294958033,8.0,0.0,0.0,0.0,0.0
821,3284.0,3,73023,0.07302299999999999,12270,1.227,510,510,64,204500,204500.0,1.0,0.0,1,1,1.0,1.448955294958033,8.0,0.0,0.0,0.0,0.0
822,3288.0,3,73023,0.07302299999999999,12270,1.227,510,510,64,204500,204500.0,1.0,0.0,1,1,1.0,1.448955294958033,8.0,0.0,0.0,0.0,0.0
823,3292.0,3,73023,0.07302299999999999,12270,1.227,510,510,64,204500,204500.0,1.0,0.0,1,1,1.0,1.448955294958033,8.0,0.0,0.0,0.0,0.0
824,3296.0,3,73023,0.07302299999999999,12270,1.227,510,510,64,204500,204500.0,1.0,0.0,1,1,1.0,1.448955294958033,8.0,0.0,0.0,0.0,0.0
825,3300.0,3,73023,0.07302299999999999,12270,1.227,510,510,64,204500,204500.0,1.0,0.0,1,1,1.0,1.448955294958033,8.0,0.0,0.0,0.0,0.0
826,3304.0,3,73023,0.07302299999999999,12270,1.227,510,510,64,204500,204500.0,1.0,0.0,1,1,1.0,1.448955294958033,8.0,0.0,0.0,0.0,0.0
827,3308.0,3,73023,0.07302299999999999,12270,1.227,510,510,64,204500,204500.0,1.0,0.0,1,1,1.0,1.448955294958033,8.0,0.0,0.0,0.0,0.0
828,3312.0,3,73023,0.07302299999999999,12270,1.227,510,510,64,204500,204500.0,1.0,0.0,1,1,1.0,1.448955294958033,8.0,0.0,0.0,0.0,0.0
829,3316.0,3,73023,0.07302299999999999,12270,1.227,510,510,64,204500,204500.0,1.0,0.0,1,1,1.0,1.448955294958033,8.0,0.0,0.0,0.0,0.0
830,3320.0,3,73023,0.07302299999999999,12270,1.227,510,510,64,204500,204500.0,1.0,0.0,1,1,1.0,1.448955294958033,8.0,0.0,0.0,0.0,0.0
831,3324.0,3,73023,0.07302299999999999,12270,1.227,510,510,64,204500,204500.0,1.0,0.0,1,1,1.0,1.448955294958033,8.0,0.0,0.0,0.0,0.0
832,3328.0,3,73023,0.07302299999999999,12270,1.227,510,510,64,204500,204500.0,1.0,0.0,1,1,1.0,1.448955294958033,8.0,0.0,0.0,0.0,0.0
833,3332.0,3,73023,0.07302299999999999,12270,1.227,510,510,64,204500,204500.0,1.0,0.0,1,1,1.0,1.448955294958033,8.0,0.0,0.0,0.0,0.0
834,3336.0,3,73023,0.07302299999999999,12270,1.227,510,510,64,204500,204500.0,1.0,0.0,1,1,1.0,1.448955294958033,8.0,0.0,0.0,0.0,0.0
835,3340.0,3,73023,0.07302299999999999,12270,1.227,510,510,64,204500,204500.0,1.0,0.0,1,1,1.0,1.448955294958033,8.0,0.0,0.0,0.0,0.0
836,3344.0,3,73023,0.07302299999999999,12270,1.227,510,510,64,204500,204500.0,1.0,0.0,1,1,1.0,1.448955294958033,8.0,0.0,0.0,0.0,0.0
837,3348.0,3,73023,0.07302299999999999,12270,1.227,510,510,64,204500,204500.0,1.0,0.0,1,1,1.0,1.448955294958033,8.0,0.0,0.0,0.0,0.0
838,3352.0,3,73023,0.07302299999999999,12270,1.227,510,510,64,204500,204500.0,1.0,0.0,1,1,1.0,1.448955294958033,8.0,0.0,0.0,0.0,0.0
839,3356.0,3,73023,0.07302299999999999,12270,1.227,510,510,64,204500,204500.0,1.0,0.0,1,1,1.0,1.448955294958033,8.0,0.0,0.0,0.0,0.0
840,3360.0,3,73023,0.07302299999999999,12270,1.227,510,510,64,204500,204500.0,1.0,0.0,1,1,1.0,1.448955294958033,8.0,0.0,0.0,0.0,0.0
841,3364.0,3,73023,0.07302299999999999,12270,1.227,510,510,64,204500,204500.0,1.0,0.0,1,1,1.0,1.448955294958033,8.0,0.0,0.0,0.0,0.0
842,3368.0,3,73023,0.07302299999999999,12270,1.227,510,510,64,204500,204500.0,1.0,0.0,1,1,1.0,1.448955294958033,8.0,0.0,0.0,0.0,0.0
843,3372.0,3,73023,0.07302299999999999,12270,1.227,510,510,64,204500,204500.0,1.0,0.0,1,1,1.0,1.448955294958033,8.0,0.0,0.0,0.0,0.0
844,3376.0,3,73023,0.07302299999999999,12270,1.227,510,510,64,204500,204500.0,1.0,0.0,1,1,1.0,1.448955294958033,8.0,0.0,0.0,0.0,0.0
845,3380.0,3,73023,0.07302299999999999,12270,1.227,510,510,64,204500,204500.0,1.0,0.0,1,1,1.0,1.448955294958033,8.0,0.0,0.0,0.0,0.0
846,3384.0,3,73023,0.07302299999999999,12270,1.227,510,510,64,204500,204500.0,1.0,0.0,1,1,1.0,1.448955294958033,8.0,0.0,0.0,0.0,0.0
847,3388.0,3,73023,0.07302299999999999,12270,1.227,510,510,64,204500,204500.0,1.0,0.0,1,1,1.0,1.448955294958033,8.0,0.0,0.0,0.0,0.0
848,3392.0,3,73023,0.07302299999999999,12270,1.227,510,510,64,204500,204500.0,1.0,0.0,1,1,1.0,1.448955294958033,8.0,0.0,0.0,0.0,0.0
849,3396.0,4,81709,0.08170899999999999,13206,1.3206,530,530,64,220100,220100.0,1.0,0.0,1,1,1.0,1.621306823818878,8.0,0.0,0.0,0.0,0.0
850,3400.0,4,81709,0.08170899999999999,13206,1.3206,530,530,64,220100,220100.0,1.0,0.0,1,1,1.0,1.621306823818878,8.0,0.0,0.0,0.0,0.0
851,3404.0,4,81709,0.08170899999999999,13206,1.3206,530,530,64,220100,220100.0,1.0,0.0,1,1,1.0,1.621306823818878,8.0,0.0,0.0,0.0,0.0
852,3408.0,4,81709,0.08170899999999999,13206,1.3206,530,530,64,220100,220100.0,1.0,0.0,1,1,1.0,1.621306823818878,8.0,0.0,0.0,0.0,0.0
853,3412.0,4,81709,0.08170899999999999,13206,1.3206,530,530,64,220100,220100.0,1.0,0.0,1,1,1.0,1.621306823818878,8.0,0.0,0.0,0.0,0.0
854,3416.0,4,81709,0.08170899999999999,13206,1.3206,530,530,64,220100,220100.0,1.0,0.0,1,1,1.0,1.621306823818878,8.0,0.0,0.0,0.0,0.0
855,3420.0,4,81709,0.08170899999999999,13206,1.3206,530,530,64,220100,220100.0,1.0,0.0,1,1,1.0,1.621306823818878,8.0,0.0,0.0,0.0,0.0
856,3424.0,4,81709,0.08170899999999999,13206,1.3206,530,530,64,220100,220100.0,1.0,0.0,1,1,1.0,1.621306823818878,9.0,0.0,0.0,0.0,0.0
857,3428.0,4,81709,0.08170899999999999,13206,1.3206,530,530,64,220100,220100.0,1.0,0.0,1,1,1.0,1.621306823818878,9.0,0.0,0.0,0.0,0.0
858,3432.0,4,81709,0.08170899999999999,13206,1.3206,530,530,64,220100,220100.0,1.0,0.0,1,1,1.0,1.621306823818878,10.0,0.0,0.0,0.0,0.0
859,3436.0,4,81709,0.08170899999999999,13206,1.3206,530,530,64,220100,220100.0,1.0,0.0,1,1,1.0,1.621306823818878,10.0,0.0,0.0,0.0,0.0
860,3440.0,4,81709,0.08170899999999999,13206,1.3206,530,530,64,220100,220100.0,1.0,0.0,1,1,1.0,1.621306823818878,10.0,0.0,0.0,0.0,0.0
861,3444.0,4,81709,0.08170899999999999,13206,1.3206,530,530,64,220100,220100.0,1.0,0.0,1,1,1.0,1.621306823818878,10.0,0.0,0.0,0.0,0.0
862,3448.0,4,81709,0.08170899999999999,13206,1.3206,530,530,64,220100,220100.0,1.0,0.0,1,1,1.0,1.621306823818878,10.0,0.0,0.0,0.0,0.0
863,3452.0,4,81709,0.08170899999999999,13206,1.3206,530,530,64,220100,220100.0,1.0,0.0,1,1,1.0,1.621306823818878,10.0,0.0,0.0,0.0,0.0
864,3456.0,4,81709,0.08170899999999999,13206,1.3206,530,530,64,220100,220100.0,1.0,0.0,1,1,1.0,1.621306823818878,10.0,0.0,0.0,0.0,0.0
865,3460.0,4,81709,0.08170899999999999,13206,1.3206,530,530,64,220100,220100.0,1.0,0.0,1,1,1.0,1.621306823818878,10.0,0.0,0.0,0.0,0.0
866,3464.0,4,81709,0.08170899999999999,13206,1.3206,530,530,64,220100,220100.0,1.0,0.0,1,1,1.0,1.621306823818878,10.0,0.0,0.0,0.0,0.0
867,3468.0,4,81709,0.08170899999999999,13206,1.3206,530,530,64,220100,220100.0,1.0,0.0,1,1,1.0,1.621306823818878,10.0,0.0,0.0,0.0,0.0
868,3472.0,4,81709,0.08170899999999999,13206,1.3206,530,530,64,220100,220100.0,1.0,0.0,1,1,1.0,1.621306823818878,10.0,0.0,0.0,0.0,0.0
869,3476.0,4,81709,0.08170899999999999,13206,1.3206,530,530,64,220100,220100.0,1.0,0.0,1,1,1.0,1.621306823818878,10.0,0.0,0.0,0.0,0.0
870,3480.0,4,81709,0.08170899999999999,13206,1.3206,530,530,64,220100,220100.0,1.0,0.0,1,1,1.0,1.621306823818878,10.0,0.0,0.0,0.0,0.0
871,3484.0,4,81709,0.08170899999999999,13206,1.3206,530,530,64,220100,220100.0,1.0,0.0,1,1,1.0,1.621306823818878,10.0,0.0,0.0,0.0,0.0
872,3488.0,4,81709,0.08170899999999999,13206,1.3206,530,530,64,220100,220100.0,1.0,0.0,1,1,1.0,1.621306823818878,10.0,0.0,0.0,0.0,0.0
873,3492.0,4,81709,0.08170899999999999,13206,1.3206,530,530,64,220100,220100.0,1.0,0.0,1,1,1.0,1.621306823818878,10.0,0.0,0.0,0.0,0.0
874,3496.0,4,81709,0.08170899999999999,13206,1.3206,530,530,64,220100,220100.0,1.0,0.0,1,1,1.0,1.621306823818878,10.0,0.0,0.0,0.0,0.0
875,3500.0,4,81709,0.08170899999999999,13206,1.3206,530,530,64,220100,220100.0,1.0,0.0,1,1,1.0,1.621306823818878,10.0,0.0,0.0,0.0,0.0
876,3504.0,4,81709,0.08170899999999999,13206,1.3206,530,530,64,220100,220100.0,1.0,0.0,1,1,1.0,1.621306823818878,10.0,0.0,0.0,0.0,0.0
877,3508.0,4,81709,0.08170899999999999,13206,1.3206,530,530,64,220100,220100.0,1.0,0.0,1,1,1.0,1.621306823818878,10.0,0.0,0.0,0.0,0.0
878,3512.0,4,81709,0.08170899999999999,13206,1.3206,530,530,64,220100,220100.0,1.0,0.0,1,1,1.0,1.621306823818878,10.0,0.0,0.0,0.0,0.0
879,3516.0,4,81709,0.08170899999999999,13206,1.3206,530,530,64,220100,220100.0,1.0,0.0,1,1,1.0,1.621306823818878,10.0,0.0,0.0,0.0,0.0
880,3520.0,4,81709,0.08170899999999999,13206,1.3206,530,530,64,220100,220100.0,1.0,0.0,1,1,1.0,1.621306823818878,10.0,0.0,0.0,0.0,0.0
881,3524.0,4,81709,0.08170899999999999,13206,1.3206,530,530,64,220100,220100.0,1.0,0.0,1,1,1.0,1.621306823818878,10.0,0.0,0.0,0.0,0.0
882,3528.0,4,81709,0.08170899999999999,13206,1.3206,530,530,64,220100,220100.0,1.0,0.0,1,1,1.0,1.621306823818878,10.0,0.0,0.0,0.0,0.0
883,3532.0,4,81709,0.08170899999999999,13206,1.3206,530,530,64,220100,220100.0,1.0,0.0,1,1,1.0,1.621306823818878,10.0,0.0,0.0,0.0,0.0
884,3536.0,4,81709,0.08170899999999999,13206,1.3206,530,530,64,220100,220100.0,1.0,0.0,1,1,1.0,1.621306823818878,10.0,0.0,0.0,0.0,0.0
885,3540.0,4,81709,0.08170899999999999,13206,1.3206,530,530,64,220100,220100.0,1.0,0.0,1,1,1.0,1.621306823818878,10.0,0.0,0.0,0.0,0.0
886,3544.0,4,81709,0.08170899999999999,13206,1.3206,530,530,64,220100,220100.0,1.0,0.0,1,1,1.0,1.621306823818878,10.0,0.0,0.0,0.0,0.0
887,3548.0,4,81709,0.08170899999999999,13206,1.3206,530,530,64,220100,220100.0,1.0,0.0,1,1,1.0,1.621306823818878,10.0,0.0,0.0,0.0,0.0
888,3552.0,4,81709,0.08170899999999999,13206,1.3206,530,530,64,220100,220100.0,1.0,0.0,1,1,1.0,1.621306823818878,10.0,0.0,0.0,0.0,0.0
889,3556.0,4,81709,0.08170899999999999,13206,1.3206,530,530,64,220100,220100.0,1.0,0.0,1,1,1.0,1.621306823818878,11.0,0.0,0.0,0.0,0.0
890,3560.0,4,81709,0.08170899999999999,13206,1.3206,530,530,64,220100,220100.0,1.0,0.0,1,1,1.0,1.621306823818878,11.0,0.0,0.0,0.0,0.0
891,3564.0,4,81709,0.08170899999999999,13206,1.3206,530,530,64,220100,220100.0,1.0,0.0,1,1,1.0,1.621306823818878,11.0,0.0,0.0,0.0,0.0
892,3568.0,4,81709,0.08170899999999999,13206,1.3206,530,530,64,220100,220100.0,1.0,0.0,1,1,1.0,1.621306823818878,11.0,0.0,0.0,0.0,0.0
893,3572.0,4,81709,0.08170899999999999,13206,1.3206,530,530,64,220100,220100.0,1.0,0.0,1,1,1.0,1.621306823818878,11.0,0.0,0.0,0.0,0.0
894,3576.0,4,81709,0.08170899999999999,13206,1.3206,530,530,64,220100,220100.0,1.0,0.0,1,1,1.0,1.621306823818878,11.0,0.0,0.0,0.0,0.0
895,3580.0,4,81709,0.08170899999999999,13206,1.3206,530,530,64,220100,220100.0,1.0,0.0,1,1,1.0,1.621306823818878,11.0,0.0,0.0,0.0,0.0
896,3584.0,4,81709,0.08170899999999999,13206,1.3206,530,530,64,220100,220100.0,1.0,0.0,1,1,1.0,1.621306823818878,11.0,0.0,0.0,0.0,0.0
897,3588.0,4,81709,0.08170899999999999,13206,1.3206,530,530,64,220100,220100.0,1.0,0.0,1,1,1.0,1.621306823818878,11.0,0.0,0.0,0.0,0.0
898,3592.0,4,81709,0.08170899999999999,13206,1.3206,530,530,64,220100,220100.0,1.0,0.0,1,1,1.0,1.621306823818878,11.0,0.0,0.0,0.0,0.0
899,3596.0,4,81709,0.08170899999999999,13206,1.3206,530,530,64,220100,220100.0,1.0,0.0,1,1,1.0,1.621306823818878,12.0,0.0,0.0,0.0,0.0
900,3600.0,4,81709,0.08170899999999999,13206,1.3206,530,530,64,220100,220100.0,1.0,0.0,1,1,1.0,1.621306823818878,12.0,0.0,0.0,0.0,0.0
901,3604.0,4,81709,0.08170899999999999,13206,1.3206,530,530,64,220100,220100.0,1.0,0.0,1,1,1.0,1.621306823818878,12.0,0.0,0.0,0.0,0.0
902,3608.0,4,81709,0.08170899999999999,13206,1.3206,530,530,64,220100,220100.0,1.0,0.0,1,1,1.0,1.621306823818878,12.0,0.0,0.0,0.0,0.0
903,3612.0,4,81709,0.08170899999999999,13206,1.3206,530,530,64,220100,220100.0,1.0,0.0,1,1,1.0,1.621306823818878,12.0,0.0,0.0,0.0,0.0
904,3616.0,4,81709,0.08170899999999999,13206,1.3206,530,530,64,220100,220100.0,1.0,0.0,1,1,1.0,1.621306823818878,12.0,0.0,0.0,0.0,0.0
905,3620.0,4,81709,0.08170899999999999,13206,1.3206,530,530,64,220100,220100.0,1.0,0.0,1,1,1.0,1.621306823818878,12.0,0.0,0.0,0.0,0.0
906,3624.0,4,81709,0.08170899999999999,13206,1.3206,530,530,64,220100,220100.0,1.0,0.0,1,1,1.0,1.621306823818878,12.0,0.0,0.0,0.0,0.0
907,3628.0,4,81709,0.08170899999999999,13206,1.3206,530,530,64,220100,220100.0,1.0,0.0,1,1,1.0,1.621306823818878,12.0,0.0,0.0,0.0,0.0
908,3632.0,4,81709,0.08170899999999999,13206,1.3206,530,530,64,220100,220100.0,1.0,0.0,1,1,1.0,1.621306823818878,12.0,0.0,0.0,0.0,0.0
909,3636.0,4,81709,0.08170899999999999,13206,1.3206,530,530,64,220100,220100.0,1.0,0.0,1,1,1.0,1.621306823818878,12.0,0.0,0.0,0.0,0.0
910,3640.0,4,81709,0.08170899999999999,13206,1.3206,530,530,64,220100,220100.0,1.0,0.0,1,1,1.0,1.621306823818878,12.0,0.0,0.0,0.0,0.0
911,3644.0,4,81709,0.08170899999999999,13206,1.3206,530,530,64,220100,220100.0,1.0,0.0,1,1,1.0,1.621306823818878,12.0,0.0,0.0,0.0,0.0
912,3648.0,4,81709,0.08170899999999999,13206,1.3206,530,530,64,220100,220100.0,1.0,0.0,1,1,1.0,1.621306823818878,12.0,0.0,0.0,0.0,0.0
913,3652.0,4,81709,0.08170899999999999,13206,1.3206,530,530,64,220100,220100.0,1.0,0.0,1,1,1.0,1.621306823818878,12.0,0.0,0.0,0.0,0.0
914,3656.0,4,81709,0.08170899999999999,13206,1.3206,530,530,64,220100,220100.0,1.0,0.0,1,1,1.0,1.621306823818878,12.0,0.0,0.0,0.0,0.0
915,3660.0,4,81709,0.08170899999999999,13206,1.3206,530,530,64,220100,220100.0,1.0,0.0,1,1,1.0,1.621306823818878,12.0,0.0,0.0,0.0,0.0
916,3664.0,4,81709,0.08170899999999999,13206,1.3206,530,530,64,220100,220100.0,1.0,0.0,1,1,1.0,1.621306823818878,12.0,0.0,0.0,0.0,0.0
917,3668.0,4,81709,0.08170899999999999,13206,1.3206,530,530,64,220100,220100.0,1.0,0.0,1,1,1.0,1.621306823818878,12.0,0.0,0.0,0.0,0.0
918,3672.0,4,81709,0.08170899999999999,13206,1.3206,530,530,64,220100,220100.0,1.0,0.0,1,1,1.0,1.621306823818878,12.0,0.0,0.0,0.0,0.0
919,3676.0,4,81709,0.08170899999999999,13206,1.3206,530,530,64,220100,220100.0,1.0,0.0,1,1,1.0,1.621306823818878,12.0,0.0,0.0,0.0,0.0
920,3680.0,4,81709,0.08170899999999999,13206,1.3206,530,530,64,220100,220100.0,1.0,0.0,1,1,1.0,1.621306823818878,12.0,0.0,0.0,0.0,0.0
921,3684.0,4,81709,0.08170899999999999,13206,1.3206,530,530,64,220100,220100.0,1.0,0.0,1,1,1.0,1.621306823818878,12.0,0.0,0.0,0.0,0.0
922,3688.0,4,81709,0.08170899999999999,13206,1.3206,530,530,64,220100,220100.0,1.0,0.0,1,1,1.0,1.621306823818878,12.0,0.0,0.0,0.0,0.0
923,3692.0,4,81709,0.08170899999999999,13206,1.3206,530,530,64,220100,220100.0,1.0,0.0,1,1,1.0,1.621306823818878,12.0,0.0,0.0,0.0,0.0
924,3696.0,4,81709,0.08170899999999999,13206,1.3206,530,530,64,220100,220100.0,1.0,0.0,1,1,1.0,1.621306823818878,12.0,0.0,0.0,0.0,0.0
925,3700.0,4,81709,0.08170899999999999,13206,1.3206,530,530,64,220100,220100.0,1.0,0.0,1,1,1.0,1.621306823818878,12.0,0.0,0.0,0.0,0.0
926,3704.0,4,81709,0.08170899999999999,13206,1.3206,530,530,64,220100,220100.0,1.0,0.0,1,1,1.0,1.621306823818878,12.0,0.0,0.0,0.0,0.0
927,3708.0,4,81709,0.08170899999999999,13206,1.3206,530,530,64,220100,220100.0,1.0,0.0,1,1,1.0,1.621306823818878,12.0,0.0,0.0,0.0,0.0
928,3712.0,4,81709,0.08170899999999999,13206,1.3206,530,530,64,220100,220100.0,1.0,0.0,1,1,1.0,1.621306823818878,12.0,0.0,0.0,0.0,0.0
929,3716.0,4,81709,0.08170899999999999,13206,1.3206,530,530,64,220100,220100.0,1.0,0.0,1,1,1.0,1.621306823818878,12.0,0.0,0.0,0.0,0.0
930,3720.0,4,81709,0.08170899999999999,13206,1.3206,530,530,64,220100,220100.0,1.0,0.0,1,1,1.0,1.621306823818878,12.0,0.0,0.0,0.0,0.0
931,3724.0,4,81709,0.08170899999999999,13206,1.3206,530,530,64,220100,220100.0,1.0,0.0,1,1,1.0,1.621306823818878,12.0,0.0,0.0,0.0,0.0
932,3728.0,4,81709,0.08170899999999999,13206,1.3206,530,530,64,220100,220100.0,1.0,0.0,1,1,1.0,1.621306823818878,12.0,0.0,0.0,0.0,0.0
933,3732.0,4,81709,0.08170899999999999,13206,1.3206,530,530,64,220100,220100.0,1.0,0.0,1,1,1.0,1.621306823818878,12.0,0.0,0.0,0.0,0.0
934,3736.0,4,81709,0.08170899999999999,13206,1.3206,530,530,64,220100,220100.0,1.0,0.0,1,1,1.0,1.621306823818878,12.0,0.0,0.0,0.0,0.0
935,3740.0,4,81709,0.08170899999999999,13206,1.3206,530,530,64,220100,220100.0,1.0,0.0,1,1,1.0,1.621306823818878,12.0,0.0,0.0,0.0,0.0
936,3744.0,4,81709,0.08170899999999999,13206,1.3206,530,530,64,220100,220100.0,1.0,0.0,1,1,1.0,1.621306823818878,12.0,0.0,0.0,0.0,0.0
937,3748.0,4,81709,0.08170899999999999,13206,1.3206,530,530,64,220100,220100.0,1.0,0.0,1,1,1.0,1.621306823818878,12.0,0.0,0.0,0.0,0.0
938,3752.0,4,81709,0.08170899999999999,13206,1.3206,530,530,64,220100,220100.0,1.0,0.0,1,1,1.0,1.621306823818878,12.0,0.0,0.0,0.0,0.0
939,3756.0,4,81709,0.08170899999999999,13206,1.3206,530,530,64,220100,220100.0,1.0,0.0,1,1,1.0,1.621306823818878,12.0,0.0,0.0,0.0,0.0
940,3760.0,4,81709,0.08170899999999999,13206,1.3206,530,530,64,220100,220100.0,1.0,0.0,1,1,1.0,1.621306823818878,12.0,0.0,0.0,0.0,0.0
941,3764.0,4,81709,0.08170899999999999,13206,1.3206,530,530,64,220100,220100.0,1.0,0.0,1,1,1.0,1.621306823818878,12.0,0.0,0.0,0.0,0.0
942,3768.0,4,81709,0.08170899999999999,13206,1.3206,530,530,64,220100,220100.0,1.0,0.0,1,1,1.0,1.621306823818878,12.0,0.0,0.0,0.0,0.0
943,3772.0,4,81709,0.08170899999999999,13206,1.3206,530,530,64,220100,220100.0,1.0,0.0,1,1,1.0,1.621306823818878,12.0,0.0,0.0,0.0,0.0
944,3776.0,4,81709,0.08170899999999999,13206,1.3206,530,530,64,220100,220100.0,1.0,0.0,1,1,1.0,1.621306823818878,12.0,0.0,0.0,0.0,0.0
945,3780.0,4,81709,0.08170899999999999,13206,1.3206,530,530,64,220100,220100.0,1.0,0.0,1,1,1.0,1.621306823818878,12.0,0.0,0.0,0.0,0.0
946,3784.0,4,81709,0.08170899999999999,13206,1.3206,530,530,64,220100,220100.0,1.0,0.0,1,1,1.0,1.621306823818878,12.0,0.0,0.0,0.0,0.0
947,3788.0,4,81709,0.08170899999999999,13206,1.3206,530,530,64,220100,220100.0,1.0,0.0,1,1,1.0,1.621306823818878,12.0,0.0,0.0,0.0,0.0
948,3792.0,4,81709,0.08170899999999999,13206,1.3206,530,530,64,220100,220100.0,1.0,0.0,1,1,1.0,1.621306823818878,12.0,0.0,0.0,0.0,0.0
949,3796.0,4,81709,0.08170899999999999,13206,1.3206,530,530,64,220100,220100.0,1.0,0.0,1,1,1.0,1.621306823818878,12.0,0.0,0.0,0.0,0.0
950,3800.0,4,81709,0.08170899999999999,13206,1.3206,530,530,64,220100,220100.0,1.0,0.0,1,1,1.0,1.621306823818878,12.0,0.0,0.0,0.0,0.0
951,3804.0,4,81709,0.08170899999999999,13206,1.3206,530,530,64,220100,220100.0,1.0,0.0,1,1,1.0,1.621306823818878,12.0,0.0,0.0,0.0,0.0
952,3808.0,4,81709,0.08170899999999999,13206,1.3206,530,530,64,220100,220100.0,1.0,0.0,1,1,1.0,1.621306823818878,12.0,0.0,0.0,0.0,0.0
953,3812.0,4,81709,0.08170899999999999,13206,1.3206,530,530,64,220100,220100.0,1.0,0.0,1,1,1.0,1.621306823818878,12.0,0.0,0.0,0.0,0.0
954,3816.0,4,81709,0.08170899999999999,13206,1.3206,530,530,64,220100,220100.0,1.0,0.0,1,1,1.0,1.621306823818878,12.0,0.0,0.0,0.0,0.0
955,3820.0,4,81709,0.08170899999999999,13206,1.3206,530,530,64,220100,220100.0,1.0,0.0,1,1,1.0,1.621306823818878,12.0,0.0,0.0,0.0,0.0
956,3824.0,4,81709,0.08170899999999999,13206,1.3206,530,530,64,220100,220100.0,1.0,0.0,1,1,1.0,1.621306823818878,12.0,0.0,0.0,0.0,0.0
957,3828.0,4,81709,0.08170899999999999,13206,1.3206,530,530,64,220100,220100.0,1.0,0.0,1,1,1.0,1.621306823818878,12.0,0.0,0.0,0.0,0.0
958,3832.0,4,81709,0.08170899999999999,13206,1.3206,530,530,64,220100,220100.0,1.0,0.0,1,1,1.0,1.621306823818878,12.0,0.0,0.0,0.0,0.0
959,3836.0,4,81709,0.08170899999999999,13206,1.3206,530,530,64,220100,220100.0,1.0,0.0,1,1,1.0,1.621306823818878,12.0,0.0,0.0,0.0,0.0
960,3840.0,4,81709,0.08170899999999999,13206,1.3206,530,530,64,220100,220100.0,1.0,0.0,1,1,1.0,1.621306823818878,12.0,0.0,0.0,0.0,0.0
961,3844.0,4,81709,0.08170899999999999,13206,1.3206,530,530,64,220100,220100.0,1.0,0.0,1,1,1.0,1.621306823818878,12.0,0.0,0.0,0.0,0.0
962,3848.0,4,81709,0.08170899999999999,13206,1.3206,530,530,64,220100,220100.0,1.0,0.0,1,1,1.0,1.621306823818878,12.0,0.0,0.0,0.0,0.0
963,3852.0,4,81709,0.08170899999999999,13206,1.3206,530,530,64,220100,220100.0,1.0,0.0,1,1,1.0,1.621306823818878,12.0,0.0,0.0,0.0,0.0
964,3856.0,4,81709,0.08170899999999999,13206,1.3206,530,530,64,220100,220100.0,1.0,0.0,1,1,1.0,1.621306823818878,12.0,0.0,0.0,0.0,0.0
965,3860.0,4,81709,0.08170899999999999,13206,1.3206,530,530,64,220100,220100.0,1.0,0.0,1,1,1.0,1.621306823818878,12.0,0.0,0.0,0.0,0.0
966,3864.0,4,81709,0.08170899999999999,13206,1.3206,530,530,64,220100,220100.0,1.0,0.0,1,1,1.0,1.621306823818878,12.0,0.0,0.0,0.0,0.0
967,3868.0,4,81709,0.08170899999999999,13206,1.3206,530,530,64,220100,220100.0,1.0,0.0,1,1,1.0,1.621306823818878,12.0,0.0,0.0,0.0,0.0
968,3872.0,4,81709,0.08170899999999999,13206,1.3206,530,530,64,220100,220100.0,1.0,0.0,1,1,1.0,1.621306823818878,12.0,0.0,0.0,0.0,0.0
969,3876.0,4,81709,0.08170899999999999,13206,1.3206,530,530,64,220100,220100.0,1.0,0.0,1,1,1.0,1.621306823818878,12.0,0.0,0.0,0.0,0.0
970,3880.0,4,81709,0.08170899999999999,13206,1.3206,530,530,64,220100,220100.0,1.0,0.0,1,1,1.0,1.621306823818878,12.0,0.0,0.0,0.0,0.0
971,3884.0,4,81709,0.08170899999999999,13206,1.3206,530,530,64,220100,220100.0,1.0,0.0,1,1,1.0,1.621306823818878,12.0,0.0,0.0,0.0,0.0
972,3888.0,4,81709,0.08170899999999999,13206,1.3206,530,530,64,220100,220100.0,1.0,0.0,1,1,1.0,1.621306823818878,12.0,0.0,0.0,0.0,0.0
973,3892.0,4,81709,0.08170899999999999,13206,1.3206,530,530,64,220100,220100.0,1.0,0.0,1,1,1.0,1.621306823818878,12.0,0.0,0.0,0.0,0.0
974,3896.0,4,81709,0.08170899999999999,13206,1.3206,530,530,64,220100,220100.0,1.0,0.0,1,1,1.0,1.621306823818878,12.0,0.0,0.0,0.0,0.0
975,3900.0,4,81709,0.08170899999999999,13206,1.3206,530,530,64,220100,220100.0,1.0,0.0,1,1,1.0,1.621306823818878,12.0,0.0,0.0,0.0,0.0
976,3904.0,4,81709,0.08170899999999999,13206,1.3206,530,530,64,220100,220100.0,1.0,0.0,1,1,1.0,1.621306823818878,12.0,0.0,0.0,0.0,0.0
977,3908.0,4,81709,0.08170899999999999,13206,1.3206,530,530,64,220100,220100.0,1.0,0.0,1,1,1.0,1.621306823818878,12.0,0.0,0.0,0.0,0.0
978,3912.0,4,81709,0.08170899999999999,13206,1.3206,530,530,64,220100,220100.0,1.0,0.0,1,1,1.0,1.621306823818878,12.0,0.0,0.0,0.0,0.0
979,3916.0,4,81709,0.08170899999999999,13206,1.3206,530,530,64,220100,220100.0,1.0,0.0,1,1,1.0,1.621306823818878,12.0,0.0,0.0,0.0,0.0
980,3920.0,4,81709,0.08170899999999999,13206,1.3206,530,530,64,220100,220100.0,1.0,0.0,1,1,1.0,1.621306823818878,12.0,0.0,0.0,0.0,0.0
981,3924.0,4,81709,0.08170899999999999,13206,1.3206,530,530,64,220100,220100.0,1.0,0.0,1,1,1.0,1.621306823818878,12.0,0.0,0.0,0.0,0.0
982,3928.0,4,81709,0.08170899999999999,13206,1.3206,530,530,64,220100,220100.0,1.0,0.0,1,1,1.0,1.621306823818878,12.0,0.0,0.0,0.0,0.0
983,3932.0,4,81709,0.08170899999999999,13206,1.3206,530,530,64,220100,220100.0,1.0,0.0,1,1,1.0,1.621306823818878,12.0,0.0,0.0,0.0,0.0
984,3936.0,4,81709,0.08170899999999999,13206,1.3206,530,530,64,220100,220100.0,1.0,0.0,1,1,1.0,1.621306823818878,12.0,0.0,0.0,0.0,0.0
985,3940.0,4,81709,0.08170899999999999,13206,1.3206,530,530,64,220100,220100.0,1.0,0.0,1,1,1.0,1.621306823818878,12.0,0.0,0.0,0.0,0.0
986,3944.0,4,81709,0.08170899999999999,13206,1.3206,530,530,64,220100,220100.0,1.0,0.0,1,1,1.0,1.621306823818878,12.0,0.0,0.0,0.0,0.0
987,3948.0,4,81709,0.08170899999999999,13206,1.3206,530,530,64,220100,220100.0,1.0,0.0,1,1,1.0,1.621306823818878,12.0,0.0,0.0,0.0,0.0
988,3952.0,4,81709,0.08170899999999999,13206,1.3206,530,530,64,220100,220100.0,1.0,0.0,1,1,1.0,1.621306823818878,12.0,0.0,0.0,0.0,0.0
989,3956.0,4,81709,0.08170899999999999,13206,1.3206,530,530,64,220100,220100.0,1.0,0.0,1,1,1.0,1.621306823818878,12.0,0.0,0.0,0.0,0.0
990,3960.0,4,81709,0.08170899999999999,13206,1.3206,530,530,64,220100,220100.0,1.0,0.0,1,1,1.0,1.621306823818878,12.0,0.0,0.0,0.0,0.0
991,3964.0,4,81709,0.08170899999999999,13206,1.3206,530,530,64,220100,220100.0,1.0,0.0,1,1,1.0,1.621306823818878,12.0,0.0,0.0,0.0,0.0
992,3968.0,4,81709,0.08170899999999999,13206,1.3206,530,530,64,220100,220100.0,1.0,0.0,1,1,1.0,1.621306823818878,12.0,0.0,0.0,0.0,0.0
993,3972.0,4,81709,0.08170899999999999,13206,1.3206,530,530,64,220100,220100.0,1.0,0.0,1,1,1.0,1.621306823818878,12.0,0.0,0.0,0.0,0.0
994,3976.0,4,81709,0.08170899999999999,13206,1.3206,530,530,64,220100,220100.0,1.0,0.0,1,1,1.0,1.621306823818878,12.0,0.0,0.0,0.0,0.0
995,3980.0,4,81709,0.08170899999999999,13206,1.3206,530,530,64,220100,220100.0,1.0,0.0,1,1,1.0,1.621306823818878,12.0,0.0,0.0,0.0,0.0
996,3984.0,4,81709,0.08170899999999999,13206,1.3206,530,530,64,220100,220100.0,1.0,0.0,1,1,1.0,1.621306823818878,12.0,0.0,0.0,0.0,0.0
997,3988.0,4,81709,0.08170899999999999,13206,1.3206,530,530,64,220100,220100.0,1.0,0.0,1,1,1.0,1.621306823818878,12.0,0.0,0.0,0.0,0.0
998,3992.0,4,81709,0.08170899999999999,13206,1.3206,530,530,64,220100,220100.0,1.0,0.0,1,1,1.0,1.621306823818878,12.0,0.0,0.0,0.0,0.0
999,3996.0,4,81709,0.08170899999999999,13206,1.3206,530,530,64,220100,220100.0,1.0,0.0,1,1,1.0,1.621306823818878,12.0,0.0,0.0,0.0,0.0
1000,4000.0,4,81709,0.08170899999999999,13206,1.3206,530,530,64,220100,220100.0,1.0,0.0,1,1,1.0,1.621306823818878,12.0,0.0,0.0,0.0,0.0
1001,4004.0,4,81709,0.08170899999999999,13206,1.3206,530,530,64,220100,220100.0,1.0,0.0,1,1,1.0,1.621306823818878,12.0,0.0,0.0,0.0,0.0
1002,4008.0,4,81709,0.08170899999999999,13206,1.3206,530,530,64,220100,220100.0,1.0,0.0,1,1,1.0,1.621306823818878,12.0,0.0,0.0,0.0,0.0
1003,4012.0,4,81709,0.08170899999999999,13206,1.3206,530,530,64,220100,220100.0,1.0,0.0,1,1,1.0,1.621306823818878,12.0,0.0,0.0,0.0,0.0
1004,4016.0,4,81709,0.08170899999999999,13206,1.3206,530,530,64,220100,220100.0,1.0,0.0,1,1,1.0,1.621306823818878,12.0,0.0,0.0,0.0,0.0
1005,4020.0,4,81709,0.08170899999999999,13206,1.3206,530,530,64,220100,220100.0,1.0,0.0,1,1,1.0,1.621306823818878,12.0,0.0,0.0,0.0,0.0
1006,4024.0,4,81709,0.08170899999999999,13206,1.3206,530,530,64,220100,220100.0,1.0,0.0,1,1,1.0,1.621306823818878,12.0,0.0,0.0,0.0,0.0
1007,4028.0,4,81709,0.08170899999999999,13206,1.3206,530,530,64,220100,220100.0,1.0,0.0,1,1,1.0,1.621306823818878,12.0,0.0,0.0,0.0,0.0
1008,4032.0,4,81709,0.08170899999999999,13206,1.3206,530,530,64,220100,220100.0,1.0,0.0,1,1,1.0,1.621306823818878,12.0,0.0,0.0,0.0,0.0
1009,4036.0,4,81709,0.08170899999999999,13206,1.3206,530,530,64,220100,220100.0,1.0,0.0,1,1,1.0,1.621306823818878,12.0,0.0,0.0,0.0,0.0
1010,4040.0,4,81709,0.08170899999999999,13206,1.3206,530,530,64,220100,220100.0,1.0,0.0,1,1,1.0,1.621306823818878,12.0,0.0,0.0,0.0,0.0
1011,4044.0,4,81709,0.08170899999999999,13206,1.3206,530,530,64,220100,220100.0,1.0,0.0,1,1,1.0,1.621306823818878,12.0,0.0,0.0,0.0,0.0
1012,4048.0,4,81709,0.08170899999999999,13206,1.3206,530,530,64,220100,220100.0,1.0,0.0,1,1,1.0,1.621306823818878,12.0,0.0,0.0,0.0,0.0
1013,4052.0,4,81709,0.08170899999999999,13206,1.3206,530,530,64,220100,220100.0,1.0,0.0,1,1,1.0,1.621306823818878,12.0,0.0,0.0,0.0,0.0
1014,4056.0,4,81709,0.08170899999999999,13206,1.3206,530,530,64,220100,220100.0,1.0,0.0,1,1,1.0,1.621306823818878,12.0,0.0,0.0,0.0,0.0
1015,4060.0,4,81709,0.08170899999999999,13206,1.3206,530,530,64,220100,220100.0,1.0,0.0,1,1,1.0,1.621306823818878,12.0,0.0,0.0,0.0,0.0
1016,4064.0,4,81709,0.08170899999999999,13206,1.3206,530,530,64,220100,220100.0,1.0,0.0,1,1,1.0,1.621306823818878,12.0,0.0,0.0,0.0,0.0
1017,4068.0,4,81709,0.08170899999999999,13206,1.3206,530,530,64,220100,220100.0,1.0,0.0,1,1,1.0,1.621306823818878,12.0,0.0,0.0,0.0,0.0
1018,4072.0,4,81709,0.08170899999999999,13206,1.3206,530,530,64,220100,220100.0,1.0,0.0,1,1,1.0,1.621306823818878,12.0,0.0,0.0,0.0,0.0
1019,4076.0,4,81709,0.08170899999999999,13206,1.3206,530,530,64,220100,220100.0,1.0,0.0,1,1,1.0,1.621306823818878,12.0,0.0,0.0,0.0,0.0
1020,4080.0,4,81709,0.08170899999999999,13206,1.3206,530,530,64,220100,220100.0,1.0,0.0,1,1,1.0,1.621306823818878,12.0,0.0,0.0,0.0,0.0
1021,4084.0,4,81709,0.08170899999999999,13206,1.3206,530,530,64,220100,220100.0,1.0,0.0,1,1,1.0,1.621306823818878,12.0,0.0,0.0,0.0,0.0
1022,4088.0,4,81709,0.08170899999999999,13206,1.3206,530,530,64,220100,220100.0,1.0,0.0,1,1,1.0,1.621306823818878,12.0,0.0,0.0,0.0,0.0
1023,4092.0,4,81709,0.08170899999999999,13206,1.3206,530,530,64,220100,220100.0,1.0,0.0,1,1,1.0,1.621306823818878,12.0,0.0,0.0,0.0,0.0
1024,4096.0,4,81709,0.08170899999999999,13206,1.3206,530,530,64,220100,220100.0,1.0,0.0,1,1,1.0,1.621306823818878,12.0,0.0,0.0,0.0,0.0
1025,4100.0,4,81709,0.08170899999999999,13206,1.3206,530,530,64,220100,220100.0,1.0,0.0,1,1,1.0,1.621306823818878,12.0,0.0,0.0,0.0,0.0
1026,4104.0,4,81709,0.08170899999999999,13206,1.3206,530,530,64,220100,220100.0,1.0,0.0,1,1,1.0,1.621306823818878,12.0,0.0,0.0,0.0,0.0
1027,4108.0,4,81709,0.08170899999999999,13206,1.3206,530,530,64,220100,220100.0,1.0,0.0,1,1,1.0,1.621306823818878,12.0,0.0,0.0,0.0,0.0
1028,4112.0,4,81709,0.08170899999999999,13206,1.3206,530,530,64,220100,220100.0,1.0,0.0,1,1,1.0,1.621306823818878,12.0,0.0,0.0,0.0,0.0
1029,4116.0,4,81709,0.08170899999999999,13206,1.3206,530,530,64,220100,220100.0,1.0,0.0,1,1,1.0,1.621306823818878,12.0,0.0,0.0,0.0,0.0
1030,4120.0,4,81709,0.08170899999999999,13206,1.3206,530,530,64,220100,220100.0,1.0,0.0,1,1,1.0,1.621306823818878,12.0,0.0,0.0,0.0,0.0
1031,4124.0,4,81709,0.08170899999999999,13206,1.3206,530,530,64,220100,220100.0,1.0,0.0,1,1,1.0,1.621306823818878,12.0,0.0,0.0,0.0,0.0
1032,4128.0,4,81709,0.08170899999999999,13206,1.3206,530,530,64,220100,220100.0,1.0,0.0,1,1,1.0,1.621306823818878,13.0,0.0,0.0,0.0,0.0
1033,4132.0,5,91311,0.09131099999999999,14310,1.431,550,550,64,238500,238500.0,1.0,0.0,1,1,1.0,1.8118340377403415,13.0,0.0,0.0,0.0,0.0
1034,4136.0,5,91311,0.09131099999999999,14310,1.431,550,550,64,238500,238500.0,1.0,0.0,1,1,1.0,1.8118340377403415,13.0,0.0,0.0,0.0,0.0
1035,4140.0,5,91311,0.09131099999999999,14310,1.431,550,550,64,238500,238500.0,1.0,0.0,1,1,1.0,1.8118340377403415,13.0,0.0,0.0,0.0,0.0
1036,4144.0,5,91311,0.09131099999999999,14310,1.431,550,550,64,238500,238500.0,1.0,0.0,1,1,1.0,1.8118340377403415,13.0,0.0,0.0,0.0,0.0
1037,4148.0,5,91311,0.09131099999999999,14310,1.431,550,550,64,238500,238500.0,1.0,0.0,1,1,1.0,1.8118340377403415,13.0,0.0,0.0,0.0,0.0
1038,4152.0,5,91311,0.09131099999999999,14310,1.431,550,550,64,238500,238500.0,1.0,0.0,1,1,1.0,1.8118340377403415,13.0,0.0,0.0,0.0,0.0
1039,4156.0,5,91311,0.09131099999999999,14310,1.431,550,550,64,238500,238500.0,1.0,0.0,1,1,1.0,1.8118340377403415,13.0,0.0,0.0,0.0,0.0
1040,4160.0,5,91311,0.09131099999999999,14310,1.431,550,550,64,238500,238500.0,1.0,0.0,1,1,1.0,1.8118340377403415,13.0,0.0,0.0,0.0,0.0
1041,4164.0,5,91311,0.09131099999999999,14310,1.431,550,550,64,238500,238500.0,1.0,0.0,1,1,1.0,1.8118340377403415,13.0,0.0,0.0,0.0,0.0
1042,4168.0,5,91311,0.09131099999999999,14310,1.431,550,550,64,238500,238500.0,1.0,0.0,1,1,1.0,1.8118340377403415,13.0,0.0,0.0,0.0,0.0
1043,4172.0,5,91311,0.09131099999999999,14310,1.431,550,550,64,238500,238500.0,1.0,0.0,1,1,1.0,1.8118340377403415,13.0,0.0,0.0,0.0,0.0
1044,4176.0,5,91311,0.09131099999999999,14310,1.431,550,550,64,238500,238500.0,1.0,0.0,1,1,1.0,1.8118340377403415,13.0,0.0,0.0,0.0,0.0
1045,4180.0,5,91311,0.09131099999999999,14310,1.431,550,550,64,238500,238500.0,1.0,0.0,1,1,1.0,1.8118340377403415,13.0,0.0,0.0,0.0,0.0
1046,4184.0,5,91311,0.09131099999999999,14310,1.431,550,550,64,238500,238500.0,1.0,0.0,1,1,1.0,1.8118340377403415,13.0,0.0,0.0,0.0,0.0
1047,4188.0,5,91311,0.09131099999999999,14310,1.431,550,550,64,238500,238500.0,1.0,0.0,1,1,1.0,1.8118340377403415,13.0,0.0,0.0,0.0,0.0
1048,4192.0,5,91311,0.09131099999999999,14310,1.431,550,550,64,238500,238500.0,1.0,0.0,1,1,1.0,1.8118340377403415,13.0,0.0,0.0,0.0,0.0
1049,4196.0,5,91311,0.09131099999999999,14310,1.431,550,550,64,238500,238500.0,1.0,0.0,1,1,1.0,1.8118340377403415,13.0,0.0,0.0,0.0,0.0
1050,4200.0,5,91311,0.09131099999999999,14310,1.431,550,550,64,238500,238500.0,1.0,0.0,1,1,1.0,1.8118340377403415,13.0,0.0,0.0,0.0,0.0
1051,4204.0,5,91311,0.09131099999999999,14310,1.431,550,550,64,238500,238500.0,1.0,0.0,1,1,1.0,1.8118340377403415,13.0,0.0,0.0,0.0,0.0
1052,4208.0,5,91311,0.09131099999999999,14310,1.431,550,550,64,238500,238500.0,1.0,0.0,1,1,1.0,1.8118340377403415,13.0,0.0,0.0,0.0,0.0
1053,4212.0,5,91311,0.09131099999999999,14310,1.431,550,550,64,238500,238500.0,1.0,0.0,1,1,1.0,1.8118340377403415,13.0,0.0,0.0,0.0,0.0
1054,4216.0,5,91311,0.09131099999999999,14310,1.431,550,550,64,238500,238500.0,1.0,0.0,1,1,1.0,1.8118340377403415,13.0,0.0,0.0,0.0,0.0
1055,4220.0,5,91311,0.09131099999999999,14310,1.431,550,550,64,238500,238500.0,1.0,0.0,1,1,1.0,1.8118340377403415,13.0,0.0,0.0,0.0,0.0
1056,4224.0,5,91311,0.09131099999999999,14310,1.431,550,550,64,238500,238500.0,1.0,0.0,1,1,1.0,1.8118340377403415,13.0,0.0,0.0,0.0,0.0
1057,4228.0,5,91311,0.09131099999999999,14310,1.431,550,550,64,238500,238500.0,1.0,0.0,1,1,1.0,1.8118340377403415,13.0,0.0,0.0,0.0,0.0
1058,4232.0,5,91311,0.09131099999999999,14310,1.431,550,550,64,238500,238500.0,1.0,0.0,1,1,1.0,1.8118340377403415,13.0,0.0,0.0,0.0,0.0
1059,4236.0,5,91311,0.09131099999999999,14310,1.431,550,550,64,238500,238500.0,1.0,0.0,1,1,1.0,1.8118340377403415,13.0,0.0,0.0,0.0,0.0
1060,4240.0,5,91311,0.09131099999999999,14310,1.431,550,550,64,238500,238500.0,1.0,0.0,1,1,1.0,1.8118340377403415,13.0,0.0,0.0,0.0,0.0
1061,4244.0,5,91311,0.09131099999999999,14310,1.431,550,550,64,238500,238500.0,1.0,0.0,1,1,1.0,1.8118340377403415,13.0,0.0,0.0,0.0,0.0
1062,4248.0,5,91311,0.09131099999999999,14310,1.431,550,550,64,238500,238500.0,1.0,0.0,1,1,1.0,1.8118340377403415,13.0,0.0,0.0,0.0,0.0
1063,4252.0,5,91311,0.09131099999999999,14310,1.431,550,550,64,238500,238500.0,1.0,0.0,1,1,1.0,1.8118340377403415,13.0,0.0,0.0,0.0,0.0
1064,4256.0,5,91311,0.09131099999999999,14310,1.431,550,550,64,238500,238500.0,1.0,0.0,1,1,1.0,1.8118340377403415,13.0,0.0,0.0,0.0,0.0
1065,4260.0,5,91311,0.09131099999999999,14310,1.431,550,550,64,238500,238500.0,1.0,0.0,1,1,1.0,1.8118340377403415,13.0,0.0,0.0,0.0,0.0
1066,4264.0,5,91311,0.09131099999999999,14310,1.431,550,550,64,238500,238500.0,1.0,0.0,1,1,1.0,1.8118340377403415,13.0,0.0,0.0,0.0,0.0
1067,4268.0,5,91311,0.09131099999999999,14310,1.431,550,550,64,238500,238500.0,1.0,0.0,1,1,1.0,1.8118340377403415,13.0,0.0,0.0,0.0,0.0
1068,4272.0,5,91311,0.09131099999999999,14310,1.431,550,550,64,238500,238500.0,1.0,0.0,1,1,1.0,1.8118340377403415,13.0,0.0,0.0,0.0,0.0
1069,4276.0,5,91311,0.09131099999999999,14310,1.431,550,550,64,238500,238500.0,1.0,0.0,1,1,1.0,1.8118340377403415,13.0,0.0,0.0,0.0,0.0
1070,4280.0,5,91311,0.09131099999999999,14310,1.431,550,550,64,238500,238500.0,1.0,0.0,1,1,1.0,1.8118340377403415,13.0,0.0,0.0,0.0,0.0
1071,4284.0,5,91311,0.09131099999999999,14310,1.431,550,550,64,238500,238500.0,1.0,0.0,1,1,1.0,1.8118340377403415,13.0,0.0,0.0,0.0,0.0
1072,4288.0,5,91311,0.09131099999999999,14310,1.431,550,550,64,238500,238500.0,1.0,0.0,1,1,1.0,1.8118340377403415,13.0,0.0,0.0,0.0,0.0
1073,4292.0,6,90737,0.090737,14102,1.4102000000000001,570,530,64,220900,220900.0,1.0,0.0,1,1,1.0,1.8004444709010456,13.0,0.0,0.0,0.0,0.0
1074,4296.0,6,90737,0.090737,14102,1.4102000000000001,570,530,64,220900,220900.0,1.0,0.0,1,1,1.0,1.8004444709010456,13.0,0.0,0.0,0.0,0.0
1075,4300.0,6,90737,0.090737,14102,1.4102000000000001,570,530,64,220900,220900.0,1.0,0.0,1,1,1.0,1.8004444709010456,13.0,0.0,0.0,0.0,0.0
1076,4304.0,6,90737,0.090737,14102,1.4102000000000001,570,530,64,220900,220900.0,1.0,0.0,1,1,1.0,1.8004444709010456,13.0,0.0,0.0,0.0,0.0
1077,4308.0,6,90737,0.090737,14102,1.4102000000000001,570,530,64,220900,220900.0,1.0,0.0,1,1,1.0,1.8004444709010456,13.0,0.0,0.0,0.0,0.0
1078,4312.0,6,90737,0.090737,14102,1.4102000000000001,570,530,64,220900,220900.0,1.0,0.0,1,1,1.0,1.8004444709010456,13.0,0.0,0.0,0.0,0.0
1079,4316.0,6,90737,0.090737,14102,1.4102000000000001,570,530,64,220900,220900.0,1.0,0.0,1,1,1.0,1.8004444709010456,13.0,0.0,0.0,0.0,0.0
1080,4320.0,6,90737,0.090737,14102,1.4102000000000001,570,530,64,220900,220900.0,1.0,0.0,1,1,1.0,1.8004444709010456,13.0,0.0,0.0,0.0,0.0
1081,4324.0,6,90737,0.090737,14102,1.4102000000000001,570,530,64,220900,220900.0,1.0,0.0,1,1,1.0,1.8004444709010456,13.0,0.0,0.0,0.0,0.0
1082,4328.0,6,90737,0.090737,14102,1.4102000000000001,570,530,64,220900,220900.0,1.0,0.0,1,1,1.0,1.8004444709010456,13.0,0.0,0.0,0.0,0.0
1083,4332.0,6,90737,0.090737,14102,1.4102000000000001,570,530,64,220900,220900.0,1.0,0.0,1,1,1.0,1.8004444709010456,13.0,0.0,0.0,0.0,0.0
1084,4336.0,6,90737,0.090737,14102,1.4102000000000001,570,530,64,220900,220900.0,1.0,0.0,1,1,1.0,1.8004444709010456,13.0,0.0,0.0,0.0,0.0
1085,4340.0,6,90737,0.090737,14102,1.4102000000000001,570,530,64,220900,220900.0,1.0,0.0,1,1,1.0,1.8004444709010456,13.0,0.0,0.0,0.0,0.0
1086,4344.0,6,90737,0.090737,14102,1.4102000000000001,570,530,64,220900,220900.0,1.0,0.0,1,1,1.0,1.8004444709010456,13.0,0.0,0.0,0.0,0.0
1087,4348.0,6,90737,0.090737,14102,1.4102000000000001,570,530,64,220900,220900.0,1.0,0.0,1,1,1.0,1.8004444709010456,13.0,0.0,0.0,0.0,0.0
1088,4352.0,6,90737,0.090737,14102,1.4102000000000001,570,530,64,220900,220900.0,1.0,0.0,1,1,1.0,1.8004444709010456,13.0,0.0,0.0,0.0,0.0
1089,4356.0,6,90737,0.090737,14102,1.4102000000000001,570,530,64,220900,220900.0,1.0,0.0,1,1,1.0,1.8004444709010456,13.0,0.0,0.0,0.0,0.0
1090,4360.0,6,90737,0.090737,14102,1.4102000000000001,570,530,64,220900,220900.0,1.0,0.0,1,1,1.0,1.8004444709010456,13.0,0.0,0.0,0.0,0.0
1091,4364.0,6,90737,0.090737,14102,1.4102000000000001,570,530,64,220900,220900.0,1.0,0.0,1,1,1.0,1.8004444709010456,13.0,0.0,0.0,0.0,0.0
1092,4368.0,6,90737,0.090737,14102,1.4102000000000001,570,530,64,220900,220900.0,1.0,0.0,1,1,1.0,1.8004444709010456,13.0,0.0,0.0,0.0,0.0
1093,4372.0,6,90737,0.090737,14102,1.4102000000000001,570,530,64,220900,220900.0,1.0,0.0,1,1,1.0,1.8004444709010456,13.0,0.0,0.0,0.0,0.0
1094,4376.0,6,90737,0.090737,14102,1.4102000000000001,570,530,64,220900,220900.0,1.0,0.0,1,1,1.0,1.8004444709010456,13.0,0.0,0.0,0.0,0.0
1095,4380.0,6,90737,0.090737,14102,1.4102000000000001,570,530,64,220900,220900.0,1.0,0.0,1,1,1.0,1.8004444709010456,13.0,0.0,0.0,0.0,0.0
1096,4384.0,6,90737,0.090737,14102,1.4102000000000001,570,530,64,220900,220900.0,1.0,0.0,1,1,1.0,1.8004444709010456,13.0,0.0,0.0,0.0,0.0
1097,4388.0,7,92499,0.092499,14174,1.4174,590,490,64,199300,202500.0,0.9841975308641975,0.01580246913580252,1,1,1.0,1.8354068694565153,13.0,0.0,0.0,0.0,0.0
1098,4392.0,7,92499,0.092499,14174,1.4174,590,490,64,199300,202500.0,0.9841975308641975,0.01580246913580252,1,1,1.0,1.8354068694565153,13.0,0.0,0.0,0.0,0.0
1099,4396.0,7,92499,0.092499,14174,1.4174,590,490,64,199300,202500.0,0.9841975308641975,0.01580246913580252,1,1,1.0,1.8354068694565153,13.0,0.0,0.0,0.0,0.0
1100,4400.0,7,92499,0.092499,14174,1.4174,590,490,64,199300,202500.0,0.9841975308641975,0.01580246913580252,1,1,1.0,1.8354068694565153,14.0,0.0,0.0,0.0,0.0
1101,4404.0,7,92499,0.092499,14174,1.4174,590,490,64,199300,202500.0,0.9841975308641975,0.01580246913580252,1,1,1.0,1.8354068694565153,14.0,0.0,0.0,0.0,0.0
1102,4408.0,7,92499,0.092499,14174,1.4174,590,490,64,199300,202500.0,0.9841975308641975,0.01580246913580252,1,1,1.0,1.8354068694565153,14.0,0.0,0.0,0.0,0.0
1103,4412.0,7,92499,0.092499,14174,1.4174,590,490,64,199300,202500.0,0.9841975308641975,0.01580246913580252,1,1,1.0,1.8354068694565153,14.0,0.0,0.0,0.0,0.0
1104,4416.0,7,92499,0.092499,14174,1.4174,590,490,64,199300,202500.0,0.9841975308641975,0.01580246913580252,1,1,1.0,1.8354068694565153,14.0,0.0,0.0,0.0,0.0
1105,4420.0,7,92499,0.092499,14174,1.4174,590,490,64,199300,202500.0,0.9841975308641975,0.01580246913580252,1,1,1.0,1.8354068694565153,14.0,0.0,0.0,0.0,0.0
1106,4424.0,7,92499,0.092499,14174,1.4174,590,490,64,199300,202500.0,0.9841975308641975,0.01580246913580252,1,1,1.0,1.8354068694565153,14.0,0.0,0.0,0.0,0.0
1107,4428.0,7,92499,0.092499,14174,1.4174,590,490,64,199300,202500.0,0.9841975308641975,0.01580246913580252,1,1,1.0,1.8354068694565153,14.0,0.0,0.0,0.0,0.0
1108,4432.0,7,92499,0.092499,14174,1.4174,590,490,64,199300,202500.0,0.9841975308641975,0.01580246913580252,1,1,1.0,1.8354068694565153,14.0,0.0,0.0,0.0,0.0
1109,4436.0,7,92499,0.092499,14174,1.4174,590,490,64,199300,202500.0,0.9841975308641975,0.01580246913580252,1,1,1.0,1.8354068694565153,14.0,0.0,0.0,0.0,0.0
1110,4440.0,7,92499,0.092499,14174,1.4174,590,490,64,199300,202500.0,0.9841975308641975,0.01580246913580252,1,1,1.0,1.8354068694565153,14.0,0.0,0.0,0.0,0.0
1111,4444.0,7,92499,0.092499,14174,1.4174,590,490,64,199300,202500.0,0.9841975308641975,0.01580246913580252,1,1,1.0,1.8354068694565153,14.0,0.0,0.0,0.0,0.0
1112,4448.0,7,92499,0.092499,14174,1.4174,590,490,64,199300,202500.0,0.9841975308641975,0.01580246913580252,1,1,1.0,1.8354068694565153,14.0,0.0,0.0,0.0,0.0
1113,4452.0,8,91825,0.09182499999999999,14190,1.419,610,490,64,190900,195700.0,0.9754726622381196,0.02452733776188043,1,1,1.0,1.8220330575232653,14.0,0.0,0.0,0.0,0.0
1114,4456.0,8,91825,0.09182499999999999,14190,1.419,610,490,64,190900,195700.0,0.9754726622381196,0.02452733776188043,1,1,1.0,1.8220330575232653,14.0,0.0,0.0,0.0,0.0
1115,4460.0,8,91825,0.09182499999999999,14190,1.419,610,490,64,190900,195700.0,0.9754726622381196,0.02452733776188043,1,1,1.0,1.8220330575232653,14.0,0.0,0.0,0.0,0.0
1116,4464.0,8,91825,0.09182499999999999,14190,1.419,610,490,64,190900,195700.0,0.9754726622381196,0.02452733776188043,1,1,1.0,1.8220330575232653,15.0,0.0,0.0,0.0,0.0
1117,4468.0,8,91825,0.09182499999999999,14190,1.419,610,490,64,190900,195700.0,0.9754726622381196,0.02452733776188043,1,1,1.0,1.8220330575232653,15.0,0.0,0.0,0.0,0.0
1118,4472.0,8,91825,0.09182499999999999,14190,1.419,610,490,64,190900,195700.0,0.9754726622381196,0.02452733776188043,1,1,1.0,1.8220330575232653,15.0,0.0,0.0,0.0,0.0
1119,4476.0,8,91825,0.09182499999999999,14190,1.419,610,490,64,190900,195700.0,0.9754726622381196,0.02452733776188043,1,1,1.0,1.8220330575232653,15.0,0.0,0.0,0.0,0.0
1120,4480.0,8,91825,0.09182499999999999,14190,1.419,610,490,64,190900,195700.0,0.9754726622381196,0.02452733776188043,1,1,1.0,1.8220330575232653,15.0,0.0,0.0,0.0,0.0
1121,4484.0,8,91825,0.09182499999999999,14190,1.419,610,490,64,190900,195700.0,0.9754726622381196,0.02452733776188043,1,1,1.0,1.8220330575232653,15.0,0.0,0.0,0.0,0.0
1122,4488.0,8,91825,0.09182499999999999,14190,1.419,610,490,64,190900,195700.0,0.9754726622381196,0.02452733776188043,1,1,1.0,1.8220330575232653,15.0,0.0,0.0,0.0,0.0
1123,4492.0,8,91825,0.09182499999999999,14190,1.419,610,490,64,190900,195700.0,0.9754726622381196,0.02452733776188043,1,1,1.0,1.8220330575232653,16.0,0.0,0.0,0.0,0.0
1124,4496.0,8,91825,0.09182499999999999,14190,1.419,610,490,64,190900,195700.0,0.9754726622381196,0.02452733776188043,1,1,1.0,1.8220330575232653,16.0,0.0,0.0,0.0,0.0
1125,4500.0,8,91825,0.09182499999999999,14190,1.419,610,490,64,190900,195700.0,0.9754726622381196,0.02452733776188043,1,1,1.0,1.8220330575232653,16.0,0.0,0.0,0.0,0.0
1126,4504.0,8,91825,0.09182499999999999,14190,1.419,610,490,64,190900,195700.0,0.9754726622381196,0.02452733776188043,1,1,1.0,1.8220330575232653,16.0,0.0,0.0,0.0,0.0
1127,4508.0,8,91825,0.09182499999999999,14190,1.419,610,490,64,190900,195700.0,0.9754726622381196,0.02452733776188043,1,1,1.0,1.8220330575232653,16.0,0.0,0.0,0.0,0.0
1128,4512.0,8,91825,0.09182499999999999,14190,1.419,610,490,64,190900,195700.0,0.9754726622381196,0.02452733776188043,1,1,1.0,1.8220330575232653,16.0,0.0,0.0,0.0,0.0
1129,4516.0,9,92543,0.092543,14390,1.439,630,490,64,182500,191700.0,0.9520083463745436,0.04799165362545643,1,1,1.0,1.836279937297855,16.0,0.0,0.0,0.0,0.0
1130,4520.0,9,92543,0.092543,14390,1.439,630,490,64,182500,191700.0,0.9520083463745436,0.04799165362545643,1,1,1.0,1.836279937297855,16.0,0.0,0.0,0.0,0.0
1131,4524.0,9,92543,0.092543,14390,1.439,630,490,64,182500,191700.0,0.9520083463745436,0.04799165362545643,1,1,1.0,1.836279937297855,16.0,0.0,0.0,0.0,0.0
1132,4528.0,9,92543,0.092543,14390,1.439,630,490,64,182500,191700.0,0.9520083463745436,0.04799165362545643,1,1,1.0,1.836279937297855,16.0,0.0,0.0,0.0,0.0
1133,4532.0,9,92543,0.092543,14390,1.439,630,490,64,182500,191700.0,0.9520083463745436,0.04799165362545643,1,1,1.0,1.836279937297855,16.0,0.0,0.0,0.0,0.0
1134,4536.0,9,92543,0.092543,14390,1.439,630,490,64,182500,191700.0,0.9520083463745436,0.04799165362545643,1,1,1.0,1.836279937297855,16.0,0.0,0.0,0.0,0.0
1135,4540.0,9,92543,0.092543,14390,1.439,630,490,64,182500,191700.0,0.9520083463745436,0.04799165362545643,1,1,1.0,1.836279937297855,16.0,0.0,0.0,0.0,0.0
1136,4544.0,9,92543,0.092543,14390,1.439,630,490,64,182500,191700.0,0.9520083463745436,0.04799165362545643,1,1,1.0,1.836279937297855,16.0,0.0,0.0,0.0,0.0
1137,4548.0,9,92543,0.092543,14390,1.439,630,490,64,182500,191700.0,0.9520083463745436,0.04799165362545643,1,1,1.0,1.836279937297855,16.0,0.0,0.0,0.0,0.0
1138,4552.0,9,92543,0.092543,14390,1.439,630,490,64,182500,191700.0,0.9520083463745436,0.04799165362545643,1,1,1.0,1.836279937297855,16.0,0.0,0.0,0.0,0.0
1139,4556.0,9,92543,0.092543,14390,1.439,630,490,64,182500,191700.0,0.9520083463745436,0.04799165362545643,1,1,1.0,1.836279937297855,16.0,0.0,0.0,0.0,0.0
1140,4560.0,9,92543,0.092543,14390,1.439,630,490,64,182500,191700.0,0.9520083463745436,0.04799165362545643,1,1,1.0,1.836279937297855,16.0,0.0,0.0,0.0,0.0
1141,4564.0,9,92543,0.092543,14390,1.439,630,490,64,182500,191700.0,0.9520083463745436,0.04799165362545643,1,1,1.0,1.836279937297855,16.0,0.0,0.0,0.0,0.0
1142,4568.0,9,92543,0.092543,14390,1.439,630,490,64,182500,191700.0,0.9520083463745436,0.04799165362545643,1,1,1.0,1.836279937297855,16.0,0.0,0.0,0.0,0.0
1143,4572.0,9,92543,0.092543,14390,1.439,630,490,64,182500,191700.0,0.9520083463745436,0.04799165362545643,1,1,1.0,1.836279937297855,16.0,0.0,0.0,0.0,0.0
1144,4576.0,9,92543,0.092543,14390,1.439,630,490,64,182500,191700.0,0.9520083463745436,0.04799165362545643,1,1,1.0,1.836279937297855,16.0,0.0,0.0,0.0,0.0
1145,4580.0,9,92543,0.092543,14390,1.439,630,490,64,182500,191700.0,0.9520083463745436,0.04799165362545643,1,1,1.0,1.836279937297855,16.0,0.0,0.0,0.0,0.0
1146,4584.0,9,92543,0.092543,14390,1.439,630,490,64,182500,191700.0,0.9520083463745436,0.04799165362545643,1,1,1.0,1.836279937297855,16.0,0.0,0.0,0.0,0.0
1147,4588.0,9,92543,0.092543,14390,1.439,630,490,64,182500,191700.0,0.9520083463745436,0.04799165362545643,1,1,1.0,1.836279937297855,16.0,0.0,0.0,0.0,0.0
1148,4592.0,9,92543,0.092543,14390,1.439,630,490,64,182500,191700.0,0.9520083463745436,0.04799165362545643,1,1,1.0,1.836279937297855,16.0,0.0,0.0,0.0,0.0
1149,4596.0,9,92543,0.092543,14390,1.439,630,490,64,182500,191700.0,0.9520083463745436,0.04799165362545643,1,1,1.0,1.836279937297855,16.0,0.0,0.0,0.0,0.0
1150,4600.0,9,92543,0.092543,14390,1.439,630,490,64,182500,191700.0,0.9520083463745436,0.04799165362545643,1,1,1.0,1.836279937297855,16.0,0.0,0.0,0.0,0.0
1151,4604.0,9,92543,0.092543,14390,1.439,630,490,64,182500,191700.0,0.9520083463745436,0.04799165362545643,1,1,1.0,1.836279937297855,16.0,0.0,0.0,0.0,0.0
1152,4608.0,9,92543,0.092543,14390,1.439,630,490,64,182500,191700.0,0.9520083463745436,0.04799165362545643,1,1,1.0,1.836279937297855,16.0,0.0,0.0,0.0,0.0
1153,4612.0,10,92111,0.092111,14302,1.4302000000000001,630,470,64,171300,184100.0,0.9304725692558392,0.06952743074416079,1,1,1.0,1.8277079984919737,16.0,0.0,0.0,0.0,0.0
1154,4616.0,10,92111,0.092111,14302,1.4302000000000001,630,470,64,171300,184100.0,0.9304725692558392,0.06952743074416079,1,1,1.0,1.8277079984919737,16.0,0.0,0.0,0.0,0.0
1155,4620.0,10,92111,0.092111,14302,1.4302000000000001,630,470,64,171300,184100.0,0.9304725692558392,0.06952743074416079,1,1,1.0,1.8277079984919737,16.0,0.0,0.0,0.0,0.0
1156,4624.0,10,92111,0.092111,14302,1.4302000000000001,630,470,64,171300,184100.0,0.9304725692558392,0.06952743074416079,1,1,1.0,1.8277079984919737,16.0,0.0,0.0,0.0,0.0
1157,4628.0,10,92111,0.092111,14302,1.4302000000000001,630,470,64,171300,184100.0,0.9304725692558392,0.06952743074416079,1,1,1.0,1.8277079984919737,16.0,0.0,0.0,0.0,0.0
1158,4632.0,10,92111,0.092111,14302,1.4302000000000001,630,470,64,171300,184100.0,0.9304725692558392,0.06952743074416079,1,1,1.0,1.8277079984919737,16.0,0.0,0.0,0.0,0.0
1159,4636.0,10,92111,0.092111,14302,1.4302000000000001,630,470,64,171300,184100.0,0.9304725692558392,0.06952743074416079,1,1,1.0,1.8277079984919737,16.0,0.0,0.0,0.0,0.0
1160,4640.0,10,92111,0.092111,14302,1.4302000000000001,630,470,64,171300,184100.0,0.9304725692558392,0.06952743074416079,1,1,1.0,1.8277079984919737,16.0,0.0,0.0,0.0,0.0
1161,4644.0,10,92111,0.092111,14302,1.4302000000000001,630,470,64,171300,184100.0,0.9304725692558392,0.06952743074416079,1,1,1.0,1.8277079984919737,16.0,0.0,0.0,0.0,0.0
1162,4648.0,10,92111,0.092111,14302,1.4302000000000001,630,470,64,171300,184100.0,0.9304725692558392,0.06952743074416079,1,1,1.0,1.8277079984919737,16.0,0.0,0.0,0.0,0.0
1163,4652.0,10,92111,0.092111,14302,1.4302000000000001,630,470,64,171300,184100.0,0.9304725692558392,0.06952743074416079,1,1,1.0,1.8277079984919737,16.0,0.0,0.0,0.0,0.0
1164,4656.0,10,92111,0.092111,14302,1.4302000000000001,630,470,64,171300,184100.0,0.9304725692558392,0.06952743074416079,1,1,1.0,1.8277079984919737,16.0,0.0,0.0,0.0,0.0
1165,4660.0,10,92111,0.092111,14302,1.4302000000000001,630,470,64,171300,184100.0,0.9304725692558392,0.06952743074416079,1,1,1.0,1.8277079984919737,16.0,0.0,0.0,0.0,0.0
1166,4664.0,10,92111,0.092111,14302,1.4302000000000001,630,470,64,171300,184100.0,0.9304725692558392,0.06952743074416079,1,1,1.0,1.8277079984919737,16.0,0.0,0.0,0.0,0.0
1167,4668.0,10,92111,0.092111,14302,1.4302000000000001,630,470,64,171300,184100.0,0.9304725692558392,0.06952743074416079,1,1,1.0,1.8277079984919737,16.0,0.0,0.0,0.0,0.0
1168,4672.0,10,92111,0.092111,14302,1.4302000000000001,630,470,64,171300,184100.0,0.9304725692558392,0.06952743074416079,1,1,1.0,1.8277079984919737,16.0,0.0,0.0,0.0,0.0
1169,4676.0,11,93385,0.093385,14582,1.4582000000000002,650,470,64,164900,181700.0,0.9075399009356081,0.0924600990643919,1,1,1.0,1.8529872809889478,16.0,0.0,0.0,0.0,0.0
1170,4680.0,11,93385,0.093385,14582,1.4582000000000002,650,470,64,164900,181700.0,0.9075399009356081,0.0924600990643919,1,1,1.0,1.8529872809889478,16.0,0.0,0.0,0.0,0.0
1171,4684.0,11,93385,0.093385,14582,1.4582000000000002,650,470,64,164900,181700.0,0.9075399009356081,0.0924600990643919,1,1,1.0,1.8529872809889478,16.0,0.0,0.0,0.0,0.0
1172,4688.0,11,93385,0.093385,14582,1.4582000000000002,650,470,64,164900,181700.0,0.9075399009356081,0.0924600990643919,1,1,1.0,1.8529872809889478,16.0,0.0,0.0,0.0,0.0
1173,4692.0,11,93385,0.093385,14582,1.4582000000000002,650,470,64,164900,181700.0,0.9075399009356081,0.0924600990643919,1,1,1.0,1.8529872809889478,16.0,0.0,0.0,0.0,0.0
1174,4696.0,11,93385,0.093385,14582,1.4582000000000002,650,470,64,164900,181700.0,0.9075399009356081,0.0924600990643919,1,1,1.0,1.8529872809889478,16.0,0.0,0.0,0.0,0.0
1175,4700.0,11,93385,0.093385,14582,1.4582000000000002,650,470,64,164900,181700.0,0.9075399009356081,0.0924600990643919,1,1,1.0,1.8529872809889478,16.0,0.0,0.0,0.0,0.0
1176,4704.0,11,93385,0.093385,14582,1.4582000000000002,650,470,64,164900,181700.0,0.9075399009356081,0.0924600990643919,1,1,1.0,1.8529872809889478,16.0,0.0,0.0,0.0,0.0
1177,4708.0,11,93385,0.093385,14582,1.4582000000000002,650,470,64,164900,181700.0,0.9075399009356081,0.0924600990643919,1,1,1.0,1.8529872809889478,16.0,0.0,0.0,0.0,0.0
1178,4712.0,11,93385,0.093385,14582,1.4582000000000002,650,470,64,164900,181700.0,0.9075399009356081,0.0924600990643919,1,1,1.0,1.8529872809889478,16.0,0.0,0.0,0.0,0.0
1179,4716.0,11,93385,0.093385,14582,1.4582000000000002,650,470,64,164900,181700.0,0.9075399009356081,0.0924600990643919,1,1,1.0,1.8529872809889478,16.0,0.0,0.0,0.0,0.0
1180,4720.0,11,93385,0.093385,14582,1.4582000000000002,650,470,64,164900,181700.0,0.9075399009356081,0.0924600990643919,1,1,1.0,1.8529872809889478,16.0,0.0,0.0,0.0,0.0
1181,4724.0,11,93385,0.093385,14582,1.4582000000000002,650,470,64,164900,181700.0,0.9075399009356081,0.0924600990643919,1,1,1.0,1.8529872809889478,16.0,0.0,0.0,0.0,0.0
1182,4728.0,11,93385,0.093385,14582,1.4582000000000002,650,470,64,164900,181700.0,0.9075399009356081,0.0924600990643919,1,1,1.0,1.8529872809889478,16.0,0.0,0.0,0.0,0.0
1183,4732.0,11,93385,0.093385,14582,1.4582000000000002,650,470,64,164900,181700.0,0.9075399009356081,0.0924600990643919,1,1,1.0,1.8529872809889478,16.0,0.0,0.0,0.0,0.0
1184,4736.0,11,93385,0.093385,14582,1.4582000000000002,650,470,64,164900,181700.0,0.9075399009356081,0.0924600990643919,1,1,1.0,1.8529872809889478,16.0,0.0,0.0,0.0,0.0
1185,4740.0,12,94563,0.094563,14918,1.4918,670,470,64,155300,179300.0,0.8661461238148355,0.13385387618516453,1,1,1.0,1.876361688195726,16.0,0.0,0.0,0.0,0.0
1186,4744.0,12,94563,0.094563,14918,1.4918,670,470,64,155300,179300.0,0.8661461238148355,0.13385387618516453,1,1,1.0,1.876361688195726,16.0,0.0,0.0,0.0,0.0
1187,4748.0,12,94563,0.094563,14918,1.4918,670,470,64,155300,179300.0,0.8661461238148355,0.13385387618516453,1,1,1.0,1.876361688195726,16.0,0.0,0.0,0.0,0.0
1188,4752.0,12,94563,0.094563,14918,1.4918,670,470,64,155300,179300.0,0.8661461238148355,0.13385387618516453,1,1,1.0,1.876361688195726,16.0,0.0,0.0,0.0,0.0
1189,4756.0,12,94563,0.094563,14918,1.4918,670,470,64,155300,179300.0,0.8661461238148355,0.13385387618516453,1,1,1.0,1.876361688195726,16.0,0.0,0.0,0.0,0.0
1190,4760.0,12,94563,0.094563,14918,1.4918,670,470,64,155300,179300.0,0.8661461238148355,0.13385387618516453,1,1,1.0,1.876361688195726,16.0,0.0,0.0,0.0,0.0
1191,4764.0,12,94563,0.094563,14918,1.4918,670,470,64,155300,179300.0,0.8661461238148355,0.13385387618516453,1,1,1.0,1.876361688195726,16.0,0.0,0.0,0.0,0.0
1192,4768.0,12,94563,0.094563,14918,1.4918,670,470,64,155300,179300.0,0.8661461238148355,0.13385387618516453,1,1,1.0,1.876361688195726,16.0,0.0,0.0,0.0,0.0
1193,4772.0,12,94563,0.094563,14918,1.4918,670,470,64,155300,179300.0,0.8661461238148355,0.13385387618516453,1,1,1.0,1.876361688195726,16.0,0.0,0.0,0.0,0.0
1194,4776.0,12,94563,0.094563,14918,1.4918,670,470,64,155300,179300.0,0.8661461238148355,0.13385387618516453,1,1,1.0,1.876361688195726,17.0,0.0,0.0,0.0,0.0
1195,4780.0,12,94563,0.094563,14918,1.4918,670,470,64,155300,179300.0,0.8661461238148355,0.13385387618516453,1,1,1.0,1.876361688195726,17.0,0.0,0.0,0.0,0.0
1196,4784.0,12,94563,0.094563,14918,1.4918,670,470,64,155300,179300.0,0.8661461238148355,0.13385387618516453,1,1,1.0,1.876361688195726,17.0,0.0,0.0,0.0,0.0
1197,4788.0,12,94563,0.094563,14918,1.4918,670,470,64,155300,179300.0,0.8661461238148355,0.13385387618516453,1,1,1.0,1.876361688195726,17.0,0.0,0.0,0.0,0.0
1198,4792.0,12,94563,0.094563,14918,1.4918,670,470,64,155300,179300.0,0.8661461238148355,0.13385387618516453,1,1,1.0,1.876361688195726,17.0,0.0,0.0,0.0,0.0
1199,4796.0,12,94563,0.094563,14918,1.4918,670,470,64,155300,179300.0,0.8661461238148355,0.13385387618516453,1,1,1.0,1.876361688195726,17.0,0.0,0.0,0.0,0.0
1200,4800.0,12,94563,0.094563,14918,1.4918,670,470,64,155300,179300.0,0.8661461238148355,0.13385387618516453,1,1,1.0,1.876361688195726,17.0,0.0,0.0,0.0,0.0
1201,4804.0,13,93067,0.093067,14790,1.479,670,470,64,152900,177300.0,0.862380146644106,0.137619853355894,1,1,1.0,1.846677381590174,17.0,0.0,0.0,0.0,0.0
1202,4808.0,13,93067,0.093067,14790,1.479,670,470,64,152900,177300.0,0.862380146644106,0.137619853355894,1,1,1.0,1.846677381590174,17.0,0.0,0.0,0.0,0.0
1203,4812.0,13,93067,0.093067,14790,1.479,670,470,64,152900,177300.0,0.862380146644106,0.137619853355894,1,1,1.0,1.846677381590174,18.0,0.0,0.0,0.0,0.0
1204,4816.0,13,93067,0.093067,14790,1.479,670,470,64,152900,177300.0,0.862380146644106,0.137619853355894,1,1,1.0,1.846677381590174,18.0,0.0,0.0,0.0,0.0
1205,4820.0,13,93067,0.093067,14790,1.479,670,470,64,152900,177300.0,0.862380146644106,0.137619853355894,1,1,1.0,1.846677381590174,18.0,0.0,0.0,0.0,0.0
1206,4824.0,13,93067,0.093067,14790,1.479,670,470,64,152900,177300.0,0.862380146644106,0.137619853355894,1,1,1.0,1.846677381590174,18.0,0.0,0.0,0.0,0.0
1207,4828.0,13,93067,0.093067,14790,1.479,670,470,64,152900,177300.0,0.862380146644106,0.137619853355894,1,1,1.0,1.846677381590174,18.0,0.0,0.0,0.0,0.0
1208,4832.0,13,93067,0.093067,14790,1.479,670,470,64,152900,177300.0,0.862380146644106,0.137619853355894,1,1,1.0,1.846677381590174,18.0,0.0,0.0,0.0,0.0
1209,4836.0,13,93067,0.093067,14790,1.479,670,470,64,152900,177300.0,0.862380146644106,0.137619853355894,1,1,1.0,1.846677381590174,18.0,0.0,0.0,0.0,0.0
1210,4840.0,13,93067,0.093067,14790,1.479,670,470,64,152900,177300.0,0.862380146644106,0.137619853355894,1,1,1.0,1.846677381590174,18.0,0.0,0.0,0.0,0.0
1211,4844.0,13,93067,0.093067,14790,1.479,670,470,64,152900,177300.0,0.862380146644106,0.137619853355894,1,1,1.0,1.846677381590174,18.0,0.0,0.0,0.0,0.0
1212,4848.0,13,93067,0.093067,14790,1.479,670,470,64,152900,177300.0,0.862380146644106,0.137619853355894,1,1,1.0,1.846677381590174,18.0,0.0,0.0,0.0,0.0
1213,4852.0,13,93067,0.093067,14790,1.479,670,470,64,152900,177300.0,0.862380146644106,0.137619853355894,1,1,1.0,1.846677381590174,18.0,0.0,0.0,0.0,0.0
1214,4856.0,13,93067,0.093067,14790,1.479,670,470,64,152900,177300.0,0.862380146644106,0.137619853355894,1,1,1.0,1.846677381590174,18.0,0.0,0.0,0.0,0.0
1215,4860.0,13,93067,0.093067,14790,1.479,670,470,64,152900,177300.0,0.862380146644106,0.137619853355894,1,1,1.0,1.846677381590174,18.0,0.0,0.0,0.0,0.0
1216,4864.0,13,93067,0.093067,14790,1.479,670,470,64,152900,177300.0,0.862380146644106,0.137619853355894,1,1,1.0,1.846677381590174,18.0,0.0,0.0,0.0,0.0
1217,4868.0,14,94613,0.094613,15038,1.5038,690,470,64,146500,174900.0,0.8376214979988564,0.16237850200114357,1,1,1.0,1.877353810742703,18.0,0.0,0.0,0.0,0.0
1218,4872.0,14,94613,0.094613,15038,1.5038,690,470,64,146500,174900.0,0.8376214979988564,0.16237850200114357,1,1,1.0,1.877353810742703,18.0,0.0,0.0,0.0,0.0
1219,4876.0,14,94613,0.094613,15038,1.5038,690,470,64,146500,174900.0,0.8376214979988564,0.16237850200114357,1,1,1.0,1.877353810742703,18.0,0.0,0.0,0.0,0.0
1220,4880.0,14,94613,0.094613,15038,1.5038,690,470,64,146500,174900.0,0.8376214979988564,0.16237850200114357,1,1,1.0,1.877353810742703,18.0,0.0,0.0,0.0,0.0
1221,4884.0,14,94613,0.094613,15038,1.5038,690,470,64,146500,174900.0,0.8376214979988564,0.16237850200114357,1,1,1.0,1.877353810742703,18.0,0.0,0.0,0.0,0.0
1222,4888.0,14,94613,0.094613,15038,1.5038,690,470,64,146500,174900.0,0.8376214979988564,0.16237850200114357,1,1,1.0,1.877353810742703,18.0,0.0,0.0,0.0,0.0
1223,4892.0,14,94613,0.094613,15038,1.5038,690,470,64,146500,174900.0,0.8376214979988564,0.16237850200114357,1,1,1.0,1.877353810742703,18.0,0.0,0.0,0.0,0.0
1224,4896.0,14,94613,0.094613,15038,1.5038,690,470,64,146500,174900.0,0.8376214979988564,0.16237850200114357,1,1,1.0,1.877353810742703,18.0,0.0,0.0,0.0,0.0
1225,4900.0,14,94613,0.094613,15038,1.5038,690,470,64,146500,174900.0,0.8376214979988564,0.16237850200114357,1,1,1.0,1.877353810742703,18.0,0.0,0.0,0.0,0.0
1226,4904.0,14,94613,0.094613,15038,1.5038,690,470,64,146500,174900.0,0.8376214979988564,0.16237850200114357,1,1,1.0,1.877353810742703,18.0,0.0,0.0,0.0,0.0
1227,4908.0,14,94613,0.094613,15038,1.5038,690,470,64,146500,174900.0,0.8376214979988564,0.16237850200114357,1,1,1.0,1.877353810742703,18.0,0.0,0.0,0.0,0.0
1228,4912.0,14,94613,0.094613,15038,1.5038,690,470,64,146500,174900.0,0.8376214979988564,0.16237850200114357,1,1,1.0,1.877353810742703,18.0,0.0,0.0,0.0,0.0
1229,4916.0,14,94613,0.094613,15038,1.5038,690,470,64,146500,174900.0,0.8376214979988564,0.16237850200114357,1,1,1.0,1.877353810742703,18.0,0.0,0.0,0.0,0.0
1230,4920.0,14,94613,0.094613,15038,1.5038,690,470,64,146500,174900.0,0.8376214979988564,0.16237850200114357,1,1,1.0,1.877353810742703,18.0,0.0,0.0,0.0,0.0
1231,4924.0,14,94613,0.094613,15038,1.5038,690,470,64,146500,174900.0,0.8376214979988564,0.16237850200114357,1,1,1.0,1.877353810742703,18.0,0.0,0.0,0.0,0.0
1232,4928.0,14,94613,0.094613,15038,1.5038,690,470,64,146500,174900.0,0.8376214979988564,0.16237850200114357,1,1,1.0,1.877353810742703,18.0,0.0,0.0,0.0,0.0
1233,4932.0,15,95845,0.095845,15206,1.5206000000000002,690,450,64,136900,171300.0,0.7991827203736136,0.2008172796263864,1,1,1.0,1.9017997103002164,18.0,0.0,0.0,0.0,0.0
1234,4936.0,15,95845,0.095845,15206,1.5206000000000002,690,450,64,136900,171300.0,0.7991827203736136,0.2008172796263864,1,1,1.0,1.9017997103002164,18.0,0.0,0.0,0.0,0.0
1235,4940.0,15,95845,0.095845,15206,1.5206000000000002,690,450,64,136900,171300.0,0.7991827203736136,0.2008172796263864,1,1,1.0,1.9017997103002164,19.0,0.0,0.0,0.0,0.0
1236,4944.0,15,95845,0.095845,15206,1.5206000000000002,690,450,64,136900,171300.0,0.7991827203736136,0.2008172796263864,1,1,1.0,1.9017997103002164,19.0,0.0,0.0,0.0,0.0
