time_s,V_L1_Genome,V_L1_packaged_genome,V_L1_virion,V_L1_membrane_damage,V_L1_breach,V_L1_released,V_L1_rep_event,V_L1_assembly_event,V_L1_G_L1_4,V_L1_TX_L1_4,V_L1_R_L1_4,V_L1_RB_L1_4,V_L1_P_L1_4,V_L1_TX_L1_4_event,V_L1_TL_L1_4_event,V_L1_G_L1_1,V_L1_TX_L1_1,V_L1_R_L1_1,V_L1_RB_L1_1,V_L1_P_L1_1,V_L1_TX_L1_1_event,V_L1_TL_L1_1_event,V_L1_G_L1_2,V_L1_TX_L1_2,V_L1_R_L1_2,V_L1_RB_L1_2,V_L1_P_L1_2,V_L1_TX_L1_2_event,V_L1_TL_L1_2_event,V_L1_G_L1_3,V_L1_TX_L1_3,V_L1_R_L1_3,V_L1_RB_L1_3,V_L1_P_L1_3,V_L1_TX_L1_3_event,V_L1_TL_L1_3_event
0.0,3.0,0.0,0.0,0.0,0.0,0.0,0.0,0.0,3.0,0.0,0.0,0.0,0.0,0.0,0.0,3.0,0.0,0.0,0.0,0.0,0.0,0.0,3.0,0.0,0.0,0.0,0.0,0.0,0.0,3.0,0.0,0.0,0.0,0.0,0.0,0.0
4.0,3.0,0.0,0.0,0.0,0.0,0.0,0.0,0.0,3.0,0.0,0.0,0.0,0.0,0.0,0.0,3.0,0.0,0.0,0.0,0.0,0.0,0.0,3.0,0.0,0.0,0.0,0.0,0.0,0.0,3.0,0.0,0.0,0.0,0.0,0.0,0.0
8.0,3.0,0.0,0.0,0.0,0.0,0.0,0.0,0.0,3.0,0.0,0.0,0.0,0.0,0.0,0.0,3.0,0.0,0.0,0.0,0.0,0.0,0.0,3.0,0.0,0.0,0.0,0.0,0.0,0.0,3.0,0.0,0.0,0.0,0.0,0.0,0.0
12.0,3.0,0.0,0.0,0.0,0.0,0.0,0.0,0.0,3.0,0.0,0.0,0.0,0.0,0.0,0.0,3.0,0.0,0.0,0.0,0.0,0.0,0.0,3.0,0.0,0.0,0.0,0.0,0.0,0.0,3.0,0.0,0.0,0.0,0.0,0.0,0.0
16.0,3.0,0.0,0.0,0.0,0.0,0.0,0.0,0.0,3.0,0.0,0.0,0.0,0.0,0.0,0.0,3.0,0.0,0.0,0.0,0.0,0.0,0.0,3.0,0.0,0.0,0.0,0.0,0.0,0.0,0.0,3.0,0.0,0.0,0.0,0.0,0.0
20.0,3.0,0.0,0.0,0.0,0.0,0.0,0.0,0.0,3.0,0.0,0.0,0.0,0.0,0.0,0.0,3.0,0.0,0.0,0.0,0.0,0.0,0.0,3.0,0.0,0.0,0.0,0.0,0.0,0.0,1.0,2.0,1.0,0.0,0.0,0.0,0.0
24.0,3.0,0.0,0.0,0.0,0.0,0.0,0.0,0.0,3.0,0.0,0.0,0.0,0.0,0.0,0.0,3.0,0.0,0.0,0.0,0.0,0.0,0.0,3.0,0.0,0.0,0.0,0.0,0.0,0.0,1.0,2.0,1.0,0.0,0.0,0.0,0.0
28.0,3.0,0.0,0.0,0.0,0.0,0.0,0.0,0.0,3.0,0.0,0.0,0.0,0.0,0.0,0.0,3.0,0.0,1.0,0.0,0.0,0.0,0.0,3.0,0.0,0.0,0.0,0.0,0.0,0.0,0.0,3.0,1.0,0.0,0.0,0.0,0.0
32.0,3.0,0.0,0.0,0.0,0.0,0.0,0.0,0.0,3.0,0.0,0.0,0.0,0.0,0.0,0.0,3.0,0.0,1.0,0.0,0.0,0.0,0.0,3.0,0.0,0.0,0.0,0.0,0.0,0.0,0.0,3.0,1.0,0.0,0.0,0.0,0.0
36.0,3.0,0.0,0.0,0.0,0.0,0.0,0.0,0.0,3.0,0.0,0.0,0.0,0.0,0.0,0.0,3.0,0.0,1.0,0.0,0.0,0.0,0.0,3.0,0.0,0.0,0.0,0.0,0.0,0.0,1.0,2.0,2.0,0.0,0.0,0.0,0.0
40.0,3.0,0.0,0.0,0.0,0.0,0.0,0.0,0.0,3.0,0.0,0.0,0.0,0.0,0.0,0.0,3.0,0.0,2.0,0.0,0.0,0.0,0.0,3.0,0.0,0.0,0.0,0.0,0.0,0.0,1.0,2.0,2.0,0.0,0.0,0.0,0.0
44.0,3.0,0.0,0.0,0.0,0.0,0.0,0.0,0.0,3.0,0.0,0.0,0.0,0.0,0.0,0.0,3.0,0.0,2.0,0.0,0.0,0.0,0.0,3.0,0.0,0.0,0.0,0.0,0.0,0.0,1.0,2.0,2.0,0.0,0.0,0.0,0.0
48.0,3.0,0.0,0.0,0.0,0.0,0.0,0.0,0.0,3.0,0.0,0.0,0.0,0.0,0.0,0.0,3.0,0.0,2.0,0.0,0.0,0.0,0.0,3.0,0.0,0.0,0.0,0.0,0.0,0.0,2.0,1.0,3.0,0.0,0.0,0.0,0.0
52.0,3.0,0.0,0.0,0.0,0.0,0.0,0.0,0.0,3.0,0.0,0.0,0.0,0.0,0.0,0.0,3.0,0.0,2.0,0.0,0.0,0.0,0.0,3.0,0.0,0.0,0.0,0.0,0.0,0.0,2.0,1.0,3.0,0.0,1.0,0.0,0.0
56.0,3.0,0.0,0.0,0.0,0.0,0.0,0.0,0.0,2.0,1.0,0.0,0.0,0.0,0.0,0.0,3.0,0.0,2.0,0.0,0.0,0.0,0.0,3.0,0.0,0.0,0.0,0.0,0.0,0.0,2.0,1.0,3.0,0.0,1.0,0.0,0.0
60.0,3.0,0.0,0.0,0.0,0.0,0.0,0.0,0.0,3.0,0.0,1.0,0.0,0.0,0.0,0.0,3.0,0.0,2.0,0.0,0.0,0.0,0.0,3.0,0.0,0.0,0.0,0.0,0.0,0.0,2.0,1.0,3.0,0.0,1.0,0.0,0.0
64.0,3.0,0.0,0.0,0.0,0.0,0.0,0.0,0.0,3.0,0.0,1.0,0.0,0.0,0.0,0.0,3.0,0.0,2.0,0.0,0.0,0.0,0.0,3.0,0.0,0.0,0.0,0.0,0.0,0.0,3.0,0.0,4.0,0.0,1.0,0.0,0.0
68.0,3.0,0.0,0.0,0.0,0.0,0.0,0.0,0.0,3.0,0.0,1.0,0.0,0.0,0.0,0.0,3.0,0.0,2.0,0.0,0.0,0.0,0.0,3.0,0.0,0.0,0.0,0.0,0.0,0.0,3.0,0.0,4.0,0.0,1.0,0.0,0.0
72.0,3.0,0.0,0.0,0.0,0.0,0.0,0.0,0.0,3.0,0.0,1.0,0.0,0.0,0.0,0.0,3.0,0.0,2.0,0.0,0.0,0.0,0.0,3.0,0.0,0.0,0.0,0.0,0.0,0.0,3.0,0.0,4.0,0.0,1.0,0.0,0.0
76.0,3.0,0.0,0.0,0.0,0.0,0.0,0.0,0.0,3.0,0.0,1.0,0.0,0.0,0.0,0.0,2.0,1.0,3.0,0.0,1.0,0.0,0.0,3.0,0.0,0.0,0.0,0.0,0.0,0.0,3.0,0.0,3.0,1.0,1.0,0.0,0.0
80.0,3.0,0.0,0.0,0.0,0.0,0.0,0.0,0.0,3.0,0.0,1.0,0.0,0.0,0.0,0.0,3.0,0.0,4.0,0.0,1.0,0.0,0.0,3.0,0.0,0.0,0.0,0.0,0.0,0.0,3.0,0.0,3.0,1.0,1.0,0.0,0.0
84.0,3.0,0.0,0.0,0.0,0.0,0.0,0.0,0.0,3.0,0.0,1.0,0.0,0.0,0.0,0.0,3.0,0.0,4.0,0.0,2.0,0.0,0.0,3.0,0.0,0.0,0.0,0.0,0.0,0.0,3.0,0.0,3.0,1.0,1.0,0.0,0.0
88.0,3.0,0.0,0.0,0.0,0.0,0.0,0.0,0.0,3.0,0.0,1.0,0.0,0.0,0.0,0.0,3.0,0.0,3.0,0.0,2.0,0.0,0.0,3.0,0.0,0.0,0.0,0.0,0.0,0.0,3.0,0.0,2.0,2.0,1.0,0.0,0.0
92.0,3.0,0.0,0.0,0.0,0.0,0.0,0.0,0.0,3.0,0.0,1.0,0.0,0.0,0.0,0.0,3.0,0.0,3.0,0.0,2.0,0.0,0.0,3.0,0.0,0.0,0.0,0.0,0.0,0.0,3.0,0.0,2.0,2.0,1.0,0.0,0.0
96.0,3.0,0.0,0.0,0.0,0.0,0.0,0.0,0.0,3.0,0.0,1.0,0.0,0.0,0.0,0.0,3.0,0.0,3.0,0.0,2.0,0.0,0.0,3.0,0.0,0.0,0.0,0.0,0.0,0.0,3.0,0.0,3.0,1.0,2.0,0.0,0.0
100.0,3.0,0.0,0.0,0.0,0.0,0.0,0.0,0.0,3.0,0.0,1.0,0.0,0.0,0.0,0.0,3.0,0.0,3.0,0.0,2.0,0.0,0.0,3.0,0.0,0.0,0.0,0.0,0.0,0.0,3.0,0.0,4.0,0.0,3.0,0.0,0.0
104.0,3.0,0.0,0.0,0.0,0.0,0.0,0.0,0.0,3.0,0.0,1.0,0.0,0.0,0.0,0.0,3.0,0.0,3.0,0.0,2.0,0.0,0.0,2.0,1.0,0.0,0.0,0.0,0.0,0.0,3.0,0.0,3.0,0.0,3.0,0.0,0.0
108.0,3.0,0.0,0.0,0.0,0.0,0.0,0.0,0.0,3.0,0.0,1.0,0.0,0.0,0.0,0.0,3.0,0.0,3.0,0.0,2.0,0.0,0.0,2.0,1.0,0.0,0.0,0.0,0.0,0.0,3.0,0.0,3.0,0.0,3.0,0.0,0.0
112.0,3.0,0.0,0.0,0.0,0.0,0.0,0.0,0.0,3.0,0.0,1.0,0.0,0.0,0.0,0.0,3.0,0.0,3.0,0.0,3.0,0.0,0.0,2.0,1.0,0.0,0.0,0.0,0.0,0.0,3.0,0.0,2.0,1.0,3.0,0.0,0.0
116.0,3.0,0.0,0.0,0.0,0.0,0.0,0.0,0.0,3.0,0.0,1.0,0.0,0.0,0.0,0.0,3.0,0.0,2.0,1.0,3.0,0.0,0.0,2.0,1.0,0.0,0.0,0.0,0.0,0.0,3.0,0.0,2.0,1.0,3.0,0.0,0.0
120.0,3.0,0.0,0.0,0.0,0.0,0.0,0.0,0.0,3.0,0.0,1.0,0.0,0.0,0.0,0.0,3.0,0.0,2.0,1.0,4.0,0.0,0.0,2.0,1.0,0.0,0.0,0.0,0.0,0.0,3.0,0.0,2.0,1.0,3.0,0.0,0.0
124.0,3.0,0.0,0.0,0.0,0.0,0.0,0.0,0.0,3.0,0.0,1.0,0.0,0.0,0.0,0.0,3.0,0.0,2.0,1.0,4.0,0.0,0.0,2.0,1.0,0.0,0.0,0.0,0.0,0.0,3.0,0.0,2.0,1.0,3.0,0.0,0.0
128.0,3.0,0.0,0.0,0.0,0.0,0.0,0.0,0.0,3.0,0.0,1.0,0.0,0.0,0.0,0.0,3.0,0.0,2.0,1.0,4.0,0.0,0.0,2.0,1.0,0.0,0.0,0.0,0.0,0.0,3.0,0.0,2.0,1.0,3.0,0.0,0.0
132.0,3.0,0.0,0.0,0.0,0.0,0.0,0.0,0.0,3.0,0.0,1.0,0.0,0.0,0.0,0.0,3.0,0.0,2.0,1.0,5.0,0.0,0.0,2.0,1.0,0.0,0.0,0.0,0.0,0.0,3.0,0.0,2.0,1.0,3.0,0.0,0.0
136.0,3.0,0.0,0.0,0.0,0.0,0.0,0.0,0.0,3.0,0.0,1.0,0.0,0.0,0.0,0.0,3.0,0.0,1.0,1.0,5.0,0.0,0.0,3.0,0.0,1.0,0.0,0.0,0.0,0.0,3.0,0.0,2.0,1.0,3.0,0.0,0.0
140.0,3.0,0.0,0.0,0.0,0.0,0.0,0.0,0.0,3.0,0.0,1.0,0.0,0.0,0.0,0.0,3.0,0.0,2.0,0.0,6.0,0.0,0.0,3.0,0.0,1.0,0.0,0.0,0.0,0.0,3.0,0.0,3.0,0.0,4.0,0.0,0.0
144.0,3.0,0.0,0.0,0.0,0.0,0.0,0.0,0.0,3.0,0.0,1.0,0.0,0.0,0.0,0.0,3.0,0.0,2.0,0.0,6.0,0.0,0.0,3.0,0.0,1.0,0.0,0.0,0.0,0.0,3.0,0.0,3.0,0.0,4.0,0.0,0.0
148.0,3.0,0.0,0.0,0.0,0.0,0.0,0.0,0.0,3.0,0.0,1.0,0.0,0.0,0.0,0.0,3.0,0.0,2.0,0.0,6.0,0.0,0.0,3.0,0.0,1.0,0.0,0.0,0.0,0.0,3.0,0.0,3.0,0.0,4.0,0.0,0.0
152.0,3.0,0.0,0.0,0.0,0.0,0.0,0.0,0.0,3.0,0.0,1.0,0.0,0.0,0.0,0.0,3.0,0.0,2.0,0.0,6.0,0.0,0.0,3.0,0.0,1.0,0.0,0.0,0.0,0.0,3.0,0.0,3.0,0.0,4.0,0.0,0.0
156.0,3.0,0.0,0.0,0.0,0.0,0.0,0.0,0.0,3.0,0.0,1.0,0.0,0.0,0.0,0.0,3.0,0.0,2.0,0.0,6.0,0.0,0.0,3.0,0.0,1.0,0.0,0.0,0.0,0.0,3.0,0.0,3.0,0.0,4.0,0.0,0.0
160.0,3.0,0.0,0.0,0.0,0.0,0.0,0.0,0.0,3.0,0.0,1.0,0.0,0.0,0.0,0.0,3.0,0.0,2.0,0.0,6.0,0.0,0.0,3.0,0.0,1.0,0.0,0.0,0.0,0.0,3.0,0.0,3.0,0.0,4.0,0.0,0.0
164.0,3.0,0.0,0.0,0.0,0.0,0.0,0.0,0.0,3.0,0.0,1.0,0.0,0.0,0.0,0.0,3.0,0.0,2.0,0.0,6.0,0.0,0.0,3.0,0.0,1.0,0.0,0.0,0.0,0.0,2.0,1.0,3.0,0.0,4.0,0.0,0.0
168.0,3.0,0.0,0.0,0.0,0.0,0.0,0.0,0.0,3.0,0.0,1.0,0.0,0.0,0.0,0.0,3.0,0.0,2.0,0.0,6.0,0.0,0.0,3.0,0.0,1.0,0.0,0.0,0.0,0.0,3.0,0.0,3.0,0.0,4.0,0.0,0.0
172.0,3.0,0.0,0.0,0.0,0.0,0.0,0.0,0.0,3.0,0.0,1.0,0.0,0.0,0.0,0.0,3.0,0.0,2.0,0.0,6.0,0.0,0.0,3.0,0.0,1.0,0.0,0.0,0.0,0.0,3.0,0.0,3.0,0.0,4.0,0.0,0.0
176.0,3.0,0.0,0.0,0.0,0.0,0.0,0.0,0.0,3.0,0.0,0.0,1.0,0.0,0.0,0.0,3.0,0.0,2.0,0.0,6.0,0.0,0.0,3.0,0.0,1.0,0.0,0.0,0.0,0.0,3.0,0.0,3.0,0.0,4.0,0.0,0.0
180.0,3.0,0.0,0.0,0.0,0.0,0.0,0.0,0.0,3.0,0.0,1.0,0.0,1.0,0.0,0.0,3.0,0.0,1.0,0.0,6.0,0.0,0.0,3.0,0.0,1.0,0.0,0.0,0.0,0.0,3.0,0.0,3.0,0.0,4.0,0.0,0.0
184.0,3.0,0.0,0.0,0.0,0.0,0.0,0.0,0.0,3.0,0.0,1.0,0.0,1.0,0.0,0.0,3.0,0.0,1.0,0.0,6.0,0.0,0.0,3.0,0.0,1.0,0.0,0.0,0.0,0.0,3.0,0.0,3.0,0.0,4.0,0.0,0.0
188.0,3.0,0.0,0.0,0.0,0.0,0.0,0.0,0.0,3.0,0.0,0.0,1.0,1.0,0.0,0.0,3.0,0.0,1.0,0.0,6.0,0.0,0.0,3.0,0.0,0.0,1.0,0.0,0.0,0.0,3.0,0.0,3.0,0.0,4.0,0.0,0.0
192.0,3.0,0.0,0.0,0.0,0.0,0.0,0.0,0.0,3.0,0.0,0.0,1.0,1.0,0.0,0.0,3.0,0.0,1.0,0.0,6.0,0.0,0.0,3.0,0.0,0.0,1.0,0.0,0.0,0.0,3.0,0.0,2.0,1.0,4.0,0.0,0.0
196.0,3.0,0.0,0.0,0.0,0.0,0.0,0.0,0.0,3.0,0.0,0.0,1.0,1.0,0.0,0.0,3.0,0.0,1.0,0.0,6.0,0.0,0.0,3.0,0.0,0.0,1.0,0.0,0.0,0.0,3.0,0.0,2.0,1.0,4.0,0.0,0.0
200.0,3.0,0.0,0.0,0.0,0.0,0.0,0.0,0.0,3.0,0.0,0.0,1.0,1.0,0.0,0.0,3.0,0.0,1.0,0.0,6.0,0.0,0.0,3.0,0.0,0.0,1.0,0.0,0.0,0.0,3.0,0.0,3.0,0.0,5.0,0.0,0.0
204.0,3.0,0.0,0.0,0.0,0.0,0.0,0.0,0.0,3.0,0.0,0.0,1.0,1.0,0.0,0.0,3.0,0.0,1.0,0.0,6.0,0.0,0.0,3.0,0.0,0.0,1.0,0.0,0.0,0.0,3.0,0.0,2.0,1.0,6.0,0.0,0.0
208.0,3.0,0.0,0.0,0.0,0.0,0.0,0.0,0.0,3.0,0.0,0.0,1.0,1.0,0.0,0.0,2.0,1.0,1.0,0.0,6.0,0.0,0.0,3.0,0.0,1.0,0.0,1.0,0.0,0.0,3.0,0.0,3.0,0.0,7.0,0.0,0.0
212.0,3.0,0.0,0.0,0.0,0.0,0.0,0.0,0.0,3.0,0.0,0.0,1.0,1.0,0.0,0.0,2.0,1.0,1.0,0.0,6.0,0.0,0.0,3.0,0.0,0.0,1.0,1.0,0.0,0.0,3.0,0.0,3.0,0.0,7.0,0.0,0.0
216.0,3.0,0.0,0.0,0.0,0.0,0.0,0.0,0.0,3.0,0.0,0.0,1.0,1.0,0.0,0.0,3.0,0.0,1.0,1.0,6.0,0.0,0.0,3.0,0.0,0.0,1.0,1.0,0.0,0.0,3.0,0.0,2.0,0.0,7.0,0.0,0.0
220.0,3.0,0.0,0.0,0.0,0.0,0.0,0.0,0.0,3.0,0.0,0.0,1.0,1.0,0.0,0.0,3.0,0.0,1.0,1.0,6.0,0.0,0.0,3.0,0.0,0.0,1.0,1.0,0.0,0.0,3.0,0.0,2.0,0.0,7.0,0.0,0.0
224.0,3.0,0.0,0.0,0.0,0.0,0.0,0.0,0.0,3.0,0.0,0.0,1.0,1.0,0.0,0.0,3.0,0.0,1.0,1.0,6.0,0.0,0.0,3.0,0.0,1.0,0.0,2.0,0.0,0.0,3.0,0.0,1.0,0.0,7.0,0.0,0.0
228.0,3.0,0.0,0.0,0.0,0.0,0.0,0.0,0.0,3.0,0.0,0.0,1.0,1.0,0.0,0.0,3.0,0.0,1.0,1.0,6.0,0.0,0.0,3.0,0.0,1.0,0.0,2.0,0.0,0.0,3.0,0.0,1.0,0.0,7.0,0.0,0.0
232.0,3.0,0.0,0.0,0.0,0.0,0.0,0.0,0.0,3.0,0.0,0.0,1.0,1.0,0.0,0.0,3.0,0.0,2.0,0.0,7.0,0.0,0.0,3.0,0.0,1.0,0.0,2.0,0.0,0.0,3.0,0.0,1.0,0.0,7.0,0.0,0.0
236.0,3.0,0.0,0.0,0.0,0.0,0.0,0.0,0.0,3.0,0.0,0.0,1.0,1.0,0.0,0.0,3.0,0.0,2.0,0.0,7.0,0.0,0.0,3.0,0.0,1.0,0.0,2.0,0.0,0.0,3.0,0.0,1.0,0.0,7.0,0.0,0.0
240.0,3.0,0.0,0.0,0.0,0.0,0.0,0.0,0.0,3.0,0.0,0.0,1.0,1.0,0.0,0.0,3.0,0.0,2.0,0.0,7.0,0.0,0.0,3.0,0.0,0.0,0.0,2.0,0.0,0.0,3.0,0.0,1.0,0.0,7.0,0.0,0.0
244.0,3.0,0.0,0.0,0.0,0.0,0.0,0.0,0.0,3.0,0.0,0.0,1.0,1.0,0.0,0.0,3.0,0.0,2.0,0.0,7.0,0.0,0.0,3.0,0.0,0.0,0.0,2.0,0.0,0.0,3.0,0.0,1.0,0.0,7.0,0.0,0.0
248.0,3.0,0.0,0.0,0.0,0.0,0.0,0.0,0.0,3.0,0.0,0.0,1.0,1.0,0.0,0.0,3.0,0.0,2.0,0.0,7.0,0.0,0.0,3.0,0.0,0.0,0.0,2.0,0.0,0.0,3.0,0.0,1.0,0.0,7.0,0.0,0.0
252.0,3.0,0.0,0.0,0.0,0.0,0.0,0.0,0.0,2.0,1.0,0.0,1.0,1.0,0.0,0.0,3.0,0.0,2.0,0.0,7.0,0.0,0.0,3.0,0.0,0.0,0.0,2.0,0.0,0.0,3.0,0.0,0.0,0.0,7.0,0.0,0.0
256.0,3.0,0.0,0.0,0.0,0.0,0.0,0.0,0.0,2.0,1.0,0.0,1.0,1.0,0.0,0.0,3.0,0.0,2.0,0.0,7.0,0.0,0.0,3.0,0.0,0.0,0.0,2.0,0.0,0.0,3.0,0.0,0.0,0.0,7.0,0.0,0.0
260.0,3.0,0.0,0.0,0.0,0.0,0.0,0.0,0.0,2.0,1.0,0.0,1.0,1.0,0.0,0.0,3.0,0.0,2.0,0.0,7.0,0.0,0.0,3.0,0.0,0.0,0.0,2.0,0.0,0.0,3.0,0.0,0.0,0.0,7.0,0.0,0.0
264.0,3.0,0.0,0.0,0.0,0.0,0.0,0.0,0.0,2.0,1.0,0.0,1.0,1.0,0.0,0.0,2.0,1.0,2.0,0.0,7.0,0.0,0.0,3.0,0.0,0.0,0.0,2.0,0.0,0.0,3.0,0.0,0.0,0.0,7.0,0.0,0.0
268.0,3.0,0.0,0.0,0.0,0.0,0.0,0.0,0.0,2.0,1.0,0.0,1.0,1.0,0.0,0.0,2.0,1.0,1.0,1.0,7.0,0.0,0.0,3.0,0.0,1.0,0.0,2.0,0.0,0.0,3.0,0.0,0.0,0.0,7.0,0.0,0.0
272.0,3.0,0.0,0.0,0.0,0.0,0.0,0.0,0.0,2.0,1.0,0.0,1.0,1.0,0.0,0.0,3.0,0.0,3.0,0.0,8.0,0.0,0.0,3.0,0.0,0.0,0.0,2.0,0.0,0.0,3.0,0.0,0.0,0.0,7.0,0.0,0.0
276.0,3.0,0.0,0.0,0.0,0.0,0.0,0.0,0.0,2.0,1.0,0.0,1.0,1.0,0.0,0.0,3.0,0.0,3.0,0.0,8.0,0.0,0.0,3.0,0.0,0.0,0.0,2.0,0.0,0.0,3.0,0.0,0.0,0.0,7.0,0.0,0.0
280.0,3.0,0.0,0.0,0.0,0.0,0.0,0.0,0.0,2.0,1.0,0.0,1.0,1.0,0.0,0.0,3.0,0.0,3.0,0.0,8.0,0.0,0.0,3.0,0.0,0.0,0.0,2.0,0.0,0.0,3.0,0.0,0.0,0.0,7.0,0.0,0.0
284.0,3.0,0.0,0.0,0.0,0.0,0.0,0.0,0.0,2.0,1.0,0.0,1.0,1.0,0.0,0.0,3.0,0.0,3.0,0.0,8.0,0.0,0.0,3.0,0.0,0.0,0.0,2.0,0.0,0.0,3.0,0.0,0.0,0.0,7.0,0.0,0.0
288.0,3.0,0.0,0.0,0.0,0.0,0.0,0.0,0.0,2.0,1.0,0.0,1.0,1.0,0.0,0.0,2.0,1.0,3.0,0.0,8.0,0.0,0.0,3.0,0.0,0.0,0.0,2.0,0.0,0.0,3.0,0.0,0.0,0.0,7.0,0.0,0.0
292.0,3.0,0.0,0.0,0.0,0.0,0.0,0.0,0.0,2.0,1.0,0.0,1.0,1.0,0.0,0.0,2.0,1.0,3.0,0.0,8.0,0.0,0.0,3.0,0.0,0.0,0.0,2.0,0.0,0.0,3.0,0.0,0.0,0.0,7.0,0.0,0.0
296.0,3.0,0.0,0.0,0.0,0.0,0.0,0.0,0.0,2.0,1.0,1.0,0.0,2.0,0.0,0.0,2.0,1.0,3.0,0.0,8.0,0.0,0.0,3.0,0.0,0.0,0.0,2.0,0.0,0.0,3.0,0.0,0.0,0.0,7.0,0.0,0.0
300.0,3.0,0.0,0.0,0.0,0.0,0.0,0.0,0.0,2.0,1.0,1.0,0.0,2.0,0.0,0.0,2.0,1.0,3.0,0.0,8.0,0.0,0.0,3.0,0.0,0.0,0.0,2.0,0.0,0.0,3.0,0.0,0.0,0.0,7.0,0.0,0.0
304.0,3.0,0.0,0.0,0.0,0.0,0.0,0.0,0.0,3.0,0.0,2.0,0.0,2.0,0.0,0.0,2.0,1.0,2.0,1.0,8.0,0.0,0.0,3.0,0.0,0.0,0.0,2.0,0.0,0.0,3.0,0.0,0.0,0.0,7.0,0.0,0.0
308.0,3.0,0.0,0.0,0.0,0.0,0.0,0.0,0.0,3.0,0.0,2.0,0.0,2.0,0.0,0.0,2.0,1.0,2.0,1.0,9.0,0.0,0.0,3.0,0.0,0.0,0.0,2.0,0.0,0.0,3.0,0.0,0.0,0.0,7.0,0.0,0.0
312.0,3.0,0.0,0.0,0.0,0.0,0.0,0.0,0.0,3.0,0.0,2.0,0.0,2.0,0.0,0.0,3.0,0.0,3.0,1.0,10.0,0.0,0.0,3.0,0.0,0.0,0.0,2.0,0.0,0.0,3.0,0.0,0.0,0.0,7.0,0.0,0.0
316.0,3.0,0.0,0.0,0.0,0.0,0.0,0.0,0.0,3.0,0.0,2.0,0.0,2.0,0.0,0.0,3.0,0.0,3.0,1.0,10.0,0.0,0.0,3.0,0.0,0.0,0.0,2.0,0.0,0.0,3.0,0.0,0.0,0.0,7.0,0.0,0.0
320.0,3.0,0.0,0.0,0.0,0.0,0.0,0.0,0.0,3.0,0.0,2.0,0.0,2.0,0.0,0.0,3.0,0.0,3.0,1.0,10.0,0.0,0.0,2.0,1.0,0.0,0.0,2.0,0.0,0.0,3.0,0.0,0.0,0.0,7.0,0.0,0.0
324.0,3.0,0.0,0.0,0.0,0.0,0.0,0.0,0.0,3.0,0.0,2.0,0.0,2.0,0.0,0.0,3.0,0.0,3.0,1.0,10.0,0.0,0.0,2.0,1.0,0.0,0.0,2.0,0.0,0.0,3.0,0.0,0.0,0.0,7.0,0.0,0.0
328.0,3.0,0.0,0.0,0.0,0.0,0.0,0.0,0.0,3.0,0.0,2.0,0.0,2.0,0.0,0.0,3.0,0.0,2.0,2.0,10.0,0.0,0.0,2.0,1.0,0.0,0.0,2.0,0.0,0.0,3.0,0.0,0.0,0.0,7.0,0.0,0.0
332.0,3.0,0.0,0.0,0.0,0.0,0.0,0.0,0.0,3.0,0.0,2.0,0.0,2.0,0.0,0.0,3.0,0.0,3.0,1.0,11.0,0.0,0.0,2.0,1.0,0.0,0.0,2.0,0.0,0.0,3.0,0.0,0.0,0.0,7.0,0.0,0.0
336.0,3.0,0.0,0.0,0.0,0.0,0.0,0.0,0.0,3.0,0.0,2.0,0.0,2.0,0.0,0.0,3.0,0.0,2.0,2.0,11.0,0.0,0.0,3.0,0.0,1.0,0.0,2.0,0.0,0.0,3.0,0.0,0.0,0.0,7.0,0.0,0.0
340.0,3.0,0.0,0.0,0.0,0.0,0.0,0.0,0.0,3.0,0.0,2.0,0.0,2.0,0.0,0.0,3.0,0.0,3.0,1.0,14.0,0.0,0.0,3.0,0.0,1.0,0.0,2.0,0.0,0.0,3.0,0.0,0.0,0.0,7.0,0.0,0.0
344.0,3.0,0.0,0.0,0.0,0.0,0.0,0.0,0.0,3.0,0.0,1.0,1.0,2.0,0.0,0.0,3.0,0.0,4.0,0.0,15.0,0.0,0.0,3.0,0.0,1.0,0.0,2.0,0.0,0.0,3.0,0.0,0.0,0.0,7.0,0.0,0.0
348.0,3.0,0.0,0.0,0.0,0.0,0.0,0.0,0.0,3.0,0.0,1.0,1.0,2.0,0.0,0.0,3.0,0.0,4.0,0.0,15.0,0.0,0.0,3.0,0.0,1.0,0.0,2.0,0.0,0.0,3.0,0.0,0.0,0.0,7.0,0.0,0.0
352.0,3.0,0.0,0.0,0.0,0.0,0.0,0.0,0.0,3.0,0.0,2.0,0.0,3.0,0.0,0.0,3.0,0.0,4.0,0.0,15.0,0.0,0.0,3.0,0.0,1.0,0.0,2.0,0.0,0.0,3.0,0.0,0.0,0.0,7.0,0.0,0.0
356.0,3.0,0.0,0.0,0.0,0.0,0.0,0.0,0.0,3.0,0.0,2.0,0.0,3.0,0.0,0.0,3.0,0.0,4.0,0.0,15.0,0.0,0.0,3.0,0.0,1.0,0.0,2.0,0.0,0.0,3.0,0.0,0.0,0.0,7.0,0.0,0.0
360.0,3.0,0.0,0.0,0.0,0.0,0.0,0.0,0.0,3.0,0.0,2.0,0.0,3.0,0.0,0.0,3.0,0.0,3.0,1.0,15.0,0.0,0.0,3.0,0.0,1.0,0.0,2.0,0.0,0.0,3.0,0.0,0.0,0.0,7.0,0.0,0.0
364.0,3.0,0.0,0.0,0.0,0.0,0.0,0.0,0.0,3.0,0.0,2.0,0.0,3.0,0.0,0.0,3.0,0.0,4.0,0.0,16.0,0.0,0.0,3.0,0.0,1.0,0.0,2.0,0.0,0.0,3.0,0.0,0.0,0.0,7.0,0.0,0.0
368.0,3.0,0.0,0.0,0.0,0.0,0.0,0.0,0.0,3.0,0.0,2.0,0.0,3.0,0.0,0.0,3.0,0.0,4.0,0.0,16.0,0.0,0.0,3.0,0.0,1.0,0.0,2.0,0.0,0.0,3.0,0.0,0.0,0.0,7.0,0.0,0.0
372.0,3.0,0.0,0.0,0.0,0.0,0.0,0.0,0.0,3.0,0.0,2.0,0.0,3.0,0.0,0.0,3.0,0.0,3.0,0.0,16.0,0.0,0.0,3.0,0.0,1.0,0.0,2.0,0.0,0.0,3.0,0.0,0.0,0.0,7.0,0.0,0.0
376.0,3.0,0.0,0.0,0.0,0.0,0.0,0.0,0.0,3.0,0.0,2.0,0.0,3.0,0.0,0.0,3.0,0.0,3.0,0.0,16.0,0.0,0.0,2.0,1.0,1.0,0.0,2.0,0.0,0.0,3.0,0.0,0.0,0.0,7.0,0.0,0.0
380.0,3.0,0.0,0.0,0.0,0.0,0.0,0.0,0.0,3.0,0.0,2.0,0.0,3.0,0.0,0.0,3.0,0.0,3.0,0.0,16.0,0.0,0.0,2.0,1.0,1.0,0.0,2.0,0.0,0.0,3.0,0.0,0.0,0.0,7.0,0.0,0.0
384.0,3.0,0.0,0.0,0.0,0.0,0.0,0.0,0.0,3.0,0.0,2.0,0.0,3.0,0.0,0.0,3.0,0.0,3.0,0.0,16.0,0.0,0.0,3.0,0.0,2.0,0.0,2.0,0.0,0.0,3.0,0.0,0.0,0.0,7.0,0.0,0.0
388.0,3.0,0.0,0.0,0.0,0.0,0.0,0.0,0.0,3.0,0.0,2.0,0.0,3.0,0.0,0.0,3.0,0.0,2.0,1.0,16.0,0.0,0.0,3.0,0.0,1.0,1.0,2.0,0.0,0.0,3.0,0.0,0.0,0.0,7.0,0.0,0.0
392.0,3.0,0.0,0.0,0.0,0.0,0.0,0.0,0.0,3.0,0.0,2.0,0.0,3.0,0.0,0.0,3.0,0.0,2.0,0.0,17.0,0.0,0.0,3.0,0.0,1.0,1.0,2.0,0.0,0.0,3.0,0.0,0.0,0.0,7.0,0.0,0.0
396.0,3.0,0.0,0.0,0.0,0.0,0.0,0.0,0.0,3.0,0.0,2.0,0.0,3.0,0.0,0.0,3.0,0.0,2.0,0.0,18.0,0.0,0.0,3.0,0.0,1.0,1.0,2.0,0.0,0.0,3.0,0.0,0.0,0.0,7.0,0.0,0.0
400.0,3.0,0.0,0.0,0.0,0.0,0.0,0.0,0.0,3.0,0.0,2.0,0.0,3.0,0.0,0.0,3.0,0.0,2.0,0.0,18.0,0.0,0.0,3.0,0.0,1.0,1.0,2.0,0.0,0.0,3.0,0.0,0.0,0.0,7.0,0.0,0.0
404.0,3.0,0.0,0.0,0.0,0.0,0.0,0.0,0.0,3.0,0.0,2.0,0.0,3.0,0.0,0.0,3.0,0.0,2.0,0.0,18.0,0.0,0.0,3.0,0.0,2.0,0.0,3.0,0.0,0.0,3.0,0.0,0.0,0.0,7.0,0.0,0.0
408.0,3.0,0.0,0.0,0.0,0.0,0.0,0.0,0.0,3.0,0.0,2.0,0.0,3.0,0.0,0.0,3.0,0.0,2.0,0.0,18.0,0.0,0.0,3.0,0.0,2.0,0.0,3.0,0.0,0.0,3.0,0.0,0.0,0.0,7.0,0.0,0.0
412.0,3.0,0.0,0.0,0.0,0.0,0.0,0.0,0.0,3.0,0.0,2.0,0.0,3.0,0.0,0.0,3.0,0.0,2.0,0.0,18.0,0.0,0.0,3.0,0.0,1.0,1.0,3.0,0.0,0.0,3.0,0.0,0.0,0.0,7.0,0.0,0.0
416.0,3.0,0.0,0.0,0.0,0.0,0.0,0.0,0.0,3.0,0.0,2.0,0.0,3.0,0.0,0.0,3.0,0.0,1.0,1.0,18.0,0.0,0.0,3.0,0.0,1.0,1.0,3.0,0.0,0.0,3.0,0.0,0.0,0.0,7.0,0.0,0.0
420.0,3.0,0.0,0.0,0.0,0.0,0.0,0.0,0.0,3.0,0.0,2.0,0.0,3.0,0.0,0.0,3.0,0.0,1.0,1.0,18.0,0.0,0.0,3.0,0.0,1.0,1.0,3.0,0.0,0.0,3.0,0.0,0.0,0.0,7.0,0.0,0.0
424.0,3.0,0.0,0.0,0.0,0.0,0.0,0.0,0.0,3.0,0.0,2.0,0.0,3.0,0.0,0.0,3.0,0.0,1.0,1.0,18.0,0.0,0.0,3.0,0.0,1.0,1.0,3.0,0.0,0.0,3.0,0.0,0.0,0.0,7.0,0.0,0.0
428.0,3.0,0.0,0.0,0.0,0.0,0.0,0.0,0.0,3.0,0.0,2.0,0.0,3.0,0.0,0.0,3.0,0.0,1.0,1.0,18.0,0.0,0.0,3.0,0.0,1.0,1.0,3.0,0.0,0.0,3.0,0.0,0.0,0.0,7.0,0.0,0.0
432.0,3.0,0.0,0.0,0.0,0.0,0.0,0.0,0.0,3.0,0.0,2.0,0.0,3.0,0.0,0.0,3.0,0.0,2.0,0.0,19.0,0.0,0.0,3.0,0.0,2.0,0.0,4.0,0.0,0.0,3.0,0.0,0.0,0.0,7.0,0.0,0.0
436.0,3.0,0.0,0.0,0.0,0.0,0.0,0.0,0.0,3.0,0.0,2.0,0.0,3.0,0.0,0.0,3.0,0.0,2.0,0.0,19.0,0.0,0.0,3.0,0.0,2.0,0.0,4.0,0.0,0.0,3.0,0.0,0.0,0.0,7.0,0.0,0.0
440.0,3.0,0.0,0.0,0.0,0.0,0.0,0.0,0.0,3.0,0.0,2.0,0.0,3.0,0.0,0.0,3.0,0.0,2.0,0.0,19.0,0.0,0.0,3.0,0.0,2.0,0.0,4.0,0.0,0.0,3.0,0.0,0.0,0.0,7.0,0.0,0.0
444.0,3.0,0.0,0.0,0.0,0.0,0.0,0.0,0.0,3.0,0.0,2.0,0.0,3.0,0.0,0.0,3.0,0.0,3.0,0.0,19.0,0.0,0.0,3.0,0.0,2.0,0.0,4.0,0.0,0.0,3.0,0.0,0.0,0.0,7.0,0.0,0.0
448.0,3.0,0.0,0.0,0.0,0.0,0.0,0.0,0.0,3.0,0.0,2.0,0.0,3.0,0.0,0.0,3.0,0.0,1.0,1.0,19.0,0.0,0.0,3.0,0.0,2.0,0.0,4.0,0.0,0.0,3.0,0.0,0.0,0.0,7.0,0.0,0.0
452.0,3.0,0.0,0.0,0.0,0.0,0.0,0.0,0.0,3.0,0.0,2.0,0.0,3.0,0.0,0.0,3.0,0.0,1.0,1.0,19.0,0.0,0.0,3.0,0.0,2.0,0.0,4.0,0.0,0.0,3.0,0.0,0.0,0.0,7.0,0.0,0.0
456.0,3.0,0.0,0.0,0.0,0.0,0.0,0.0,0.0,3.0,0.0,2.0,0.0,3.0,0.0,0.0,3.0,0.0,2.0,0.0,20.0,0.0,0.0,3.0,0.0,2.0,0.0,4.0,0.0,0.0,3.0,0.0,0.0,0.0,7.0,0.0,0.0
460.0,3.0,0.0,0.0,0.0,0.0,0.0,0.0,0.0,2.0,1.0,1.0,1.0,3.0,0.0,0.0,3.0,0.0,2.0,0.0,20.0,0.0,0.0,3.0,0.0,2.0,0.0,4.0,0.0,0.0,3.0,0.0,0.0,0.0,7.0,0.0,0.0
464.0,3.0,0.0,0.0,0.0,0.0,0.0,0.0,0.0,3.0,0.0,2.0,1.0,3.0,0.0,0.0,3.0,0.0,2.0,0.0,21.0,0.0,0.0,3.0,0.0,2.0,0.0,4.0,0.0,0.0,3.0,0.0,0.0,0.0,7.0,0.0,0.0
468.0,3.0,0.0,0.0,0.0,0.0,0.0,0.0,0.0,3.0,0.0,1.0,2.0,3.0,0.0,0.0,3.0,0.0,2.0,0.0,21.0,0.0,0.0,3.0,0.0,2.0,0.0,4.0,0.0,0.0,3.0,0.0,0.0,0.0,7.0,0.0,0.0
472.0,3.0,0.0,0.0,0.0,0.0,0.0,0.0,0.0,3.0,0.0,1.0,2.0,3.0,0.0,0.0,3.0,0.0,2.0,0.0,21.0,0.0,0.0,3.0,0.0,2.0,0.0,4.0,0.0,0.0,3.0,0.0,0.0,0.0,7.0,0.0,0.0
476.0,3.0,0.0,0.0,0.0,0.0,0.0,0.0,0.0,3.0,0.0,2.0,1.0,4.0,0.0,0.0,3.0,0.0,2.0,0.0,22.0,0.0,0.0,3.0,0.0,2.0,0.0,4.0,0.0,0.0,3.0,0.0,0.0,0.0,7.0,0.0,0.0
480.0,3.0,0.0,0.0,0.0,0.0,0.0,0.0,0.0,3.0,0.0,2.0,1.0,4.0,0.0,0.0,3.0,0.0,2.0,0.0,22.0,0.0,0.0,3.0,0.0,2.0,0.0,4.0,0.0,0.0,3.0,0.0,0.0,0.0,7.0,0.0,0.0
484.0,3.0,0.0,0.0,0.0,0.0,0.0,0.0,0.0,3.0,0.0,2.0,1.0,4.0,0.0,0.0,3.0,0.0,2.0,0.0,22.0,0.0,0.0,3.0,0.0,1.0,1.0,4.0,0.0,0.0,3.0,0.0,0.0,0.0,7.0,0.0,0.0
488.0,3.0,0.0,0.0,0.0,0.0,0.0,0.0,0.0,3.0,0.0,2.0,1.0,4.0,0.0,0.0,3.0,0.0,1.0,1.0,22.0,0.0,0.0,3.0,0.0,1.0,1.0,4.0,0.0,0.0,3.0,0.0,0.0,0.0,7.0,0.0,0.0
492.0,3.0,0.0,0.0,0.0,0.0,0.0,0.0,0.0,3.0,0.0,2.0,1.0,4.0,0.0,0.0,3.0,0.0,2.0,0.0,23.0,0.0,0.0,3.0,0.0,0.0,2.0,4.0,0.0,0.0,3.0,0.0,0.0,0.0,7.0,0.0,0.0
496.0,3.0,0.0,0.0,0.0,0.0,0.0,0.0,0.0,3.0,0.0,2.0,1.0,4.0,0.0,0.0,3.0,0.0,2.0,0.0,23.0,0.0,0.0,3.0,0.0,0.0,2.0,4.0,0.0,0.0,3.0,0.0,0.0,0.0,7.0,0.0,0.0
500.0,3.0,0.0,0.0,0.0,0.0,0.0,0.0,0.0,3.0,0.0,2.0,1.0,4.0,0.0,0.0,3.0,0.0,2.0,0.0,23.0,0.0,0.0,3.0,0.0,0.0,2.0,4.0,0.0,0.0,3.0,0.0,0.0,0.0,7.0,0.0,0.0
504.0,3.0,0.0,0.0,0.0,0.0,0.0,0.0,0.0,3.0,0.0,1.0,1.0,4.0,0.0,0.0,3.0,0.0,1.0,1.0,23.0,0.0,0.0,3.0,0.0,2.0,0.0,6.0,0.0,0.0,3.0,0.0,0.0,0.0,7.0,0.0,0.0
508.0,3.0,0.0,0.0,0.0,0.0,0.0,0.0,0.0,3.0,0.0,1.0,1.0,4.0,0.0,0.0,3.0,0.0,2.0,0.0,24.0,0.0,0.0,3.0,0.0,2.0,0.0,6.0,0.0,0.0,3.0,0.0,0.0,0.0,7.0,0.0,0.0
512.0,3.0,0.0,0.0,0.0,0.0,0.0,0.0,0.0,3.0,0.0,1.0,1.0,4.0,0.0,0.0,3.0,0.0,2.0,0.0,24.0,0.0,0.0,3.0,0.0,2.0,0.0,6.0,0.0,0.0,3.0,0.0,0.0,0.0,7.0,0.0,0.0
516.0,3.0,0.0,0.0,0.0,0.0,0.0,0.0,0.0,3.0,0.0,2.0,0.0,5.0,0.0,0.0,3.0,0.0,2.0,0.0,24.0,0.0,0.0,3.0,0.0,2.0,0.0,6.0,0.0,0.0,3.0,0.0,0.0,0.0,7.0,0.0,0.0
520.0,3.0,0.0,0.0,0.0,0.0,0.0,0.0,0.0,2.0,1.0,2.0,0.0,5.0,0.0,0.0,3.0,0.0,2.0,0.0,24.0,0.0,0.0,3.0,0.0,2.0,0.0,6.0,0.0,0.0,3.0,0.0,0.0,0.0,7.0,0.0,0.0
524.0,3.0,0.0,0.0,0.0,0.0,0.0,0.0,0.0,3.0,0.0,3.0,0.0,5.0,0.0,0.0,3.0,0.0,2.0,0.0,24.0,0.0,0.0,3.0,0.0,2.0,0.0,6.0,0.0,0.0,3.0,0.0,0.0,0.0,7.0,0.0,0.0
528.0,3.0,0.0,0.0,0.0,0.0,0.0,0.0,0.0,3.0,0.0,3.0,0.0,5.0,0.0,0.0,3.0,0.0,2.0,0.0,24.0,0.0,0.0,3.0,0.0,2.0,0.0,6.0,0.0,0.0,3.0,0.0,0.0,0.0,7.0,0.0,0.0
532.0,3.0,0.0,0.0,0.0,0.0,0.0,0.0,0.0,3.0,0.0,3.0,0.0,5.0,0.0,0.0,3.0,0.0,2.0,0.0,24.0,0.0,0.0,3.0,0.0,2.0,0.0,6.0,0.0,0.0,3.0,0.0,0.0,0.0,7.0,0.0,0.0
536.0,3.0,0.0,0.0,0.0,0.0,0.0,0.0,0.0,3.0,0.0,3.0,0.0,5.0,0.0,0.0,3.0,0.0,2.0,0.0,24.0,0.0,0.0,3.0,0.0,2.0,0.0,6.0,0.0,0.0,3.0,0.0,0.0,0.0,7.0,0.0,0.0
540.0,3.0,0.0,0.0,0.0,0.0,0.0,0.0,0.0,3.0,0.0,3.0,0.0,5.0,0.0,0.0,3.0,0.0,2.0,0.0,25.0,0.0,0.0,3.0,0.0,1.0,1.0,6.0,0.0,0.0,3.0,0.0,0.0,0.0,7.0,0.0,0.0
544.0,3.0,0.0,0.0,0.0,0.0,0.0,0.0,0.0,3.0,0.0,3.0,0.0,5.0,0.0,0.0,3.0,0.0,2.0,0.0,25.0,0.0,0.0,3.0,0.0,2.0,0.0,7.0,0.0,0.0,3.0,0.0,0.0,0.0,7.0,0.0,0.0
548.0,3.0,0.0,0.0,0.0,0.0,0.0,0.0,0.0,3.0,0.0,3.0,0.0,5.0,0.0,0.0,3.0,0.0,2.0,0.0,25.0,0.0,0.0,3.0,0.0,2.0,0.0,7.0,0.0,0.0,3.0,0.0,0.0,0.0,7.0,0.0,0.0
552.0,3.0,0.0,0.0,0.0,0.0,0.0,0.0,0.0,2.0,1.0,3.0,0.0,5.0,0.0,0.0,3.0,0.0,2.0,0.0,25.0,0.0,0.0,3.0,0.0,2.0,0.0,7.0,0.0,0.0,3.0,0.0,0.0,0.0,7.0,0.0,0.0
556.0,3.0,0.0,0.0,0.0,0.0,0.0,0.0,0.0,2.0,1.0,2.0,1.0,5.0,0.0,0.0,3.0,0.0,1.0,1.0,25.0,0.0,0.0,3.0,0.0,1.0,1.0,7.0,0.0,0.0,3.0,0.0,0.0,0.0,7.0,0.0,0.0
560.0,3.0,0.0,0.0,0.0,0.0,0.0,0.0,0.0,3.0,0.0,3.0,1.0,5.0,0.0,0.0,3.0,0.0,1.0,1.0,25.0,0.0,0.0,3.0,0.0,1.0,1.0,7.0,0.0,0.0,2.0,1.0,0.0,0.0,7.0,0.0,0.0
564.0,3.0,0.0,0.0,0.0,0.0,0.0,0.0,0.0,3.0,0.0,3.0,1.0,5.0,0.0,0.0,3.0,0.0,0.0,2.0,25.0,0.0,0.0,3.0,0.0,1.0,1.0,7.0,0.0,0.0,2.0,1.0,0.0,0.0,7.0,0.0,0.0
568.0,3.0,0.0,0.0,0.0,0.0,0.0,0.0,0.0,3.0,0.0,1.0,2.0,5.0,0.0,0.0,3.0,0.0,0.0,2.0,25.0,0.0,0.0,3.0,0.0,0.0,1.0,7.0,0.0,0.0,2.0,1.0,0.0,0.0,7.0,0.0,0.0
572.0,3.0,0.0,0.0,0.0,0.0,0.0,0.0,0.0,3.0,0.0,1.0,2.0,5.0,0.0,0.0,3.0,0.0,0.0,2.0,25.0,0.0,0.0,3.0,0.0,1.0,0.0,8.0,0.0,0.0,2.0,1.0,0.0,0.0,7.0,0.0,0.0
576.0,3.0,0.0,0.0,0.0,0.0,0.0,0.0,0.0,3.0,0.0,1.0,2.0,5.0,0.0,0.0,2.0,1.0,1.0,1.0,26.0,0.0,0.0,3.0,0.0,0.0,1.0,8.0,0.0,0.0,2.0,1.0,0.0,0.0,7.0,0.0,0.0
580.0,3.0,0.0,0.0,0.0,0.0,0.0,0.0,0.0,3.0,0.0,1.0,2.0,5.0,0.0,0.0,2.0,1.0,2.0,0.0,27.0,0.0,0.0,3.0,0.0,0.0,1.0,8.0,0.0,0.0,2.0,1.0,0.0,0.0,7.0,0.0,0.0
584.0,3.0,0.0,0.0,0.0,0.0,0.0,0.0,0.0,3.0,0.0,1.0,2.0,5.0,0.0,0.0,3.0,0.0,3.0,0.0,27.0,0.0,0.0,3.0,0.0,0.0,1.0,8.0,0.0,0.0,2.0,1.0,0.0,0.0,7.0,0.0,0.0
588.0,3.0,0.0,0.0,0.0,0.0,0.0,0.0,0.0,3.0,0.0,0.0,3.0,5.0,0.0,0.0,3.0,0.0,3.0,0.0,27.0,0.0,0.0,3.0,0.0,1.0,0.0,9.0,0.0,0.0,3.0,0.0,1.0,0.0,7.0,0.0,0.0
592.0,3.0,0.0,0.0,0.0,0.0,0.0,0.0,0.0,3.0,0.0,1.0,2.0,6.0,0.0,0.0,3.0,0.0,3.0,0.0,27.0,0.0,0.0,3.0,0.0,1.0,0.0,9.0,0.0,0.0,3.0,0.0,0.0,1.0,7.0,0.0,0.0
596.0,3.0,0.0,0.0,0.0,0.0,0.0,0.0,0.0,3.0,0.0,1.0,2.0,6.0,0.0,0.0,3.0,0.0,3.0,0.0,27.0,0.0,0.0,3.0,0.0,1.0,0.0,9.0,0.0,0.0,3.0,0.0,1.0,0.0,8.0,0.0,0.0
600.0,3.0,0.0,0.0,0.0,0.0,0.0,0.0,0.0,3.0,0.0,1.0,2.0,6.0,0.0,0.0,3.0,0.0,3.0,0.0,27.0,0.0,0.0,3.0,0.0,1.0,0.0,9.0,0.0,0.0,3.0,0.0,1.0,0.0,8.0,0.0,0.0
604.0,3.0,0.0,0.0,0.0,0.0,0.0,0.0,0.0,3.0,0.0,1.0,2.0,6.0,0.0,0.0,3.0,0.0,3.0,0.0,27.0,0.0,0.0,3.0,0.0,1.0,0.0,9.0,0.0,0.0,3.0,0.0,1.0,0.0,9.0,0.0,0.0
608.0,3.0,0.0,0.0,0.0,0.0,0.0,0.0,0.0,3.0,0.0,2.0,1.0,7.0,0.0,0.0,3.0,0.0,3.0,0.0,27.0,0.0,0.0,3.0,0.0,1.0,0.0,9.0,0.0,0.0,3.0,0.0,1.0,0.0,9.0,0.0,0.0
612.0,3.0,0.0,0.0,0.0,0.0,0.0,0.0,0.0,3.0,0.0,2.0,1.0,7.0,0.0,0.0,3.0,0.0,3.0,0.0,27.0,0.0,0.0,3.0,0.0,1.0,0.0,9.0,0.0,0.0,3.0,0.0,1.0,0.0,9.0,0.0,0.0
616.0,3.0,0.0,0.0,0.0,0.0,0.0,0.0,0.0,3.0,0.0,2.0,1.0,7.0,0.0,0.0,3.0,0.0,3.0,0.0,27.0,0.0,0.0,3.0,0.0,1.0,0.0,9.0,0.0,0.0,3.0,0.0,1.0,0.0,9.0,0.0,0.0
620.0,3.0,0.0,0.0,0.0,0.0,0.0,0.0,0.0,3.0,0.0,2.0,1.0,7.0,0.0,0.0,3.0,0.0,3.0,0.0,27.0,0.0,0.0,3.0,0.0,1.0,0.0,9.0,0.0,0.0,3.0,0.0,1.0,0.0,9.0,0.0,0.0
624.0,3.0,0.0,0.0,0.0,0.0,0.0,0.0,0.0,3.0,0.0,2.0,0.0,8.0,0.0,0.0,3.0,0.0,3.0,0.0,27.0,0.0,0.0,3.0,0.0,1.0,0.0,9.0,0.0,0.0,3.0,0.0,1.0,0.0,9.0,0.0,0.0
628.0,3.0,0.0,0.0,0.0,0.0,0.0,0.0,0.0,3.0,0.0,2.0,0.0,8.0,0.0,0.0,3.0,0.0,1.0,2.0,27.0,0.0,0.0,3.0,0.0,1.0,0.0,9.0,0.0,0.0,3.0,0.0,1.0,0.0,9.0,0.0,0.0
632.0,3.0,0.0,0.0,0.0,0.0,0.0,0.0,0.0,3.0,0.0,2.0,0.0,8.0,0.0,0.0,3.0,0.0,2.0,1.0,28.0,0.0,0.0,3.0,0.0,1.0,0.0,9.0,0.0,0.0,3.0,0.0,1.0,0.0,9.0,0.0,0.0
636.0,3.0,0.0,0.0,0.0,0.0,0.0,0.0,0.0,3.0,0.0,2.0,0.0,8.0,0.0,0.0,3.0,0.0,2.0,1.0,28.0,0.0,0.0,3.0,0.0,1.0,0.0,9.0,0.0,0.0,3.0,0.0,1.0,0.0,9.0,0.0,0.0
640.0,3.0,0.0,0.0,0.0,0.0,0.0,0.0,0.0,3.0,0.0,2.0,0.0,8.0,0.0,0.0,3.0,0.0,2.0,1.0,28.0,0.0,0.0,3.0,0.0,1.0,0.0,9.0,0.0,0.0,3.0,0.0,1.0,0.0,9.0,0.0,0.0
644.0,3.0,0.0,0.0,0.0,0.0,0.0,0.0,0.0,3.0,0.0,2.0,0.0,8.0,0.0,0.0,3.0,0.0,3.0,0.0,29.0,0.0,0.0,3.0,0.0,1.0,0.0,9.0,0.0,0.0,3.0,0.0,1.0,0.0,9.0,0.0,0.0
648.0,3.0,0.0,0.0,0.0,0.0,0.0,0.0,0.0,3.0,0.0,2.0,0.0,8.0,0.0,0.0,3.0,0.0,3.0,0.0,29.0,0.0,0.0,3.0,0.0,1.0,0.0,9.0,0.0,0.0,3.0,0.0,1.0,0.0,9.0,0.0,0.0
652.0,3.0,0.0,0.0,0.0,0.0,0.0,0.0,0.0,3.0,0.0,2.0,0.0,8.0,0.0,0.0,3.0,0.0,2.0,1.0,29.0,0.0,0.0,3.0,0.0,1.0,0.0,9.0,0.0,0.0,3.0,0.0,1.0,0.0,9.0,0.0,0.0
656.0,3.0,0.0,0.0,0.0,0.0,0.0,0.0,0.0,3.0,0.0,2.0,0.0,8.0,0.0,0.0,3.0,0.0,1.0,2.0,30.0,0.0,0.0,3.0,0.0,1.0,0.0,9.0,0.0,0.0,3.0,0.0,1.0,0.0,9.0,0.0,0.0
660.0,3.0,0.0,0.0,0.0,0.0,0.0,0.0,0.0,3.0,0.0,1.0,0.0,8.0,0.0,0.0,3.0,0.0,3.0,0.0,32.0,0.0,0.0,3.0,0.0,1.0,0.0,9.0,0.0,0.0,3.0,0.0,1.0,0.0,9.0,0.0,0.0
664.0,3.0,0.0,0.0,0.0,0.0,0.0,0.0,0.0,3.0,0.0,1.0,0.0,8.0,0.0,0.0,3.0,0.0,2.0,1.0,32.0,0.0,0.0,3.0,0.0,1.0,0.0,9.0,0.0,0.0,3.0,0.0,1.0,0.0,9.0,0.0,0.0
668.0,3.0,0.0,0.0,0.0,0.0,0.0,0.0,0.0,3.0,0.0,1.0,0.0,8.0,0.0,0.0,3.0,0.0,2.0,1.0,32.0,0.0,0.0,3.0,0.0,1.0,0.0,9.0,0.0,0.0,3.0,0.0,1.0,0.0,9.0,0.0,0.0
672.0,3.0,0.0,0.0,0.0,0.0,0.0,0.0,0.0,3.0,0.0,1.0,0.0,8.0,0.0,0.0,3.0,0.0,2.0,1.0,32.0,0.0,0.0,3.0,0.0,1.0,0.0,9.0,0.0,0.0,3.0,0.0,1.0,0.0,9.0,0.0,0.0
676.0,3.0,0.0,0.0,0.0,0.0,0.0,0.0,0.0,3.0,0.0,1.0,0.0,8.0,0.0,0.0,3.0,0.0,2.0,1.0,32.0,0.0,0.0,3.0,0.0,1.0,0.0,9.0,0.0,0.0,3.0,0.0,1.0,0.0,9.0,0.0,0.0
680.0,3.0,0.0,0.0,0.0,0.0,0.0,0.0,0.0,3.0,0.0,1.0,0.0,8.0,0.0,0.0,3.0,0.0,2.0,1.0,32.0,0.0,0.0,3.0,0.0,1.0,0.0,9.0,0.0,0.0,3.0,0.0,1.0,0.0,9.0,0.0,0.0
684.0,3.0,0.0,0.0,0.0,0.0,0.0,0.0,0.0,3.0,0.0,1.0,0.0,8.0,0.0,0.0,3.0,0.0,2.0,1.0,32.0,0.0,0.0,3.0,0.0,1.0,0.0,9.0,0.0,0.0,3.0,0.0,1.0,0.0,9.0,0.0,0.0
688.0,3.0,0.0,0.0,0.0,0.0,0.0,0.0,0.0,3.0,0.0,1.0,0.0,8.0,0.0,0.0,3.0,0.0,3.0,0.0,33.0,0.0,0.0,3.0,0.0,1.0,0.0,9.0,0.0,0.0,3.0,0.0,1.0,0.0,9.0,0.0,0.0
692.0,3.0,0.0,0.0,0.0,0.0,0.0,0.0,0.0,3.0,0.0,1.0,0.0,8.0,0.0,0.0,3.0,0.0,3.0,0.0,33.0,0.0,0.0,3.0,0.0,1.0,0.0,9.0,0.0,0.0,3.0,0.0,0.0,1.0,9.0,0.0,0.0
696.0,3.0,0.0,0.0,0.0,0.0,0.0,0.0,0.0,3.0,0.0,1.0,0.0,8.0,0.0,0.0,3.0,0.0,3.0,0.0,33.0,0.0,0.0,3.0,0.0,1.0,0.0,9.0,0.0,0.0,3.0,0.0,0.0,1.0,9.0,0.0,0.0
700.0,3.0,0.0,0.0,0.0,0.0,0.0,0.0,0.0,3.0,0.0,1.0,0.0,8.0,0.0,0.0,3.0,0.0,3.0,0.0,33.0,0.0,0.0,3.0,0.0,1.0,0.0,9.0,0.0,0.0,3.0,0.0,0.0,1.0,9.0,0.0,0.0
704.0,3.0,0.0,0.0,0.0,0.0,0.0,0.0,0.0,3.0,0.0,1.0,0.0,9.0,0.0,0.0,3.0,0.0,3.0,0.0,33.0,0.0,0.0,3.0,0.0,1.0,0.0,9.0,0.0,0.0,3.0,0.0,1.0,0.0,10.0,0.0,0.0
708.0,3.0,0.0,0.0,0.0,0.0,0.0,0.0,0.0,3.0,0.0,1.0,0.0,9.0,0.0,0.0,3.0,0.0,2.0,1.0,33.0,0.0,0.0,3.0,0.0,1.0,0.0,9.0,0.0,0.0,3.0,0.0,1.0,0.0,10.0,0.0,0.0
712.0,3.0,0.0,0.0,0.0,0.0,0.0,0.0,0.0,3.0,0.0,0.0,1.0,9.0,0.0,0.0,3.0,0.0,3.0,0.0,34.0,0.0,0.0,3.0,0.0,1.0,0.0,9.0,0.0,0.0,2.0,1.0,0.0,0.0,10.0,0.0,0.0
716.0,3.0,0.0,0.0,0.0,0.0,0.0,0.0,0.0,3.0,0.0,1.0,0.0,10.0,0.0,0.0,3.0,0.0,3.0,0.0,34.0,0.0,0.0,3.0,0.0,1.0,0.0,9.0,0.0,0.0,2.0,1.0,0.0,0.0,10.0,0.0,0.0
720.0,3.0,0.0,0.0,0.0,0.0,0.0,0.0,0.0,3.0,0.0,0.0,1.0,10.0,0.0,0.0,3.0,0.0,2.0,0.0,34.0,0.0,0.0,3.0,0.0,1.0,0.0,9.0,0.0,0.0,3.0,0.0,1.0,0.0,10.0,0.0,0.0
724.0,3.0,0.0,0.0,0.0,0.0,0.0,0.0,0.0,3.0,0.0,0.0,1.0,10.0,0.0,0.0,3.0,0.0,2.0,0.0,34.0,0.0,0.0,3.0,0.0,1.0,0.0,9.0,0.0,0.0,3.0,0.0,1.0,0.0,10.0,0.0,0.0
728.0,3.0,0.0,0.0,0.0,0.0,0.0,0.0,0.0,3.0,0.0,0.0,1.0,10.0,0.0,0.0,3.0,0.0,2.0,0.0,34.0,0.0,0.0,3.0,0.0,1.0,0.0,9.0,0.0,0.0,3.0,0.0,1.0,0.0,10.0,0.0,0.0
732.0,3.0,0.0,0.0,0.0,0.0,0.0,0.0,0.0,3.0,0.0,0.0,1.0,10.0,0.0,0.0,3.0,0.0,2.0,0.0,34.0,0.0,0.0,3.0,0.0,1.0,0.0,9.0,0.0,0.0,3.0,0.0,1.0,0.0,10.0,0.0,0.0
736.0,3.0,0.0,0.0,0.0,0.0,0.0,0.0,0.0,3.0,0.0,1.0,0.0,11.0,0.0,0.0,3.0,0.0,2.0,0.0,34.0,0.0,0.0,3.0,0.0,1.0,0.0,9.0,0.0,0.0,3.0,0.0,1.0,0.0,10.0,0.0,0.0
740.0,3.0,0.0,0.0,0.0,0.0,0.0,0.0,0.0,3.0,0.0,1.0,0.0,11.0,0.0,0.0,3.0,0.0,2.0,0.0,34.0,0.0,0.0,3.0,0.0,1.0,0.0,9.0,0.0,0.0,3.0,0.0,1.0,0.0,10.0,0.0,0.0
744.0,3.0,0.0,0.0,0.0,0.0,0.0,0.0,0.0,3.0,0.0,0.0,1.0,11.0,0.0,0.0,3.0,0.0,2.0,0.0,34.0,0.0,0.0,3.0,0.0,0.0,1.0,9.0,0.0,0.0,3.0,0.0,1.0,0.0,10.0,0.0,0.0
748.0,3.0,0.0,0.0,0.0,0.0,0.0,0.0,0.0,3.0,0.0,1.0,0.0,12.0,0.0,0.0,3.0,0.0,2.0,0.0,34.0,0.0,0.0,3.0,0.0,1.0,0.0,10.0,0.0,0.0,3.0,0.0,1.0,0.0,10.0,0.0,0.0
752.0,3.0,0.0,0.0,0.0,0.0,0.0,0.0,0.0,3.0,0.0,1.0,0.0,12.0,0.0,0.0,3.0,0.0,0.0,1.0,34.0,0.0,0.0,3.0,0.0,1.0,0.0,10.0,0.0,0.0,3.0,0.0,1.0,0.0,10.0,0.0,0.0
756.0,3.0,0.0,0.0,0.0,0.0,0.0,0.0,0.0,3.0,0.0,1.0,0.0,12.0,0.0,0.0,3.0,0.0,0.0,1.0,34.0,0.0,0.0,3.0,0.0,1.0,0.0,10.0,0.0,0.0,3.0,0.0,1.0,0.0,10.0,0.0,0.0
760.0,3.0,0.0,0.0,0.0,0.0,0.0,0.0,0.0,3.0,0.0,1.0,0.0,12.0,0.0,0.0,3.0,0.0,0.0,1.0,34.0,0.0,0.0,3.0,0.0,1.0,0.0,10.0,0.0,0.0,3.0,0.0,1.0,0.0,10.0,0.0,0.0
764.0,3.0,0.0,0.0,0.0,0.0,0.0,0.0,0.0,3.0,0.0,1.0,0.0,12.0,0.0,0.0,3.0,0.0,0.0,1.0,34.0,0.0,0.0,3.0,0.0,1.0,0.0,10.0,0.0,0.0,3.0,0.0,2.0,0.0,10.0,0.0,0.0
768.0,3.0,0.0,0.0,0.0,0.0,0.0,0.0,0.0,1.0,2.0,1.0,0.0,12.0,0.0,0.0,3.0,0.0,0.0,1.0,34.0,0.0,0.0,3.0,0.0,1.0,0.0,10.0,0.0,0.0,3.0,0.0,2.0,0.0,10.0,0.0,0.0
772.0,3.0,0.0,0.0,0.0,0.0,0.0,0.0,0.0,1.0,2.0,1.0,0.0,12.0,0.0,0.0,3.0,0.0,1.0,1.0,34.0,0.0,0.0,3.0,0.0,1.0,0.0,10.0,0.0,0.0,3.0,0.0,2.0,0.0,10.0,0.0,0.0
776.0,3.0,0.0,0.0,0.0,0.0,0.0,0.0,0.0,1.0,2.0,1.0,0.0,12.0,0.0,0.0,3.0,0.0,1.0,1.0,34.0,0.0,0.0,3.0,0.0,0.0,1.0,10.0,0.0,0.0,3.0,0.0,2.0,0.0,10.0,0.0,0.0
780.0,3.0,0.0,0.0,0.0,0.0,0.0,0.0,0.0,2.0,1.0,2.0,0.0,12.0,0.0,0.0,3.0,0.0,2.0,0.0,35.0,0.0,0.0,2.0,1.0,1.0,0.0,11.0,0.0,0.0,3.0,0.0,2.0,0.0,10.0,0.0,0.0
784.0,3.0,0.0,0.0,0.0,0.0,0.0,0.0,0.0,2.0,1.0,2.0,0.0,12.0,0.0,0.0,3.0,0.0,2.0,0.0,35.0,0.0,0.0,2.0,1.0,1.0,0.0,11.0,0.0,0.0,2.0,1.0,2.0,0.0,10.0,0.0,0.0
788.0,3.0,0.0,0.0,0.0,0.0,0.0,0.0,0.0,2.0,1.0,2.0,0.0,12.0,0.0,0.0,3.0,0.0,2.0,0.0,35.0,0.0,0.0,2.0,1.0,1.0,0.0,11.0,0.0,0.0,2.0,1.0,2.0,0.0,10.0,0.0,0.0
792.0,3.0,0.0,0.0,0.0,0.0,0.0,0.0,0.0,2.0,1.0,2.0,0.0,12.0,0.0,0.0,3.0,0.0,2.0,0.0,35.0,0.0,0.0,3.0,0.0,2.0,0.0,11.0,0.0,0.0,3.0,0.0,3.0,0.0,10.0,0.0,0.0
796.0,3.0,0.0,0.0,0.0,0.0,0.0,0.0,0.0,2.0,1.0,1.0,1.0,12.0,0.0,0.0,3.0,0.0,2.0,0.0,35.0,0.0,0.0,3.0,0.0,2.0,0.0,11.0,0.0,0.0,3.0,0.0,2.0,1.0,10.0,0.0,0.0
800.0,3.0,0.0,0.0,0.0,0.0,0.0,0.0,0.0,2.0,1.0,1.0,1.0,12.0,0.0,0.0,3.0,0.0,2.0,0.0,35.0,0.0,0.0,3.0,0.0,1.0,1.0,11.0,0.0,0.0,3.0,0.0,2.0,1.0,10.0,0.0,0.0
804.0,3.0,0.0,0.0,0.0,0.0,0.0,0.0,0.0,2.0,1.0,1.0,1.0,12.0,0.0,0.0,3.0,0.0,2.0,0.0,35.0,0.0,0.0,3.0,0.0,1.0,1.0,11.0,0.0,0.0,3.0,0.0,2.0,1.0,10.0,0.0,0.0
808.0,3.0,0.0,0.0,0.0,0.0,0.0,0.0,0.0,2.0,1.0,1.0,1.0,12.0,0.0,0.0,3.0,0.0,2.0,0.0,35.0,0.0,0.0,3.0,0.0,1.0,1.0,11.0,0.0,0.0,3.0,0.0,3.0,0.0,11.0,0.0,0.0
812.0,3.0,0.0,0.0,0.0,0.0,0.0,0.0,0.0,2.0,1.0,2.0,0.0,13.0,0.0,0.0,3.0,0.0,2.0,0.0,35.0,0.0,0.0,3.0,0.0,1.0,1.0,11.0,0.0,0.0,3.0,0.0,2.0,0.0,11.0,0.0,0.0
816.0,3.0,0.0,0.0,0.0,0.0,0.0,0.0,0.0,3.0,0.0,3.0,0.0,13.0,0.0,0.0,3.0,0.0,2.0,0.0,35.0,0.0,0.0,3.0,0.0,1.0,1.0,11.0,0.0,0.0,3.0,0.0,2.0,0.0,11.0,0.0,0.0
820.0,3.0,0.0,0.0,0.0,0.0,0.0,0.0,0.0,3.0,0.0,3.0,0.0,13.0,0.0,0.0,3.0,0.0,2.0,0.0,35.0,0.0,0.0,3.0,0.0,1.0,1.0,11.0,0.0,0.0,3.0,0.0,2.0,0.0,11.0,0.0,0.0
824.0,3.0,0.0,0.0,0.0,0.0,0.0,0.0,0.0,3.0,0.0,3.0,0.0,13.0,0.0,0.0,3.0,0.0,2.0,0.0,35.0,0.0,0.0,3.0,0.0,2.0,0.0,12.0,0.0,0.0,3.0,0.0,2.0,0.0,11.0,0.0,0.0
828.0,3.0,0.0,0.0,0.0,0.0,0.0,0.0,0.0,3.0,0.0,3.0,0.0,13.0,0.0,0.0,3.0,0.0,2.0,0.0,35.0,0.0,0.0,3.0,0.0,2.0,0.0,12.0,0.0,0.0,3.0,0.0,2.0,0.0,11.0,0.0,0.0
832.0,3.0,0.0,0.0,0.0,0.0,0.0,0.0,0.0,3.0,0.0,3.0,0.0,13.0,0.0,0.0,3.0,0.0,2.0,0.0,35.0,0.0,0.0,3.0,0.0,2.0,0.0,12.0,0.0,0.0,3.0,0.0,2.0,0.0,11.0,0.0,0.0
836.0,3.0,0.0,0.0,0.0,0.0,0.0,0.0,0.0,3.0,0.0,2.0,1.0,13.0,0.0,0.0,3.0,0.0,2.0,0.0,35.0,0.0,0.0,2.0,1.0,2.0,0.0,12.0,0.0,0.0,3.0,0.0,2.0,0.0,11.0,0.0,0.0
840.0,3.0,0.0,0.0,0.0,0.0,0.0,0.0,0.0,3.0,0.0,2.0,1.0,13.0,0.0,0.0,3.0,0.0,2.0,0.0,35.0,0.0,0.0,2.0,1.0,2.0,0.0,12.0,0.0,0.0,3.0,0.0,2.0,0.0,11.0,0.0,0.0
844.0,3.0,0.0,0.0,0.0,0.0,0.0,0.0,0.0,3.0,0.0,2.0,1.0,13.0,0.0,0.0,3.0,0.0,2.0,0.0,35.0,0.0,0.0,2.0,1.0,2.0,0.0,12.0,0.0,0.0,3.0,0.0,2.0,0.0,11.0,0.0,0.0
848.0,3.0,0.0,0.0,0.0,0.0,0.0,0.0,0.0,3.0,0.0,3.0,0.0,14.0,0.0,0.0,3.0,0.0,2.0,0.0,36.0,0.0,0.0,2.0,1.0,2.0,0.0,12.0,0.0,0.0,3.0,0.0,2.0,0.0,11.0,0.0,0.0
852.0,3.0,0.0,0.0,0.0,0.0,0.0,0.0,0.0,3.0,0.0,2.0,0.0,14.0,0.0,0.0,3.0,0.0,2.0,0.0,36.0,0.0,0.0,2.0,1.0,2.0,0.0,12.0,0.0,0.0,3.0,0.0,2.0,0.0,11.0,0.0,0.0
856.0,3.0,0.0,0.0,0.0,0.0,0.0,0.0,0.0,3.0,0.0,2.0,0.0,14.0,0.0,0.0,3.0,0.0,2.0,0.0,36.0,0.0,0.0,3.0,0.0,3.0,0.0,12.0,0.0,0.0,3.0,0.0,2.0,0.0,11.0,0.0,0.0
860.0,3.0,0.0,0.0,0.0,0.0,0.0,0.0,0.0,3.0,0.0,2.0,0.0,14.0,0.0,0.0,3.0,0.0,2.0,0.0,36.0,0.0,0.0,3.0,0.0,3.0,0.0,12.0,0.0,0.0,3.0,0.0,2.0,0.0,11.0,0.0,0.0
864.0,3.0,0.0,0.0,0.0,0.0,0.0,0.0,0.0,3.0,0.0,2.0,0.0,14.0,0.0,0.0,3.0,0.0,2.0,0.0,37.0,0.0,0.0,3.0,0.0,2.0,1.0,12.0,0.0,0.0,3.0,0.0,2.0,0.0,11.0,0.0,0.0
868.0,3.0,0.0,0.0,0.0,0.0,0.0,0.0,0.0,3.0,0.0,2.0,0.0,14.0,0.0,0.0,3.0,0.0,2.0,0.0,37.0,0.0,0.0,3.0,0.0,2.0,1.0,12.0,0.0,0.0,3.0,0.0,2.0,0.0,11.0,0.0,0.0
872.0,3.0,0.0,0.0,0.0,0.0,0.0,0.0,0.0,3.0,0.0,2.0,0.0,14.0,0.0,0.0,3.0,0.0,2.0,0.0,37.0,0.0,0.0,3.0,0.0,2.0,1.0,12.0,0.0,0.0,3.0,0.0,2.0,0.0,11.0,0.0,0.0
876.0,3.0,0.0,0.0,0.0,0.0,0.0,0.0,0.0,3.0,0.0,2.0,0.0,15.0,0.0,0.0,3.0,0.0,2.0,0.0,37.0,0.0,0.0,3.0,0.0,2.0,1.0,12.0,0.0,0.0,3.0,0.0,2.0,0.0,11.0,0.0,0.0
880.0,3.0,0.0,0.0,0.0,0.0,0.0,0.0,0.0,3.0,0.0,2.0,0.0,15.0,0.0,0.0,3.0,0.0,2.0,0.0,37.0,0.0,0.0,3.0,0.0,1.0,2.0,12.0,0.0,0.0,3.0,0.0,2.0,0.0,11.0,0.0,0.0
884.0,3.0,0.0,0.0,0.0,0.0,0.0,0.0,0.0,3.0,0.0,1.0,1.0,15.0,0.0,0.0,3.0,0.0,2.0,0.0,37.0,0.0,0.0,3.0,0.0,3.0,0.0,14.0,0.0,0.0,3.0,0.0,2.0,0.0,11.0,0.0,0.0
888.0,3.0,0.0,0.0,0.0,0.0,0.0,0.0,0.0,3.0,0.0,1.0,1.0,15.0,0.0,0.0,3.0,0.0,2.0,0.0,37.0,0.0,0.0,3.0,0.0,3.0,0.0,14.0,0.0,0.0,3.0,0.0,2.0,0.0,11.0,0.0,0.0
892.0,3.0,0.0,0.0,0.0,0.0,0.0,0.0,0.0,3.0,0.0,1.0,1.0,15.0,0.0,0.0,3.0,0.0,2.0,0.0,37.0,0.0,0.0,3.0,0.0,2.0,1.0,14.0,0.0,0.0,3.0,0.0,2.0,0.0,11.0,0.0,0.0
896.0,3.0,0.0,0.0,0.0,0.0,0.0,0.0,0.0,3.0,0.0,2.0,0.0,16.0,0.0,0.0,3.0,0.0,2.0,0.0,37.0,0.0,0.0,3.0,0.0,2.0,1.0,14.0,0.0,0.0,3.0,0.0,2.0,0.0,11.0,0.0,0.0
900.0,3.0,0.0,0.0,0.0,0.0,0.0,0.0,0.0,3.0,0.0,2.0,0.0,16.0,0.0,0.0,3.0,0.0,1.0,1.0,37.0,0.0,0.0,3.0,0.0,2.0,1.0,14.0,0.0,0.0,3.0,0.0,2.0,0.0,11.0,0.0,0.0
904.0,3.0,0.0,0.0,0.0,0.0,0.0,0.0,0.0,3.0,0.0,1.0,1.0,16.0,0.0,0.0,3.0,0.0,0.0,1.0,37.0,0.0,0.0,3.0,0.0,3.0,0.0,15.0,0.0,0.0,3.0,0.0,2.0,0.0,11.0,0.0,0.0
908.0,3.0,0.0,0.0,0.0,0.0,0.0,0.0,0.0,3.0,0.0,1.0,1.0,16.0,0.0,0.0,3.0,0.0,0.0,1.0,37.0,0.0,0.0,3.0,0.0,3.0,0.0,15.0,0.0,0.0,3.0,0.0,2.0,0.0,11.0,0.0,0.0
912.0,3.0,0.0,0.0,0.0,0.0,0.0,0.0,0.0,3.0,0.0,1.0,1.0,16.0,0.0,0.0,3.0,0.0,1.0,0.0,38.0,0.0,0.0,3.0,0.0,3.0,0.0,15.0,0.0,0.0,3.0,0.0,1.0,0.0,11.0,0.0,0.0
916.0,3.0,0.0,0.0,0.0,0.0,0.0,0.0,0.0,3.0,0.0,1.0,1.0,16.0,0.0,0.0,3.0,0.0,1.0,0.0,38.0,0.0,0.0,3.0,0.0,3.0,0.0,15.0,0.0,0.0,3.0,0.0,1.0,0.0,11.0,0.0,0.0
920.0,3.0,0.0,0.0,0.0,0.0,0.0,0.0,0.0,3.0,0.0,1.0,1.0,16.0,0.0,0.0,3.0,0.0,1.0,0.0,38.0,0.0,0.0,3.0,0.0,3.0,0.0,15.0,0.0,0.0,3.0,0.0,1.0,0.0,11.0,0.0,0.0
924.0,3.0,0.0,0.0,0.0,0.0,0.0,0.0,0.0,3.0,0.0,2.0,0.0,17.0,0.0,0.0,3.0,0.0,1.0,0.0,38.0,0.0,0.0,3.0,0.0,3.0,0.0,15.0,0.0,0.0,3.0,0.0,1.0,0.0,11.0,0.0,0.0
928.0,3.0,0.0,0.0,0.0,0.0,0.0,0.0,0.0,3.0,0.0,2.0,0.0,17.0,0.0,0.0,3.0,0.0,1.0,0.0,38.0,0.0,0.0,3.0,0.0,3.0,0.0,15.0,0.0,0.0,3.0,0.0,0.0,0.0,11.0,0.0,0.0
932.0,3.0,0.0,0.0,0.0,0.0,0.0,0.0,0.0,3.0,0.0,2.0,0.0,17.0,0.0,0.0,3.0,0.0,1.0,0.0,38.0,0.0,0.0,3.0,0.0,3.0,0.0,15.0,0.0,0.0,3.0,0.0,0.0,0.0,11.0,0.0,0.0
936.0,3.0,0.0,0.0,0.0,0.0,0.0,0.0,0.0,3.0,0.0,1.0,1.0,17.0,0.0,0.0,3.0,0.0,1.0,0.0,38.0,0.0,0.0,3.0,0.0,2.0,1.0,15.0,0.0,0.0,3.0,0.0,0.0,0.0,11.0,0.0,0.0
940.0,3.0,0.0,0.0,0.0,0.0,0.0,0.0,0.0,3.0,0.0,1.0,1.0,17.0,0.0,0.0,3.0,0.0,1.0,0.0,38.0,0.0,0.0,3.0,0.0,2.0,1.0,15.0,0.0,0.0,3.0,0.0,0.0,0.0,11.0,0.0,0.0
944.0,3.0,0.0,0.0,0.0,0.0,0.0,0.0,0.0,3.0,0.0,1.0,1.0,17.0,0.0,0.0,3.0,0.0,1.0,0.0,38.0,0.0,0.0,3.0,0.0,3.0,0.0,16.0,0.0,0.0,3.0,0.0,0.0,0.0,11.0,0.0,0.0
948.0,3.0,0.0,0.0,0.0,0.0,0.0,0.0,0.0,3.0,0.0,1.0,1.0,17.0,0.0,0.0,3.0,0.0,1.0,0.0,38.0,0.0,0.0,3.0,0.0,3.0,0.0,16.0,0.0,0.0,3.0,0.0,0.0,0.0,11.0,0.0,0.0
952.0,3.0,0.0,0.0,0.0,0.0,0.0,0.0,0.0,3.0,0.0,2.0,0.0,18.0,0.0,0.0,3.0,0.0,1.0,0.0,38.0,0.0,0.0,3.0,0.0,3.0,0.0,16.0,0.0,0.0,3.0,0.0,0.0,0.0,11.0,0.0,0.0
956.0,3.0,0.0,0.0,0.0,0.0,0.0,0.0,0.0,3.0,0.0,2.0,0.0,18.0,0.0,0.0,3.0,0.0,1.0,0.0,38.0,0.0,0.0,3.0,0.0,3.0,0.0,16.0,0.0,0.0,3.0,0.0,0.0,0.0,11.0,0.0,0.0
960.0,3.0,0.0,0.0,0.0,0.0,0.0,0.0,0.0,3.0,0.0,2.0,0.0,18.0,0.0,0.0,3.0,0.0,1.0,0.0,38.0,0.0,0.0,3.0,0.0,3.0,0.0,16.0,0.0,0.0,3.0,0.0,0.0,0.0,11.0,0.0,0.0
964.0,3.0,0.0,0.0,0.0,0.0,0.0,0.0,0.0,3.0,0.0,1.0,0.0,18.0,0.0,0.0,3.0,0.0,1.0,0.0,38.0,0.0,0.0,3.0,0.0,3.0,0.0,16.0,0.0,0.0,3.0,0.0,0.0,0.0,11.0,0.0,0.0
968.0,3.0,0.0,0.0,0.0,0.0,0.0,0.0,0.0,3.0,0.0,1.0,0.0,18.0,0.0,0.0,3.0,0.0,1.0,0.0,38.0,0.0,0.0,3.0,0.0,3.0,0.0,16.0,0.0,0.0,3.0,0.0,0.0,0.0,11.0,0.0,0.0
972.0,3.0,0.0,0.0,0.0,0.0,0.0,0.0,0.0,3.0,0.0,1.0,0.0,18.0,0.0,0.0,3.0,0.0,1.0,0.0,38.0,0.0,0.0,3.0,0.0,2.0,0.0,16.0,0.0,0.0,3.0,0.0,0.0,0.0,11.0,0.0,0.0
976.0,3.0,0.0,0.0,0.0,0.0,0.0,0.0,0.0,3.0,0.0,1.0,0.0,18.0,0.0,0.0,3.0,0.0,1.0,0.0,38.0,0.0,0.0,3.0,0.0,2.0,0.0,17.0,0.0,0.0,3.0,0.0,0.0,0.0,11.0,0.0,0.0
980.0,3.0,0.0,0.0,0.0,0.0,0.0,0.0,0.0,3.0,0.0,1.0,0.0,18.0,0.0,0.0,3.0,0.0,1.0,0.0,38.0,0.0,0.0,3.0,0.0,2.0,0.0,17.0,0.0,0.0,3.0,0.0,0.0,0.0,11.0,0.0,0.0
984.0,3.0,0.0,0.0,0.0,0.0,0.0,0.0,0.0,3.0,0.0,1.0,0.0,18.0,0.0,0.0,3.0,0.0,0.0,1.0,38.0,0.0,0.0,3.0,0.0,2.0,0.0,17.0,0.0,0.0,3.0,0.0,0.0,0.0,11.0,0.0,0.0
988.0,3.0,0.0,0.0,0.0,0.0,0.0,0.0,0.0,3.0,0.0,1.0,0.0,18.0,0.0,0.0,3.0,0.0,0.0,1.0,38.0,0.0,0.0,3.0,0.0,2.0,0.0,17.0,0.0,0.0,3.0,0.0,0.0,0.0,11.0,0.0,0.0
992.0,3.0,0.0,0.0,0.0,0.0,0.0,0.0,0.0,3.0,0.0,1.0,0.0,18.0,0.0,0.0,3.0,0.0,1.0,0.0,39.0,0.0,0.0,3.0,0.0,2.0,0.0,17.0,0.0,0.0,3.0,0.0,0.0,0.0,11.0,0.0,0.0
996.0,3.0,0.0,0.0,0.0,0.0,0.0,0.0,0.0,3.0,0.0,0.0,1.0,18.0,0.0,0.0,3.0,0.0,1.0,0.0,39.0,0.0,0.0,3.0,0.0,2.0,0.0,17.0,0.0,0.0,3.0,0.0,0.0,0.0,11.0,0.0,0.0
1000.0,3.0,0.0,0.0,0.0,0.0,0.0,0.0,0.0,3.0,0.0,1.0,0.0,19.0,0.0,0.0,3.0,0.0,1.0,0.0,39.0,0.0,0.0,3.0,0.0,2.0,0.0,17.0,0.0,0.0,3.0,0.0,0.0,0.0,11.0,0.0,0.0
1004.0,3.0,0.0,0.0,0.0,0.0,0.0,0.0,0.0,3.0,0.0,1.0,0.0,19.0,0.0,0.0,3.0,0.0,1.0,0.0,39.0,0.0,0.0,3.0,0.0,2.0,0.0,17.0,0.0,0.0,3.0,0.0,0.0,0.0,11.0,0.0,0.0
1008.0,3.0,0.0,0.0,0.0,0.0,0.0,0.0,0.0,3.0,0.0,1.0,0.0,19.0,0.0,0.0,3.0,0.0,1.0,0.0,39.0,0.0,0.0,3.0,0.0,2.0,0.0,17.0,0.0,0.0,3.0,0.0,0.0,0.0,11.0,0.0,0.0
1012.0,3.0,0.0,0.0,0.0,0.0,0.0,0.0,0.0,3.0,0.0,1.0,0.0,19.0,0.0,0.0,3.0,0.0,1.0,0.0,39.0,0.0,0.0,3.0,0.0,2.0,0.0,17.0,0.0,0.0,3.0,0.0,0.0,0.0,11.0,0.0,0.0
1016.0,3.0,0.0,0.0,0.0,0.0,0.0,0.0,0.0,3.0,0.0,1.0,0.0,19.0,0.0,0.0,3.0,0.0,1.0,0.0,39.0,0.0,0.0,3.0,0.0,2.0,0.0,17.0,0.0,0.0,3.0,0.0,0.0,0.0,11.0,0.0,0.0
1020.0,3.0,0.0,0.0,0.0,0.0,0.0,0.0,0.0,3.0,0.0,1.0,0.0,19.0,0.0,0.0,3.0,0.0,1.0,0.0,39.0,0.0,0.0,3.0,0.0,1.0,1.0,17.0,0.0,0.0,3.0,0.0,0.0,0.0,11.0,0.0,0.0
1024.0,3.0,0.0,0.0,0.0,0.0,0.0,0.0,0.0,3.0,0.0,1.0,0.0,19.0,0.0,0.0,3.0,0.0,1.0,0.0,39.0,0.0,0.0,3.0,0.0,1.0,1.0,17.0,0.0,0.0,3.0,0.0,0.0,0.0,11.0,0.0,0.0
1028.0,3.0,0.0,0.0,0.0,0.0,0.0,0.0,0.0,3.0,0.0,1.0,0.0,19.0,0.0,0.0,3.0,0.0,0.0,1.0,39.0,0.0,0.0,3.0,0.0,1.0,1.0,17.0,0.0,0.0,3.0,0.0,0.0,0.0,11.0,0.0,0.0
1032.0,3.0,0.0,0.0,0.0,0.0,0.0,0.0,0.0,3.0,0.0,1.0,0.0,19.0,0.0,0.0,3.0,0.0,0.0,1.0,39.0,0.0,0.0,3.0,0.0,2.0,0.0,18.0,0.0,0.0,3.0,0.0,0.0,0.0,11.0,0.0,0.0
1036.0,3.0,0.0,0.0,0.0,0.0,0.0,0.0,0.0,3.0,0.0,1.0,0.0,19.0,0.0,0.0,3.0,0.0,0.0,1.0,39.0,0.0,0.0,3.0,0.0,2.0,0.0,18.0,0.0,0.0,3.0,0.0,0.0,0.0,11.0,0.0,0.0
1040.0,3.0,0.0,0.0,0.0,0.0,0.0,0.0,0.0,3.0,0.0,1.0,0.0,19.0,0.0,0.0,3.0,0.0,1.0,0.0,40.0,0.0,0.0,3.0,0.0,2.0,0.0,18.0,0.0,0.0,3.0,0.0,0.0,0.0,11.0,0.0,0.0
1044.0,3.0,0.0,0.0,0.0,0.0,0.0,0.0,0.0,3.0,0.0,1.0,0.0,19.0,0.0,0.0,3.0,0.0,1.0,0.0,40.0,0.0,0.0,3.0,0.0,2.0,0.0,18.0,0.0,0.0,3.0,0.0,0.0,0.0,11.0,0.0,0.0
1048.0,3.0,0.0,0.0,0.0,0.0,0.0,0.0,0.0,3.0,0.0,1.0,0.0,19.0,0.0,0.0,3.0,0.0,1.0,0.0,40.0,0.0,0.0,3.0,0.0,1.0,1.0,18.0,0.0,0.0,3.0,0.0,0.0,0.0,11.0,0.0,0.0
1052.0,3.0,0.0,0.0,0.0,0.0,0.0,0.0,0.0,3.0,0.0,1.0,0.0,19.0,0.0,0.0,3.0,0.0,1.0,0.0,40.0,0.0,0.0,3.0,0.0,2.0,0.0,19.0,0.0,0.0,3.0,0.0,0.0,0.0,11.0,0.0,0.0
1056.0,3.0,0.0,0.0,0.0,0.0,0.0,0.0,0.0,3.0,0.0,1.0,0.0,19.0,0.0,0.0,3.0,0.0,1.0,0.0,40.0,0.0,0.0,3.0,0.0,2.0,0.0,19.0,0.0,0.0,3.0,0.0,0.0,0.0,11.0,0.0,0.0
1060.0,3.0,0.0,0.0,0.0,0.0,0.0,0.0,0.0,3.0,0.0,1.0,0.0,19.0,0.0,0.0,3.0,0.0,1.0,0.0,40.0,0.0,0.0,3.0,0.0,1.0,1.0,19.0,0.0,0.0,3.0,0.0,0.0,0.0,11.0,0.0,0.0
1064.0,3.0,0.0,0.0,0.0,0.0,0.0,0.0,0.0,3.0,0.0,1.0,0.0,19.0,0.0,0.0,3.0,0.0,1.0,0.0,40.0,0.0,0.0,3.0,0.0,2.0,0.0,20.0,0.0,0.0,3.0,0.0,0.0,0.0,11.0,0.0,0.0
1068.0,3.0,0.0,0.0,0.0,0.0,0.0,0.0,0.0,3.0,0.0,1.0,0.0,19.0,0.0,0.0,3.0,0.0,1.0,0.0,40.0,0.0,0.0,3.0,0.0,2.0,0.0,20.0,0.0,0.0,3.0,0.0,0.0,0.0,11.0,0.0,0.0
1072.0,3.0,0.0,0.0,0.0,0.0,0.0,0.0,0.0,3.0,0.0,1.0,0.0,19.0,0.0,0.0,3.0,0.0,0.0,1.0,40.0,0.0,0.0,3.0,0.0,2.0,0.0,20.0,0.0,0.0,3.0,0.0,0.0,0.0,11.0,0.0,0.0
1076.0,3.0,0.0,0.0,0.0,0.0,0.0,0.0,0.0,3.0,0.0,1.0,0.0,19.0,0.0,0.0,3.0,0.0,0.0,1.0,40.0,0.0,0.0,3.0,0.0,2.0,0.0,20.0,0.0,0.0,3.0,0.0,0.0,0.0,11.0,0.0,0.0
1080.0,3.0,0.0,0.0,0.0,0.0,0.0,0.0,0.0,3.0,0.0,1.0,0.0,19.0,0.0,0.0,3.0,0.0,0.0,1.0,41.0,0.0,0.0,3.0,0.0,2.0,0.0,20.0,0.0,0.0,3.0,0.0,0.0,0.0,11.0,0.0,0.0
1084.0,3.0,0.0,0.0,0.0,0.0,0.0,0.0,0.0,3.0,0.0,1.0,0.0,19.0,0.0,0.0,3.0,0.0,1.0,0.0,42.0,0.0,0.0,3.0,0.0,2.0,0.0,20.0,0.0,0.0,3.0,0.0,0.0,0.0,11.0,0.0,0.0
1088.0,3.0,0.0,0.0,0.0,0.0,0.0,0.0,0.0,3.0,0.0,0.0,1.0,19.0,0.0,0.0,3.0,0.0,1.0,0.0,42.0,0.0,0.0,3.0,0.0,1.0,1.0,20.0,0.0,0.0,3.0,0.0,0.0,0.0,11.0,0.0,0.0
1092.0,3.0,0.0,0.0,0.0,0.0,0.0,0.0,0.0,3.0,0.0,1.0,0.0,20.0,0.0,0.0,3.0,0.0,1.0,0.0,42.0,0.0,0.0,3.0,0.0,1.0,1.0,20.0,0.0,0.0,3.0,0.0,0.0,0.0,11.0,0.0,0.0
1096.0,3.0,0.0,0.0,0.0,0.0,0.0,0.0,0.0,3.0,0.0,1.0,0.0,20.0,0.0,0.0,3.0,0.0,1.0,0.0,42.0,0.0,0.0,3.0,0.0,1.0,1.0,20.0,0.0,0.0,3.0,0.0,0.0,0.0,11.0,0.0,0.0
1100.0,3.0,0.0,0.0,0.0,0.0,0.0,0.0,0.0,3.0,0.0,1.0,0.0,20.0,0.0,0.0,3.0,0.0,1.0,0.0,42.0,0.0,0.0,3.0,0.0,1.0,1.0,20.0,0.0,0.0,3.0,0.0,0.0,0.0,11.0,0.0,0.0
1104.0,3.0,0.0,0.0,0.0,0.0,0.0,0.0,0.0,3.0,0.0,1.0,0.0,20.0,0.0,0.0,3.0,0.0,1.0,0.0,42.0,0.0,0.0,3.0,0.0,2.0,0.0,21.0,0.0,0.0,3.0,0.0,0.0,0.0,11.0,0.0,0.0
1108.0,3.0,0.0,0.0,0.0,0.0,0.0,0.0,0.0,3.0,0.0,1.0,0.0,20.0,0.0,0.0,3.0,0.0,1.0,0.0,42.0,0.0,0.0,3.0,0.0,2.0,0.0,21.0,0.0,0.0,3.0,0.0,0.0,0.0,11.0,0.0,0.0
1112.0,3.0,0.0,0.0,0.0,0.0,0.0,0.0,0.0,3.0,0.0,1.0,0.0,20.0,0.0,0.0,3.0,0.0,0.0,1.0,42.0,0.0,0.0,3.0,0.0,2.0,0.0,21.0,0.0,0.0,2.0,1.0,0.0,0.0,11.0,0.0,0.0
1116.0,3.0,0.0,0.0,0.0,0.0,0.0,0.0,0.0,3.0,0.0,1.0,0.0,20.0,0.0,0.0,3.0,0.0,0.0,1.0,42.0,0.0,0.0,3.0,0.0,2.0,0.0,21.0,0.0,0.0,3.0,0.0,0.0,0.0,11.0,0.0,0.0
1120.0,3.0,0.0,0.0,0.0,0.0,0.0,0.0,0.0,3.0,0.0,1.0,0.0,20.0,0.0,0.0,3.0,0.0,0.0,1.0,42.0,0.0,0.0,3.0,0.0,2.0,0.0,21.0,0.0,0.0,3.0,0.0,0.0,0.0,11.0,0.0,0.0
1124.0,3.0,0.0,0.0,0.0,0.0,0.0,0.0,0.0,3.0,0.0,1.0,0.0,20.0,0.0,0.0,3.0,0.0,1.0,0.0,43.0,0.0,0.0,3.0,0.0,1.0,1.0,21.0,0.0,0.0,3.0,0.0,0.0,0.0,11.0,0.0,0.0
1128.0,3.0,0.0,0.0,0.0,0.0,0.0,0.0,0.0,3.0,0.0,1.0,0.0,20.0,0.0,0.0,3.0,0.0,1.0,0.0,43.0,0.0,0.0,3.0,0.0,1.0,1.0,21.0,0.0,0.0,3.0,0.0,0.0,0.0,11.0,0.0,0.0
1132.0,3.0,0.0,0.0,0.0,0.0,0.0,0.0,0.0,3.0,0.0,1.0,0.0,20.0,0.0,0.0,3.0,0.0,1.0,0.0,43.0,0.0,0.0,3.0,0.0,2.0,0.0,22.0,0.0,0.0,3.0,0.0,0.0,0.0,11.0,0.0,0.0
1136.0,3.0,0.0,0.0,0.0,0.0,0.0,0.0,0.0,3.0,0.0,1.0,0.0,20.0,0.0,0.0,3.0,0.0,1.0,0.0,43.0,0.0,0.0,3.0,0.0,2.0,0.0,22.0,0.0,0.0,3.0,0.0,0.0,0.0,11.0,0.0,0.0
1140.0,3.0,0.0,0.0,0.0,0.0,0.0,0.0,0.0,3.0,0.0,1.0,0.0,20.0,0.0,0.0,3.0,0.0,1.0,0.0,43.0,0.0,0.0,3.0,0.0,2.0,0.0,22.0,0.0,0.0,3.0,0.0,0.0,0.0,11.0,0.0,0.0
1144.0,3.0,0.0,0.0,0.0,0.0,0.0,0.0,0.0,3.0,0.0,1.0,0.0,20.0,0.0,0.0,3.0,0.0,1.0,0.0,43.0,0.0,0.0,3.0,0.0,2.0,0.0,22.0,0.0,0.0,3.0,0.0,0.0,0.0,11.0,0.0,0.0
1148.0,3.0,0.0,0.0,0.0,0.0,0.0,0.0,0.0,3.0,0.0,1.0,0.0,20.0,0.0,0.0,3.0,0.0,1.0,0.0,43.0,0.0,0.0,3.0,0.0,2.0,0.0,22.0,0.0,0.0,3.0,0.0,0.0,0.0,11.0,0.0,0.0
1152.0,3.0,0.0,0.0,0.0,0.0,0.0,0.0,0.0,3.0,0.0,1.0,0.0,20.0,0.0,0.0,3.0,0.0,1.0,0.0,43.0,0.0,0.0,3.0,0.0,2.0,0.0,22.0,0.0,0.0,3.0,0.0,0.0,0.0,11.0,0.0,0.0
1156.0,3.0,0.0,0.0,0.0,0.0,0.0,0.0,0.0,3.0,0.0,0.0,1.0,20.0,0.0,0.0,3.0,0.0,1.0,0.0,43.0,0.0,0.0,3.0,0.0,2.0,0.0,22.0,0.0,0.0,3.0,0.0,0.0,0.0,11.0,0.0,0.0
1160.0,3.0,0.0,0.0,0.0,0.0,0.0,0.0,0.0,3.0,0.0,0.0,1.0,20.0,0.0,0.0,3.0,0.0,1.0,0.0,43.0,0.0,0.0,3.0,0.0,2.0,0.0,22.0,0.0,0.0,3.0,0.0,0.0,0.0,11.0,0.0,0.0
1164.0,3.0,0.0,0.0,0.0,0.0,0.0,0.0,0.0,3.0,0.0,0.0,1.0,20.0,0.0,0.0,3.0,0.0,1.0,0.0,43.0,0.0,0.0,3.0,0.0,2.0,0.0,22.0,0.0,0.0,3.0,0.0,0.0,0.0,11.0,0.0,0.0
1168.0,3.0,0.0,0.0,0.0,0.0,0.0,0.0,0.0,3.0,0.0,0.0,1.0,20.0,0.0,0.0,3.0,0.0,1.0,0.0,43.0,0.0,0.0,3.0,0.0,2.0,0.0,22.0,0.0,0.0,3.0,0.0,0.0,0.0,11.0,0.0,0.0
1172.0,3.0,0.0,0.0,0.0,0.0,0.0,0.0,0.0,3.0,0.0,0.0,1.0,20.0,0.0,0.0,3.0,0.0,1.0,0.0,43.0,0.0,0.0,3.0,0.0,2.0,0.0,22.0,0.0,0.0,3.0,0.0,0.0,0.0,11.0,0.0,0.0
1176.0,3.0,0.0,0.0,0.0,0.0,0.0,0.0,0.0,3.0,0.0,0.0,1.0,21.0,0.0,0.0,3.0,0.0,1.0,0.0,43.0,0.0,0.0,3.0,0.0,2.0,0.0,22.0,0.0,0.0,3.0,0.0,0.0,0.0,11.0,0.0,0.0
1180.0,3.0,0.0,0.0,0.0,0.0,0.0,0.0,0.0,3.0,0.0,0.0,1.0,21.0,0.0,0.0,3.0,0.0,0.0,1.0,43.0,0.0,0.0,3.0,0.0,2.0,0.0,22.0,0.0,0.0,3.0,0.0,0.0,0.0,11.0,0.0,0.0
1184.0,3.0,0.0,0.0,0.0,0.0,0.0,0.0,0.0,3.0,0.0,0.0,1.0,21.0,0.0,0.0,3.0,0.0,0.0,1.0,43.0,0.0,0.0,3.0,0.0,2.0,0.0,22.0,0.0,0.0,3.0,0.0,0.0,0.0,11.0,0.0,0.0
1188.0,3.0,0.0,0.0,0.0,0.0,0.0,0.0,0.0,3.0,0.0,1.0,0.0,22.0,0.0,0.0,3.0,0.0,0.0,1.0,43.0,0.0,0.0,3.0,0.0,2.0,0.0,22.0,0.0,0.0,3.0,0.0,0.0,0.0,11.0,0.0,0.0
1192.0,3.0,0.0,0.0,0.0,0.0,0.0,0.0,0.0,3.0,0.0,1.0,0.0,22.0,0.0,0.0,3.0,0.0,1.0,0.0,44.0,0.0,0.0,3.0,0.0,2.0,0.0,22.0,0.0,0.0,3.0,0.0,0.0,0.0,11.0,0.0,0.0
1196.0,3.0,0.0,0.0,0.0,0.0,0.0,0.0,0.0,3.0,0.0,1.0,0.0,22.0,0.0,0.0,3.0,0.0,1.0,0.0,44.0,0.0,0.0,3.0,0.0,1.0,0.0,22.0,0.0,0.0,3.0,0.0,0.0,0.0,11.0,0.0,0.0
1200.0,3.0,0.0,0.0,0.0,0.0,0.0,0.0,0.0,3.0,0.0,1.0,0.0,22.0,0.0,0.0,3.0,0.0,1.0,0.0,44.0,0.0,0.0,3.0,0.0,1.0,0.0,22.0,0.0,0.0,3.0,0.0,0.0,0.0,11.0,0.0,0.0
1204.0,3.0,0.0,0.0,0.0,0.0,0.0,0.0,0.0,3.0,0.0,1.0,0.0,22.0,0.0,0.0,3.0,0.0,1.0,0.0,44.0,0.0,0.0,3.0,0.0,1.0,0.0,22.0,0.0,0.0,3.0,0.0,0.0,0.0,11.0,0.0,0.0
1208.0,3.0,0.0,0.0,0.0,0.0,0.0,0.0,0.0,3.0,0.0,1.0,0.0,22.0,0.0,0.0,3.0,0.0,1.0,0.0,44.0,0.0,0.0,3.0,0.0,1.0,0.0,22.0,0.0,0.0,3.0,0.0,0.0,0.0,11.0,0.0,0.0
1212.0,3.0,0.0,0.0,0.0,0.0,0.0,0.0,0.0,3.0,0.0,1.0,0.0,22.0,0.0,0.0,3.0,0.0,1.0,0.0,44.0,0.0,0.0,3.0,0.0,1.0,0.0,22.0,0.0,0.0,3.0,0.0,0.0,0.0,11.0,0.0,0.0
1216.0,3.0,0.0,0.0,0.0,0.0,0.0,0.0,0.0,3.0,0.0,1.0,0.0,22.0,0.0,0.0,3.0,0.0,1.0,0.0,44.0,0.0,0.0,3.0,0.0,1.0,0.0,22.0,0.0,0.0,3.0,0.0,0.0,0.0,11.0,0.0,0.0
1220.0,3.0,0.0,0.0,0.0,0.0,0.0,0.0,0.0,3.0,0.0,1.0,0.0,22.0,0.0,0.0,3.0,0.0,0.0,0.0,44.0,0.0,0.0,3.0,0.0,1.0,0.0,22.0,0.0,0.0,3.0,0.0,0.0,0.0,11.0,0.0,0.0
1224.0,3.0,0.0,0.0,0.0,0.0,0.0,0.0,0.0,3.0,0.0,1.0,0.0,22.0,0.0,0.0,3.0,0.0,0.0,0.0,44.0,0.0,0.0,3.0,0.0,1.0,0.0,22.0,0.0,0.0,3.0,0.0,0.0,0.0,11.0,0.0,0.0
1228.0,3.0,0.0,0.0,0.0,0.0,0.0,0.0,0.0,3.0,0.0,1.0,0.0,22.0,0.0,0.0,3.0,0.0,0.0,0.0,44.0,0.0,0.0,3.0,0.0,1.0,0.0,22.0,0.0,0.0,3.0,0.0,0.0,0.0,11.0,0.0,0.0
1232.0,3.0,0.0,0.0,0.0,0.0,0.0,0.0,0.0,3.0,0.0,1.0,0.0,22.0,0.0,0.0,3.0,0.0,0.0,0.0,44.0,0.0,0.0,3.0,0.0,1.0,0.0,22.0,0.0,0.0,3.0,0.0,0.0,0.0,11.0,0.0,0.0
1236.0,3.0,0.0,0.0,0.0,0.0,0.0,0.0,0.0,3.0,0.0,1.0,0.0,22.0,0.0,0.0,3.0,0.0,0.0,0.0,44.0,0.0,0.0,3.0,0.0,1.0,0.0,22.0,0.0,0.0,3.0,0.0,0.0,0.0,11.0,0.0,0.0
1240.0,3.0,0.0,0.0,0.0,0.0,0.0,0.0,0.0,3.0,0.0,1.0,0.0,22.0,0.0,0.0,3.0,0.0,0.0,0.0,44.0,0.0,0.0,3.0,0.0,1.0,0.0,22.0,0.0,0.0,3.0,0.0,0.0,0.0,11.0,0.0,0.0
1244.0,3.0,0.0,0.0,0.0,0.0,0.0,0.0,0.0,3.0,0.0,1.0,0.0,22.0,0.0,0.0,3.0,0.0,0.0,0.0,44.0,0.0,0.0,3.0,0.0,1.0,0.0,22.0,0.0,0.0,3.0,0.0,0.0,0.0,11.0,0.0,0.0
1248.0,3.0,0.0,0.0,0.0,0.0,0.0,0.0,0.0,3.0,0.0,1.0,0.0,22.0,0.0,0.0,3.0,0.0,0.0,0.0,44.0,0.0,0.0,3.0,0.0,1.0,0.0,22.0,0.0,0.0,3.0,0.0,0.0,0.0,11.0,0.0,0.0
1252.0,3.0,0.0,0.0,0.0,0.0,0.0,0.0,0.0,3.0,0.0,1.0,0.0,22.0,0.0,0.0,3.0,0.0,0.0,0.0,44.0,0.0,0.0,3.0,0.0,1.0,0.0,22.0,0.0,0.0,3.0,0.0,0.0,0.0,11.0,0.0,0.0
1256.0,3.0,0.0,0.0,0.0,0.0,0.0,0.0,0.0,3.0,0.0,0.0,0.0,22.0,0.0,0.0,3.0,0.0,0.0,0.0,44.0,0.0,0.0,3.0,0.0,1.0,0.0,22.0,0.0,0.0,3.0,0.0,0.0,0.0,11.0,0.0,0.0
1260.0,3.0,0.0,0.0,0.0,0.0,0.0,0.0,0.0,3.0,0.0,0.0,0.0,22.0,0.0,0.0,3.0,0.0,0.0,0.0,44.0,0.0,0.0,3.0,0.0,1.0,0.0,22.0,0.0,0.0,3.0,0.0,0.0,0.0,11.0,0.0,0.0
1264.0,3.0,0.0,0.0,0.0,0.0,0.0,0.0,0.0,3.0,0.0,0.0,0.0,22.0,0.0,0.0,3.0,0.0,0.0,0.0,44.0,0.0,0.0,3.0,0.0,1.0,0.0,22.0,0.0,0.0,3.0,0.0,0.0,0.0,11.0,0.0,0.0
1268.0,3.0,0.0,0.0,0.0,0.0,0.0,0.0,0.0,3.0,0.0,0.0,0.0,22.0,0.0,0.0,3.0,0.0,0.0,0.0,44.0,0.0,0.0,3.0,0.0,1.0,0.0,22.0,0.0,0.0,3.0,0.0,0.0,0.0,11.0,0.0,0.0
1272.0,3.0,0.0,0.0,0.0,0.0,0.0,0.0,0.0,3.0,0.0,0.0,0.0,22.0,0.0,0.0,3.0,0.0,0.0,0.0,44.0,0.0,0.0,3.0,0.0,1.0,0.0,22.0,0.0,0.0,3.0,0.0,0.0,0.0,11.0,0.0,0.0
1276.0,3.0,0.0,0.0,0.0,0.0,0.0,0.0,0.0,3.0,0.0,0.0,0.0,22.0,0.0,0.0,3.0,0.0,0.0,0.0,44.0,0.0,0.0,2.0,1.0,0.0,1.0,22.0,0.0,0.0,3.0,0.0,0.0,0.0,11.0,0.0,0.0
1280.0,3.0,0.0,0.0,0.0,0.0,0.0,0.0,0.0,3.0,0.0,0.0,0.0,22.0,0.0,0.0,3.0,0.0,0.0,0.0,44.0,0.0,0.0,2.0,1.0,1.0,0.0,23.0,0.0,0.0,3.0,0.0,0.0,0.0,11.0,0.0,0.0
1284.0,3.0,0.0,0.0,0.0,0.0,0.0,0.0,0.0,3.0,0.0,0.0,0.0,22.0,0.0,0.0,3.0,0.0,0.0,0.0,44.0,0.0,0.0,2.0,1.0,1.0,0.0,23.0,0.0,0.0,3.0,0.0,0.0,0.0,11.0,0.0,0.0
1288.0,3.0,0.0,0.0,0.0,0.0,0.0,0.0,0.0,3.0,0.0,0.0,0.0,22.0,0.0,0.0,3.0,0.0,0.0,0.0,44.0,0.0,0.0,2.0,1.0,1.0,0.0,23.0,0.0,0.0,3.0,0.0,0.0,0.0,11.0,0.0,0.0
1292.0,3.0,0.0,0.0,0.0,0.0,0.0,0.0,0.0,3.0,0.0,0.0,0.0,22.0,0.0,0.0,3.0,0.0,0.0,0.0,44.0,0.0,0.0,2.0,1.0,1.0,0.0,23.0,0.0,0.0,3.0,0.0,0.0,0.0,11.0,0.0,0.0
1296.0,3.0,0.0,0.0,0.0,0.0,0.0,0.0,0.0,3.0,0.0,0.0,0.0,22.0,0.0,0.0,3.0,0.0,0.0,0.0,44.0,0.0,0.0,3.0,0.0,2.0,0.0,23.0,0.0,0.0,3.0,0.0,0.0,0.0,11.0,0.0,0.0
1300.0,3.0,0.0,0.0,0.0,0.0,0.0,0.0,0.0,3.0,0.0,0.0,0.0,22.0,0.0,0.0,3.0,0.0,0.0,0.0,44.0,0.0,0.0,3.0,0.0,1.0,1.0,23.0,0.0,0.0,3.0,0.0,0.0,0.0,11.0,0.0,0.0
1304.0,3.0,0.0,0.0,0.0,0.0,0.0,0.0,0.0,3.0,0.0,0.0,0.0,22.0,0.0,0.0,3.0,0.0,0.0,0.0,44.0,0.0,0.0,3.0,0.0,2.0,0.0,24.0,0.0,0.0,3.0,0.0,0.0,0.0,11.0,0.0,0.0
1308.0,3.0,0.0,0.0,0.0,0.0,0.0,0.0,0.0,3.0,0.0,0.0,0.0,22.0,0.0,0.0,3.0,0.0,0.0,0.0,44.0,0.0,0.0,3.0,0.0,2.0,0.0,24.0,0.0,0.0,3.0,0.0,0.0,0.0,11.0,0.0,0.0
1312.0,3.0,0.0,0.0,0.0,0.0,0.0,0.0,0.0,3.0,0.0,0.0,0.0,22.0,0.0,0.0,3.0,0.0,0.0,0.0,44.0,0.0,0.0,3.0,0.0,1.0,1.0,24.0,0.0,0.0,3.0,0.0,0.0,0.0,11.0,0.0,0.0
1316.0,3.0,0.0,0.0,0.0,0.0,0.0,0.0,0.0,3.0,0.0,0.0,0.0,22.0,0.0,0.0,3.0,0.0,0.0,0.0,44.0,0.0,0.0,3.0,0.0,1.0,1.0,24.0,0.0,0.0,3.0,0.0,0.0,0.0,11.0,0.0,0.0
1320.0,3.0,0.0,0.0,0.0,0.0,0.0,0.0,0.0,3.0,0.0,0.0,0.0,22.0,0.0,0.0,3.0,0.0,0.0,0.0,44.0,0.0,0.0,2.0,1.0,1.0,1.0,24.0,0.0,0.0,3.0,0.0,0.0,0.0,11.0,0.0,0.0
1324.0,3.0,0.0,0.0,0.0,0.0,0.0,0.0,0.0,3.0,0.0,0.0,0.0,22.0,0.0,0.0,3.0,0.0,0.0,0.0,44.0,0.0,0.0,2.0,1.0,1.0,1.0,24.0,0.0,0.0,3.0,0.0,0.0,0.0,11.0,0.0,0.0
1328.0,3.0,0.0,0.0,0.0,0.0,0.0,0.0,0.0,3.0,0.0,0.0,0.0,22.0,0.0,0.0,3.0,0.0,0.0,0.0,44.0,0.0,0.0,2.0,1.0,1.0,1.0,24.0,0.0,0.0,3.0,0.0,0.0,0.0,11.0,0.0,0.0
1332.0,3.0,0.0,0.0,0.0,0.0,0.0,0.0,0.0,3.0,0.0,0.0,0.0,22.0,0.0,0.0,3.0,0.0,0.0,0.0,44.0,0.0,0.0,2.0,1.0,2.0,0.0,25.0,0.0,0.0,3.0,0.0,0.0,0.0,11.0,0.0,0.0
1336.0,3.0,0.0,0.0,0.0,0.0,0.0,0.0,0.0,3.0,0.0,0.0,0.0,22.0,0.0,0.0,3.0,0.0,0.0,0.0,44.0,0.0,0.0,2.0,1.0,1.0,0.0,25.0,0.0,0.0,3.0,0.0,0.0,0.0,11.0,0.0,0.0
1340.0,3.0,0.0,0.0,0.0,0.0,0.0,0.0,0.0,3.0,0.0,0.0,0.0,22.0,0.0,0.0,3.0,0.0,0.0,0.0,44.0,0.0,0.0,2.0,1.0,0.0,1.0,25.0,0.0,0.0,3.0,0.0,0.0,0.0,11.0,0.0,0.0
1344.0,3.0,0.0,0.0,0.0,0.0,0.0,0.0,0.0,3.0,0.0,0.0,0.0,22.0,0.0,0.0,3.0,0.0,0.0,0.0,44.0,0.0,0.0,3.0,0.0,1.0,1.0,25.0,0.0,0.0,3.0,0.0,0.0,0.0,11.0,0.0,0.0
1348.0,3.0,0.0,0.0,0.0,0.0,0.0,0.0,0.0,3.0,0.0,0.0,0.0,22.0,0.0,0.0,3.0,0.0,0.0,0.0,44.0,0.0,0.0,3.0,0.0,1.0,1.0,25.0,0.0,0.0,2.0,1.0,0.0,0.0,11.0,0.0,0.0
1352.0,3.0,0.0,0.0,0.0,0.0,0.0,0.0,0.0,3.0,0.0,0.0,0.0,22.0,0.0,0.0,3.0,0.0,0.0,0.0,44.0,0.0,0.0,3.0,0.0,1.0,1.0,25.0,0.0,0.0,2.0,1.0,0.0,0.0,11.0,0.0,0.0
1356.0,3.0,0.0,0.0,0.0,0.0,0.0,0.0,0.0,3.0,0.0,0.0,0.0,22.0,0.0,0.0,3.0,0.0,0.0,0.0,44.0,0.0,0.0,3.0,0.0,2.0,0.0,26.0,0.0,0.0,2.0,1.0,0.0,0.0,11.0,0.0,0.0
1360.0,3.0,0.0,0.0,0.0,0.0,0.0,0.0,0.0,3.0,0.0,0.0,0.0,22.0,0.0,0.0,3.0,0.0,0.0,0.0,44.0,0.0,0.0,3.0,0.0,2.0,0.0,26.0,0.0,0.0,2.0,1.0,0.0,0.0,11.0,0.0,0.0
1364.0,3.0,0.0,0.0,0.0,0.0,0.0,0.0,0.0,3.0,0.0,0.0,0.0,22.0,0.0,0.0,3.0,0.0,0.0,0.0,44.0,0.0,0.0,3.0,0.0,2.0,0.0,26.0,0.0,0.0,1.0,2.0,0.0,0.0,11.0,0.0,0.0
1368.0,3.0,0.0,0.0,0.0,0.0,0.0,0.0,0.0,3.0,0.0,0.0,0.0,22.0,0.0,0.0,3.0,0.0,0.0,0.0,44.0,0.0,0.0,3.0,0.0,2.0,0.0,26.0,0.0,0.0,1.0,2.0,0.0,0.0,11.0,0.0,0.0
1372.0,3.0,0.0,0.0,0.0,0.0,0.0,0.0,0.0,3.0,0.0,0.0,0.0,22.0,0.0,0.0,3.0,0.0,0.0,0.0,44.0,0.0,0.0,3.0,0.0,2.0,0.0,26.0,0.0,0.0,1.0,2.0,0.0,0.0,11.0,0.0,0.0
1376.0,3.0,0.0,0.0,0.0,0.0,0.0,0.0,0.0,3.0,0.0,0.0,0.0,22.0,0.0,0.0,3.0,0.0,0.0,0.0,44.0,0.0,0.0,3.0,0.0,2.0,0.0,26.0,0.0,0.0,2.0,1.0,1.0,0.0,11.0,0.0,0.0
1380.0,3.0,0.0,0.0,0.0,0.0,0.0,0.0,0.0,3.0,0.0,0.0,0.0,22.0,0.0,0.0,3.0,0.0,0.0,0.0,44.0,0.0,0.0,3.0,0.0,2.0,0.0,26.0,0.0,0.0,3.0,0.0,2.0,0.0,11.0,0.0,0.0
1384.0,3.0,0.0,0.0,0.0,0.0,0.0,0.0,0.0,3.0,0.0,0.0,0.0,22.0,0.0,0.0,3.0,0.0,0.0,0.0,44.0,0.0,0.0,3.0,0.0,2.0,0.0,26.0,0.0,0.0,3.0,0.0,1.0,0.0,11.0,0.0,0.0
1388.0,3.0,0.0,0.0,0.0,0.0,0.0,0.0,0.0,3.0,0.0,0.0,0.0,22.0,0.0,0.0,3.0,0.0,0.0,0.0,44.0,0.0,0.0,3.0,0.0,2.0,0.0,26.0,0.0,0.0,3.0,0.0,1.0,0.0,11.0,0.0,0.0
1392.0,3.0,0.0,0.0,0.0,0.0,0.0,0.0,0.0,3.0,0.0,0.0,0.0,22.0,0.0,0.0,3.0,0.0,0.0,0.0,44.0,0.0,0.0,3.0,0.0,2.0,0.0,26.0,0.0,0.0,3.0,0.0,1.0,0.0,11.0,0.0,0.0
1396.0,3.0,0.0,0.0,0.0,0.0,0.0,0.0,0.0,3.0,0.0,0.0,0.0,22.0,0.0,0.0,2.0,1.0,0.0,0.0,44.0,0.0,0.0,2.0,1.0,2.0,0.0,26.0,0.0,0.0,3.0,0.0,1.0,0.0,11.0,0.0,0.0
1400.0,3.0,0.0,0.0,0.0,0.0,0.0,0.0,0.0,3.0,0.0,0.0,0.0,22.0,0.0,0.0,3.0,0.0,1.0,0.0,44.0,0.0,0.0,3.0,0.0,3.0,0.0,26.0,0.0,0.0,3.0,0.0,1.0,0.0,11.0,0.0,0.0
1404.0,3.0,0.0,0.0,0.0,0.0,0.0,0.0,0.0,3.0,0.0,0.0,0.0,22.0,0.0,0.0,3.0,0.0,1.0,0.0,44.0,0.0,0.0,3.0,0.0,3.0,0.0,26.0,0.0,0.0,3.0,0.0,1.0,0.0,11.0,0.0,0.0
1408.0,3.0,0.0,0.0,0.0,0.0,0.0,0.0,0.0,3.0,0.0,0.0,0.0,22.0,0.0,0.0,3.0,0.0,1.0,0.0,44.0,0.0,0.0,2.0,1.0,3.0,0.0,26.0,0.0,0.0,3.0,0.0,1.0,0.0,11.0,0.0,0.0
1412.0,3.0,0.0,0.0,0.0,0.0,0.0,0.0,0.0,3.0,0.0,0.0,0.0,22.0,0.0,0.0,3.0,0.0,1.0,0.0,44.0,0.0,0.0,3.0,0.0,3.0,1.0,26.0,0.0,0.0,3.0,0.0,1.0,0.0,11.0,0.0,0.0
1416.0,3.0,0.0,0.0,0.0,0.0,0.0,0.0,0.0,3.0,0.0,0.0,0.0,22.0,0.0,0.0,3.0,0.0,1.0,0.0,44.0,0.0,0.0,3.0,0.0,4.0,0.0,27.0,0.0,0.0,3.0,0.0,1.0,0.0,11.0,0.0,0.0
1420.0,3.0,0.0,0.0,0.0,0.0,0.0,0.0,0.0,3.0,0.0,0.0,0.0,22.0,0.0,0.0,3.0,0.0,1.0,0.0,44.0,0.0,0.0,3.0,0.0,4.0,0.0,27.0,0.0,0.0,3.0,0.0,1.0,0.0,11.0,0.0,0.0
1424.0,3.0,0.0,0.0,0.0,0.0,0.0,0.0,0.0,3.0,0.0,0.0,0.0,22.0,0.0,0.0,3.0,0.0,1.0,0.0,44.0,0.0,0.0,3.0,0.0,4.0,0.0,27.0,0.0,0.0,3.0,0.0,1.0,0.0,11.0,0.0,0.0
1428.0,3.0,0.0,0.0,0.0,0.0,0.0,0.0,0.0,3.0,0.0,0.0,0.0,22.0,0.0,0.0,3.0,0.0,0.0,1.0,44.0,0.0,0.0,3.0,0.0,4.0,0.0,27.0,0.0,0.0,3.0,0.0,1.0,0.0,11.0,0.0,0.0
1432.0,3.0,0.0,0.0,0.0,0.0,0.0,0.0,0.0,3.0,0.0,0.0,0.0,22.0,0.0,0.0,3.0,0.0,0.0,1.0,44.0,0.0,0.0,3.0,0.0,3.0,0.0,27.0,0.0,0.0,3.0,0.0,1.0,0.0,11.0,0.0,0.0
1436.0,3.0,0.0,0.0,0.0,0.0,0.0,0.0,0.0,3.0,0.0,0.0,0.0,22.0,0.0,0.0,3.0,0.0,1.0,0.0,45.0,0.0,0.0,3.0,0.0,2.0,1.0,27.0,0.0,0.0,3.0,0.0,1.0,0.0,11.0,0.0,0.0
1440.0,3.0,0.0,0.0,0.0,0.0,0.0,0.0,0.0,3.0,0.0,0.0,0.0,22.0,0.0,0.0,3.0,0.0,1.0,0.0,45.0,0.0,0.0,3.0,0.0,2.0,1.0,27.0,0.0,0.0,3.0,0.0,1.0,0.0,11.0,0.0,0.0
1444.0,3.0,0.0,0.0,0.0,0.0,0.0,0.0,0.0,3.0,0.0,0.0,0.0,22.0,0.0,0.0,3.0,0.0,1.0,0.0,45.0,0.0,0.0,3.0,0.0,2.0,1.0,27.0,0.0,0.0,3.0,0.0,1.0,0.0,11.0,0.0,0.0
1448.0,3.0,0.0,0.0,0.0,0.0,0.0,0.0,0.0,3.0,0.0,0.0,0.0,22.0,0.0,0.0,3.0,0.0,1.0,0.0,45.0,0.0,0.0,3.0,0.0,2.0,1.0,27.0,0.0,0.0,3.0,0.0,1.0,0.0,11.0,0.0,0.0
1452.0,3.0,0.0,0.0,0.0,0.0,0.0,0.0,0.0,3.0,0.0,0.0,0.0,22.0,0.0,0.0,3.0,0.0,1.0,0.0,45.0,0.0,0.0,3.0,0.0,2.0,1.0,28.0,0.0,0.0,3.0,0.0,1.0,0.0,11.0,0.0,0.0
1456.0,3.0,0.0,0.0,0.0,0.0,0.0,0.0,0.0,3.0,0.0,0.0,0.0,22.0,0.0,0.0,3.0,0.0,1.0,0.0,45.0,0.0,0.0,3.0,0.0,3.0,0.0,29.0,0.0,0.0,3.0,0.0,1.0,0.0,11.0,0.0,0.0
1460.0,3.0,0.0,0.0,0.0,0.0,0.0,0.0,0.0,3.0,0.0,0.0,0.0,22.0,0.0,0.0,3.0,0.0,0.0,1.0,45.0,0.0,0.0,3.0,0.0,3.0,0.0,29.0,0.0,0.0,3.0,0.0,1.0,0.0,11.0,0.0,0.0
1464.0,3.0,0.0,0.0,0.0,0.0,0.0,0.0,0.0,3.0,0.0,0.0,0.0,22.0,0.0,0.0,3.0,0.0,0.0,1.0,45.0,0.0,0.0,3.0,0.0,3.0,0.0,29.0,0.0,0.0,3.0,0.0,1.0,0.0,11.0,0.0,0.0
1468.0,3.0,0.0,0.0,0.0,0.0,0.0,0.0,0.0,3.0,0.0,0.0,0.0,22.0,0.0,0.0,3.0,0.0,0.0,1.0,45.0,0.0,0.0,3.0,0.0,3.0,0.0,29.0,0.0,0.0,3.0,0.0,0.0,1.0,11.0,0.0,0.0
1472.0,3.0,0.0,0.0,0.0,0.0,0.0,0.0,0.0,3.0,0.0,0.0,0.0,22.0,0.0,0.0,3.0,0.0,1.0,0.0,46.0,0.0,0.0,3.0,0.0,2.0,1.0,29.0,0.0,0.0,3.0,0.0,0.0,1.0,11.0,0.0,0.0
1476.0,3.0,0.0,0.0,0.0,0.0,0.0,0.0,0.0,3.0,0.0,0.0,0.0,22.0,0.0,0.0,3.0,0.0,1.0,0.0,46.0,0.0,0.0,3.0,0.0,2.0,1.0,29.0,0.0,0.0,3.0,0.0,1.0,0.0,12.0,0.0,0.0
1480.0,3.0,0.0,0.0,0.0,0.0,0.0,0.0,0.0,3.0,0.0,0.0,0.0,22.0,0.0,0.0,3.0,0.0,1.0,0.0,46.0,0.0,0.0,3.0,0.0,3.0,0.0,30.0,0.0,0.0,3.0,0.0,1.0,0.0,12.0,0.0,0.0
1484.0,3.0,0.0,0.0,0.0,0.0,0.0,0.0,0.0,3.0,0.0,0.0,0.0,22.0,0.0,0.0,3.0,0.0,1.0,0.0,46.0,0.0,0.0,3.0,0.0,3.0,0.0,30.0,0.0,0.0,3.0,0.0,1.0,0.0,12.0,0.0,0.0
1488.0,3.0,0.0,0.0,0.0,0.0,0.0,0.0,0.0,3.0,0.0,0.0,0.0,22.0,0.0,0.0,3.0,0.0,1.0,0.0,46.0,0.0,0.0,3.0,0.0,3.0,0.0,30.0,0.0,0.0,3.0,0.0,1.0,0.0,12.0,0.0,0.0
1492.0,3.0,0.0,0.0,0.0,0.0,0.0,0.0,0.0,3.0,0.0,0.0,0.0,22.0,0.0,0.0,3.0,0.0,1.0,0.0,46.0,0.0,0.0,3.0,0.0,3.0,0.0,30.0,0.0,0.0,3.0,0.0,1.0,0.0,12.0,0.0,0.0
1496.0,3.0,0.0,0.0,0.0,0.0,0.0,0.0,0.0,3.0,0.0,0.0,0.0,22.0,0.0,0.0,3.0,0.0,1.0,0.0,46.0,0.0,0.0,3.0,0.0,3.0,0.0,30.0,0.0,0.0,3.0,0.0,1.0,0.0,12.0,0.0,0.0
1500.0,3.0,0.0,0.0,0.0,0.0,0.0,0.0,0.0,3.0,0.0,0.0,0.0,22.0,0.0,0.0,3.0,0.0,1.0,0.0,46.0,0.0,0.0,3.0,0.0,3.0,0.0,30.0,0.0,0.0,3.0,0.0,1.0,0.0,12.0,0.0,0.0
1504.0,3.0,0.0,0.0,0.0,0.0,0.0,0.0,0.0,3.0,0.0,0.0,0.0,22.0,0.0,0.0,3.0,0.0,1.0,0.0,46.0,0.0,0.0,3.0,0.0,3.0,0.0,30.0,0.0,0.0,3.0,0.0,1.0,0.0,12.0,0.0,0.0
1508.0,3.0,0.0,0.0,0.0,0.0,0.0,0.0,0.0,3.0,0.0,0.0,0.0,22.0,0.0,0.0,3.0,0.0,1.0,0.0,46.0,0.0,0.0,3.0,0.0,3.0,0.0,30.0,0.0,0.0,3.0,0.0,1.0,0.0,12.0,0.0,0.0
1512.0,3.0,0.0,0.0,0.0,0.0,0.0,0.0,0.0,3.0,0.0,0.0,0.0,22.0,0.0,0.0,3.0,0.0,1.0,0.0,46.0,0.0,0.0,3.0,0.0,3.0,0.0,30.0,0.0,0.0,3.0,0.0,1.0,0.0,12.0,0.0,0.0
1516.0,3.0,0.0,0.0,0.0,0.0,0.0,0.0,0.0,3.0,0.0,0.0,0.0,22.0,0.0,0.0,3.0,0.0,1.0,0.0,46.0,0.0,0.0,3.0,0.0,2.0,1.0,30.0,0.0,0.0,3.0,0.0,1.0,0.0,12.0,0.0,0.0
1520.0,3.0,0.0,0.0,0.0,0.0,0.0,0.0,0.0,3.0,0.0,0.0,0.0,22.0,0.0,0.0,3.0,0.0,1.0,0.0,46.0,0.0,0.0,3.0,0.0,2.0,1.0,30.0,0.0,0.0,3.0,0.0,1.0,0.0,12.0,0.0,0.0
1524.0,3.0,0.0,0.0,0.0,0.0,0.0,0.0,0.0,3.0,0.0,0.0,0.0,22.0,0.0,0.0,3.0,0.0,1.0,0.0,46.0,0.0,0.0,3.0,0.0,2.0,1.0,30.0,0.0,0.0,3.0,0.0,1.0,0.0,12.0,0.0,0.0
1528.0,3.0,0.0,0.0,0.0,0.0,0.0,0.0,0.0,3.0,0.0,0.0,0.0,22.0,0.0,0.0,3.0,0.0,1.0,0.0,46.0,0.0,0.0,3.0,0.0,3.0,0.0,31.0,0.0,0.0,3.0,0.0,1.0,0.0,12.0,0.0,0.0
1532.0,3.0,0.0,0.0,0.0,0.0,0.0,0.0,0.0,3.0,0.0,0.0,0.0,22.0,0.0,0.0,3.0,0.0,1.0,0.0,46.0,0.0,0.0,3.0,0.0,3.0,0.0,31.0,0.0,0.0,3.0,0.0,1.0,0.0,12.0,0.0,0.0
1536.0,3.0,0.0,0.0,0.0,0.0,0.0,0.0,0.0,3.0,0.0,0.0,0.0,22.0,0.0,0.0,3.0,0.0,1.0,0.0,46.0,0.0,0.0,3.0,0.0,3.0,0.0,31.0,0.0,0.0,3.0,0.0,1.0,0.0,12.0,0.0,0.0
1540.0,3.0,0.0,0.0,0.0,0.0,0.0,0.0,0.0,3.0,0.0,0.0,0.0,22.0,0.0,0.0,3.0,0.0,1.0,0.0,46.0,0.0,0.0,3.0,0.0,3.0,0.0,31.0,0.0,0.0,3.0,0.0,1.0,0.0,12.0,0.0,0.0
1544.0,3.0,0.0,0.0,0.0,0.0,0.0,0.0,0.0,3.0,0.0,0.0,0.0,22.0,0.0,0.0,3.0,0.0,1.0,0.0,46.0,0.0,0.0,3.0,0.0,3.0,0.0,32.0,0.0,0.0,3.0,0.0,1.0,0.0,12.0,0.0,0.0
1548.0,3.0,0.0,0.0,0.0,0.0,0.0,0.0,0.0,2.0,1.0,0.0,0.0,22.0,0.0,0.0,3.0,0.0,1.0,0.0,46.0,0.0,0.0,3.0,0.0,2.0,1.0,32.0,0.0,0.0,3.0,0.0,1.0,0.0,12.0,0.0,0.0
1552.0,3.0,0.0,0.0,0.0,0.0,0.0,0.0,0.0,3.0,0.0,1.0,0.0,22.0,0.0,0.0,3.0,0.0,1.0,0.0,46.0,0.0,0.0,3.0,0.0,2.0,1.0,32.0,0.0,0.0,2.0,1.0,1.0,0.0,12.0,0.0,0.0
1556.0,3.0,0.0,0.0,0.0,0.0,0.0,0.0,0.0,3.0,0.0,1.0,0.0,22.0,0.0,0.0,3.0,0.0,1.0,0.0,46.0,0.0,0.0,2.0,1.0,2.0,1.0,32.0,0.0,0.0,3.0,0.0,1.0,1.0,12.0,0.0,0.0
1560.0,3.0,0.0,0.0,0.0,0.0,0.0,0.0,0.0,3.0,0.0,0.0,0.0,22.0,0.0,0.0,3.0,0.0,1.0,0.0,46.0,0.0,0.0,2.0,1.0,3.0,0.0,33.0,0.0,0.0,3.0,0.0,1.0,1.0,12.0,0.0,0.0
1564.0,3.0,0.0,0.0,0.0,0.0,0.0,0.0,0.0,3.0,0.0,0.0,0.0,22.0,0.0,0.0,3.0,0.0,1.0,0.0,46.0,0.0,0.0,2.0,1.0,4.0,0.0,33.0,0.0,0.0,3.0,0.0,0.0,2.0,12.0,0.0,0.0
1568.0,3.0,0.0,0.0,0.0,0.0,0.0,0.0,0.0,3.0,0.0,0.0,0.0,22.0,0.0,0.0,3.0,0.0,1.0,0.0,46.0,0.0,0.0,3.0,0.0,5.0,0.0,33.0,0.0,0.0,3.0,0.0,1.0,1.0,13.0,0.0,0.0
1572.0,3.0,0.0,0.0,0.0,0.0,0.0,0.0,0.0,3.0,0.0,0.0,0.0,22.0,0.0,0.0,3.0,0.0,1.0,0.0,46.0,0.0,0.0,3.0,0.0,5.0,0.0,33.0,0.0,0.0,3.0,0.0,1.0,1.0,13.0,0.0,0.0
1576.0,3.0,0.0,0.0,0.0,0.0,0.0,0.0,0.0,3.0,0.0,0.0,0.0,22.0,0.0,0.0,3.0,0.0,1.0,0.0,46.0,0.0,0.0,3.0,0.0,5.0,0.0,33.0,0.0,0.0,3.0,0.0,1.0,1.0,13.0,0.0,0.0
1580.0,3.0,0.0,0.0,0.0,0.0,0.0,0.0,0.0,3.0,0.0,0.0,0.0,22.0,0.0,0.0,3.0,0.0,1.0,0.0,46.0,0.0,0.0,3.0,0.0,5.0,0.0,33.0,0.0,0.0,3.0,0.0,1.0,1.0,13.0,0.0,0.0
1584.0,3.0,0.0,0.0,0.0,0.0,0.0,0.0,0.0,3.0,0.0,0.0,0.0,22.0,0.0,0.0,3.0,0.0,1.0,0.0,46.0,0.0,0.0,3.0,0.0,4.0,1.0,33.0,0.0,0.0,3.0,0.0,1.0,1.0,13.0,0.0,0.0
1588.0,3.0,0.0,0.0,0.0,0.0,0.0,0.0,0.0,3.0,0.0,0.0,0.0,22.0,0.0,0.0,2.0,1.0,1.0,0.0,46.0,0.0,0.0,3.0,0.0,4.0,1.0,33.0,0.0,0.0,3.0,0.0,2.0,0.0,14.0,0.0,0.0
1592.0,3.0,0.0,0.0,0.0,0.0,0.0,0.0,0.0,3.0,0.0,0.0,0.0,22.0,0.0,0.0,2.0,1.0,1.0,0.0,46.0,0.0,0.0,3.0,0.0,5.0,0.0,34.0,0.0,0.0,3.0,0.0,2.0,0.0,14.0,0.0,0.0
1596.0,3.0,0.0,0.0,0.0,0.0,0.0,0.0,0.0,3.0,0.0,0.0,0.0,22.0,0.0,0.0,2.0,1.0,1.0,0.0,46.0,0.0,0.0,3.0,0.0,4.0,1.0,34.0,0.0,0.0,3.0,0.0,2.0,0.0,14.0,0.0,0.0
1600.0,3.0,0.0,0.0,0.0,0.0,0.0,0.0,0.0,3.0,0.0,0.0,0.0,22.0,0.0,0.0,3.0,0.0,2.0,0.0,46.0,0.0,0.0,3.0,0.0,3.0,2.0,34.0,0.0,0.0,3.0,0.0,1.0,1.0,14.0,0.0,0.0
1604.0,3.0,0.0,0.0,0.0,0.0,0.0,0.0,0.0,3.0,0.0,0.0,0.0,22.0,0.0,0.0,3.0,0.0,2.0,0.0,46.0,0.0,0.0,3.0,0.0,3.0,2.0,34.0,0.0,0.0,3.0,0.0,2.0,0.0,15.0,0.0,0.0
1608.0,3.0,0.0,0.0,0.0,0.0,0.0,0.0,0.0,3.0,0.0,0.0,0.0,22.0,0.0,0.0,3.0,0.0,2.0,0.0,46.0,0.0,0.0,3.0,0.0,4.0,1.0,35.0,0.0,0.0,3.0,0.0,2.0,0.0,15.0,0.0,0.0
1612.0,3.0,0.0,0.0,0.0,0.0,0.0,0.0,0.0,2.0,1.0,0.0,0.0,22.0,0.0,0.0,3.0,0.0,2.0,0.0,46.0,0.0,0.0,3.0,0.0,6.0,0.0,36.0,0.0,0.0,3.0,0.0,2.0,0.0,15.0,0.0,0.0
1616.0,3.0,0.0,0.0,0.0,0.0,0.0,0.0,0.0,2.0,1.0,0.0,0.0,22.0,0.0,0.0,3.0,0.0,2.0,0.0,46.0,0.0,0.0,3.0,0.0,6.0,0.0,36.0,0.0,0.0,3.0,0.0,2.0,0.0,15.0,0.0,0.0
1620.0,3.0,0.0,0.0,0.0,0.0,0.0,0.0,0.0,2.0,1.0,0.0,0.0,22.0,0.0,0.0,3.0,0.0,2.0,0.0,46.0,0.0,0.0,3.0,0.0,5.0,1.0,36.0,0.0,0.0,3.0,0.0,2.0,0.0,15.0,0.0,0.0
1624.0,3.0,0.0,0.0,0.0,0.0,0.0,0.0,0.0,2.0,1.0,0.0,0.0,22.0,0.0,0.0,3.0,0.0,2.0,0.0,46.0,0.0,0.0,3.0,0.0,4.0,2.0,36.0,0.0,0.0,3.0,0.0,2.0,0.0,15.0,0.0,0.0
1628.0,3.0,0.0,0.0,0.0,0.0,0.0,0.0,0.0,2.0,1.0,0.0,0.0,22.0,0.0,0.0,3.0,0.0,1.0,1.0,46.0,0.0,0.0,3.0,0.0,4.0,2.0,36.0,0.0,0.0,3.0,0.0,2.0,0.0,15.0,0.0,0.0
1632.0,3.0,0.0,0.0,0.0,0.0,0.0,0.0,0.0,3.0,0.0,1.0,0.0,22.0,0.0,0.0,3.0,0.0,1.0,1.0,46.0,0.0,0.0,3.0,0.0,5.0,1.0,37.0,0.0,0.0,3.0,0.0,2.0,0.0,15.0,0.0,0.0
1636.0,3.0,0.0,0.0,0.0,0.0,0.0,0.0,0.0,3.0,0.0,1.0,0.0,22.0,0.0,0.0,3.0,0.0,2.0,0.0,47.0,0.0,0.0,3.0,0.0,6.0,0.0,38.0,0.0,0.0,3.0,0.0,2.0,0.0,15.0,0.0,0.0
1640.0,3.0,0.0,0.0,0.0,0.0,0.0,0.0,0.0,3.0,0.0,1.0,0.0,22.0,0.0,0.0,3.0,0.0,2.0,0.0,47.0,0.0,0.0,3.0,0.0,6.0,0.0,38.0,0.0,0.0,3.0,0.0,2.0,0.0,15.0,0.0,0.0
1644.0,3.0,0.0,0.0,0.0,0.0,0.0,0.0,0.0,3.0,0.0,1.0,0.0,22.0,0.0,0.0,3.0,0.0,2.0,0.0,47.0,0.0,0.0,3.0,0.0,6.0,0.0,38.0,0.0,0.0,3.0,0.0,0.0,1.0,15.0,0.0,0.0
1648.0,3.0,0.0,0.0,0.0,0.0,0.0,0.0,0.0,3.0,0.0,1.0,0.0,22.0,0.0,0.0,3.0,0.0,2.0,0.0,47.0,0.0,0.0,3.0,0.0,5.0,0.0,39.0,0.0,0.0,3.0,0.0,0.0,1.0,15.0,0.0,0.0
1652.0,3.0,0.0,0.0,0.0,0.0,0.0,0.0,0.0,3.0,0.0,1.0,0.0,22.0,0.0,0.0,3.0,0.0,2.0,0.0,47.0,0.0,0.0,3.0,0.0,5.0,0.0,39.0,0.0,0.0,3.0,0.0,1.0,0.0,16.0,0.0,0.0
1656.0,3.0,0.0,0.0,0.0,0.0,0.0,0.0,0.0,3.0,0.0,1.0,0.0,22.0,0.0,0.0,3.0,0.0,2.0,0.0,47.0,0.0,0.0,3.0,0.0,5.0,0.0,39.0,0.0,0.0,3.0,0.0,1.0,0.0,16.0,0.0,0.0
1660.0,3.0,0.0,0.0,0.0,0.0,0.0,0.0,0.0,3.0,0.0,1.0,0.0,22.0,0.0,0.0,3.0,0.0,2.0,0.0,47.0,0.0,0.0,3.0,0.0,5.0,0.0,39.0,0.0,0.0,3.0,0.0,1.0,0.0,16.0,0.0,0.0
1664.0,3.0,0.0,0.0,0.0,0.0,0.0,0.0,0.0,3.0,0.0,1.0,0.0,22.0,0.0,0.0,3.0,0.0,2.0,0.0,47.0,0.0,0.0,3.0,0.0,5.0,0.0,39.0,0.0,0.0,3.0,0.0,1.0,0.0,16.0,0.0,0.0
1668.0,3.0,0.0,0.0,0.0,0.0,0.0,0.0,0.0,3.0,0.0,1.0,0.0,22.0,0.0,0.0,3.0,0.0,2.0,0.0,47.0,0.0,0.0,3.0,0.0,5.0,0.0,39.0,0.0,0.0,3.0,0.0,1.0,0.0,16.0,0.0,0.0
1672.0,3.0,0.0,0.0,0.0,0.0,0.0,0.0,0.0,3.0,0.0,1.0,0.0,22.0,0.0,0.0,3.0,0.0,2.0,0.0,47.0,0.0,0.0,3.0,0.0,4.0,1.0,39.0,0.0,0.0,3.0,0.0,1.0,0.0,16.0,0.0,0.0
1676.0,3.0,0.0,0.0,0.0,0.0,0.0,0.0,0.0,3.0,0.0,1.0,0.0,22.0,0.0,0.0,3.0,0.0,2.0,0.0,47.0,0.0,0.0,3.0,0.0,4.0,1.0,39.0,0.0,0.0,3.0,0.0,0.0,1.0,16.0,0.0,0.0
1680.0,3.0,0.0,0.0,0.0,0.0,0.0,0.0,0.0,3.0,0.0,1.0,0.0,22.0,0.0,0.0,3.0,0.0,1.0,0.0,47.0,0.0,0.0,3.0,0.0,4.0,1.0,39.0,0.0,0.0,3.0,0.0,0.0,1.0,16.0,0.0,0.0
1684.0,3.0,0.0,0.0,0.0,0.0,0.0,0.0,0.0,3.0,0.0,1.0,0.0,22.0,0.0,0.0,3.0,0.0,0.0,1.0,47.0,0.0,0.0,3.0,0.0,4.0,1.0,39.0,0.0,0.0,3.0,0.0,1.0,0.0,17.0,0.0,0.0
1688.0,3.0,0.0,0.0,0.0,0.0,0.0,0.0,0.0,3.0,0.0,1.0,0.0,22.0,0.0,0.0,3.0,0.0,0.0,1.0,47.0,0.0,0.0,3.0,0.0,4.0,1.0,39.0,0.0,0.0,3.0,0.0,1.0,0.0,17.0,0.0,0.0
1692.0,3.0,0.0,0.0,0.0,0.0,0.0,0.0,0.0,3.0,0.0,1.0,0.0,22.0,0.0,0.0,3.0,0.0,0.0,1.0,47.0,0.0,0.0,3.0,0.0,4.0,1.0,39.0,0.0,0.0,3.0,0.0,1.0,0.0,17.0,0.0,0.0
1696.0,3.0,0.0,0.0,0.0,0.0,0.0,0.0,0.0,3.0,0.0,1.0,0.0,22.0,0.0,0.0,3.0,0.0,0.0,1.0,47.0,0.0,0.0,3.0,0.0,4.0,1.0,39.0,0.0,0.0,3.0,0.0,1.0,0.0,17.0,0.0,0.0
1700.0,3.0,0.0,0.0,0.0,0.0,0.0,0.0,0.0,3.0,0.0,1.0,0.0,22.0,0.0,0.0,3.0,0.0,1.0,0.0,48.0,0.0,0.0,3.0,0.0,4.0,1.0,39.0,0.0,0.0,3.0,0.0,1.0,0.0,17.0,0.0,0.0
1704.0,3.0,0.0,0.0,0.0,0.0,0.0,0.0,0.0,3.0,0.0,1.0,0.0,22.0,0.0,0.0,3.0,0.0,1.0,0.0,48.0,0.0,0.0,3.0,0.0,4.0,1.0,39.0,0.0,0.0,3.0,0.0,1.0,0.0,17.0,0.0,0.0
1708.0,3.0,0.0,0.0,0.0,0.0,0.0,0.0,0.0,3.0,0.0,1.0,0.0,22.0,0.0,0.0,3.0,0.0,1.0,0.0,48.0,0.0,0.0,3.0,0.0,4.0,1.0,39.0,0.0,0.0,3.0,0.0,1.0,0.0,17.0,0.0,0.0
1712.0,3.0,0.0,0.0,0.0,0.0,0.0,0.0,0.0,3.0,0.0,1.0,0.0,22.0,0.0,0.0,3.0,0.0,1.0,0.0,48.0,0.0,0.0,3.0,0.0,4.0,1.0,39.0,0.0,0.0,3.0,0.0,1.0,0.0,17.0,0.0,0.0
1716.0,3.0,0.0,0.0,0.0,0.0,0.0,0.0,0.0,3.0,0.0,1.0,0.0,22.0,0.0,0.0,3.0,0.0,1.0,0.0,48.0,0.0,0.0,3.0,0.0,4.0,1.0,39.0,0.0,0.0,3.0,0.0,1.0,0.0,17.0,0.0,0.0
1720.0,3.0,0.0,0.0,0.0,0.0,0.0,0.0,0.0,3.0,0.0,0.0,0.0,22.0,0.0,0.0,3.0,0.0,1.0,0.0,48.0,0.0,0.0,3.0,0.0,5.0,0.0,40.0,0.0,0.0,2.0,1.0,1.0,0.0,17.0,0.0,0.0
1724.0,3.0,0.0,0.0,0.0,0.0,0.0,0.0,0.0,3.0,0.0,0.0,0.0,22.0,0.0,0.0,3.0,0.0,0.0,1.0,48.0,0.0,0.0,3.0,0.0,5.0,0.0,40.0,0.0,0.0,2.0,1.0,1.0,0.0,17.0,0.0,0.0
1728.0,3.0,0.0,0.0,0.0,0.0,0.0,0.0,0.0,3.0,0.0,0.0,0.0,22.0,0.0,0.0,3.0,0.0,1.0,0.0,49.0,0.0,0.0,3.0,0.0,4.0,1.0,40.0,0.0,0.0,2.0,1.0,1.0,0.0,17.0,0.0,0.0
1732.0,3.0,0.0,0.0,0.0,0.0,0.0,0.0,0.0,3.0,0.0,0.0,0.0,22.0,0.0,0.0,3.0,0.0,1.0,0.0,49.0,0.0,0.0,3.0,0.0,4.0,1.0,40.0,0.0,0.0,3.0,0.0,1.0,1.0,17.0,0.0,0.0
1736.0,3.0,0.0,0.0,0.0,0.0,0.0,0.0,0.0,3.0,0.0,0.0,0.0,22.0,0.0,0.0,3.0,0.0,1.0,0.0,49.0,0.0,0.0,3.0,0.0,4.0,1.0,40.0,0.0,0.0,3.0,0.0,1.0,1.0,17.0,0.0,0.0
1740.0,3.0,0.0,0.0,0.0,0.0,0.0,0.0,0.0,3.0,0.0,0.0,0.0,22.0,0.0,0.0,3.0,0.0,1.0,0.0,49.0,0.0,0.0,3.0,0.0,4.0,1.0,40.0,0.0,0.0,3.0,0.0,1.0,1.0,17.0,0.0,0.0
1744.0,3.0,0.0,0.0,0.0,0.0,0.0,0.0,0.0,3.0,0.0,0.0,0.0,22.0,0.0,0.0,3.0,0.0,1.0,0.0,49.0,0.0,0.0,2.0,1.0,4.0,1.0,40.0,0.0,0.0,3.0,0.0,1.0,1.0,17.0,0.0,0.0
1748.0,3.0,0.0,0.0,0.0,0.0,0.0,0.0,0.0,3.0,0.0,0.0,0.0,22.0,0.0,0.0,3.0,0.0,1.0,0.0,49.0,0.0,0.0,2.0,1.0,4.0,1.0,40.0,0.0,0.0,3.0,0.0,2.0,0.0,18.0,0.0,0.0
1752.0,3.0,0.0,0.0,0.0,0.0,0.0,0.0,0.0,3.0,0.0,0.0,0.0,22.0,0.0,0.0,3.0,0.0,1.0,0.0,49.0,0.0,0.0,2.0,1.0,5.0,0.0,41.0,0.0,0.0,3.0,0.0,2.0,0.0,18.0,0.0,0.0
1756.0,3.0,0.0,0.0,0.0,0.0,0.0,0.0,0.0,3.0,0.0,0.0,0.0,22.0,0.0,0.0,3.0,0.0,1.0,0.0,49.0,0.0,0.0,2.0,1.0,5.0,0.0,41.0,0.0,0.0,3.0,0.0,2.0,0.0,18.0,0.0,0.0
1760.0,3.0,0.0,0.0,0.0,0.0,0.0,0.0,0.0,2.0,1.0,0.0,0.0,22.0,0.0,0.0,3.0,0.0,1.0,0.0,49.0,0.0,0.0,3.0,0.0,6.0,0.0,41.0,0.0,0.0,3.0,0.0,2.0,0.0,18.0,0.0,0.0
1764.0,3.0,0.0,0.0,0.0,0.0,0.0,0.0,0.0,2.0,1.0,0.0,0.0,22.0,0.0,0.0,3.0,0.0,1.0,0.0,49.0,0.0,0.0,3.0,0.0,4.0,2.0,41.0,0.0,0.0,3.0,0.0,2.0,0.0,18.0,0.0,0.0
1768.0,3.0,0.0,0.0,0.0,0.0,0.0,0.0,0.0,3.0,0.0,1.0,0.0,22.0,0.0,0.0,3.0,0.0,1.0,0.0,49.0,0.0,0.0,3.0,0.0,5.0,1.0,42.0,0.0,0.0,3.0,0.0,2.0,0.0,18.0,0.0,0.0
1772.0,3.0,0.0,0.0,0.0,0.0,0.0,0.0,0.0,3.0,0.0,1.0,0.0,22.0,0.0,0.0,3.0,0.0,1.0,0.0,49.0,0.0,0.0,3.0,0.0,6.0,0.0,43.0,0.0,0.0,3.0,0.0,1.0,1.0,18.0,0.0,0.0
1776.0,3.0,0.0,0.0,0.0,0.0,0.0,0.0,0.0,3.0,0.0,1.0,0.0,22.0,0.0,0.0,3.0,0.0,0.0,0.0,49.0,0.0,0.0,3.0,0.0,7.0,0.0,43.0,0.0,0.0,3.0,0.0,2.0,0.0,19.0,0.0,0.0
1780.0,3.0,0.0,0.0,0.0,0.0,0.0,0.0,0.0,3.0,0.0,1.0,0.0,22.0,0.0,0.0,3.0,0.0,0.0,0.0,49.0,0.0,0.0,3.0,0.0,6.0,1.0,43.0,0.0,0.0,3.0,0.0,1.0,1.0,19.0,0.0,0.0
1784.0,3.0,0.0,0.0,0.0,0.0,0.0,0.0,0.0,3.0,0.0,1.0,0.0,22.0,0.0,0.0,3.0,0.0,0.0,0.0,49.0,0.0,0.0,3.0,0.0,6.0,0.0,45.0,0.0,0.0,3.0,0.0,2.0,0.0,20.0,0.0,0.0
1788.0,3.0,0.0,0.0,0.0,0.0,0.0,0.0,0.0,3.0,0.0,1.0,0.0,22.0,0.0,0.0,3.0,0.0,0.0,0.0,49.0,0.0,0.0,3.0,0.0,3.0,3.0,45.0,0.0,0.0,3.0,0.0,1.0,1.0,20.0,0.0,0.0
1792.0,3.0,0.0,0.0,0.0,0.0,0.0,0.0,0.0,3.0,0.0,1.0,0.0,22.0,0.0,0.0,3.0,0.0,0.0,0.0,49.0,0.0,0.0,3.0,0.0,3.0,3.0,45.0,0.0,0.0,3.0,0.0,1.0,1.0,20.0,0.0,0.0
1796.0,3.0,0.0,0.0,0.0,0.0,0.0,0.0,0.0,3.0,0.0,1.0,0.0,22.0,0.0,0.0,2.0,1.0,0.0,0.0,49.0,0.0,0.0,3.0,0.0,3.0,3.0,45.0,0.0,0.0,3.0,0.0,1.0,1.0,20.0,0.0,0.0
1800.0,3.0,0.0,0.0,0.0,0.0,0.0,0.0,0.0,3.0,0.0,1.0,0.0,22.0,0.0,0.0,2.0,1.0,0.0,0.0,49.0,0.0,0.0,3.0,0.0,3.0,3.0,45.0,0.0,0.0,3.0,0.0,2.0,0.0,21.0,0.0,0.0
1804.0,3.0,0.0,0.0,0.0,0.0,0.0,0.0,0.0,3.0,0.0,0.0,1.0,22.0,0.0,0.0,2.0,1.0,0.0,0.0,49.0,0.0,0.0,3.0,0.0,4.0,2.0,46.0,0.0,0.0,3.0,0.0,2.0,0.0,21.0,0.0,0.0
1808.0,3.0,0.0,0.0,0.0,0.0,0.0,0.0,0.0,2.0,1.0,1.0,0.0,23.0,0.0,0.0,2.0,1.0,0.0,0.0,49.0,0.0,0.0,3.0,0.0,4.0,2.0,47.0,0.0,0.0,3.0,0.0,2.0,0.0,21.0,0.0,0.0
1812.0,3.0,0.0,0.0,0.0,0.0,0.0,0.0,0.0,2.0,1.0,1.0,0.0,23.0,0.0,0.0,2.0,1.0,0.0,0.0,49.0,0.0,0.0,3.0,0.0,4.0,2.0,47.0,0.0,0.0,3.0,0.0,2.0,0.0,21.0,0.0,0.0
1816.0,3.0,0.0,0.0,0.0,0.0,0.0,0.0,0.0,2.0,1.0,1.0,0.0,23.0,0.0,0.0,3.0,0.0,1.0,0.0,49.0,0.0,0.0,3.0,0.0,6.0,0.0,49.0,0.0,0.0,3.0,0.0,1.0,1.0,21.0,0.0,0.0
1820.0,3.0,0.0,0.0,0.0,0.0,0.0,0.0,0.0,2.0,1.0,1.0,0.0,23.0,0.0,0.0,3.0,0.0,1.0,0.0,49.0,0.0,0.0,3.0,0.0,6.0,0.0,50.0,0.0,0.0,3.0,0.0,1.0,1.0,21.0,0.0,0.0
1824.0,3.0,0.0,0.0,0.0,0.0,0.0,0.0,0.0,3.0,0.0,1.0,1.0,23.0,0.0,0.0,3.0,0.0,1.0,0.0,49.0,0.0,0.0,3.0,0.0,6.0,0.0,50.0,0.0,0.0,3.0,0.0,0.0,1.0,22.0,0.0,0.0
1828.0,3.0,0.0,0.0,0.0,0.0,0.0,0.0,0.0,3.0,0.0,1.0,1.0,23.0,0.0,0.0,3.0,0.0,0.0,1.0,49.0,0.0,0.0,3.0,0.0,6.0,0.0,50.0,0.0,0.0,3.0,0.0,0.0,1.0,22.0,0.0,0.0
1832.0,3.0,0.0,0.0,0.0,0.0,0.0,0.0,0.0,3.0,0.0,2.0,0.0,24.0,0.0,0.0,3.0,0.0,0.0,1.0,49.0,0.0,0.0,2.0,1.0,6.0,0.0,50.0,0.0,0.0,3.0,0.0,0.0,1.0,22.0,0.0,0.0
1836.0,3.0,0.0,0.0,0.0,0.0,0.0,0.0,0.0,3.0,0.0,2.0,0.0,24.0,0.0,0.0,3.0,0.0,0.0,1.0,49.0,0.0,0.0,2.0,1.0,6.0,0.0,50.0,0.0,0.0,3.0,0.0,1.0,0.0,23.0,0.0,0.0
1840.0,3.0,0.0,0.0,0.0,0.0,0.0,0.0,0.0,3.0,0.0,2.0,0.0,24.0,0.0,0.0,3.0,0.0,0.0,1.0,49.0,0.0,0.0,2.0,1.0,6.0,0.0,50.0,0.0,0.0,3.0,0.0,1.0,0.0,23.0,0.0,0.0
1844.0,3.0,0.0,0.0,0.0,0.0,0.0,0.0,0.0,3.0,0.0,2.0,0.0,24.0,0.0,0.0,3.0,0.0,0.0,1.0,49.0,0.0,0.0,2.0,1.0,6.0,0.0,50.0,0.0,0.0,3.0,0.0,1.0,0.0,23.0,0.0,0.0
1848.0,3.0,0.0,0.0,0.0,0.0,0.0,0.0,0.0,3.0,0.0,2.0,0.0,24.0,0.0,0.0,3.0,0.0,1.0,0.0,50.0,0.0,0.0,3.0,0.0,7.0,0.0,50.0,0.0,0.0,2.0,1.0,1.0,0.0,23.0,0.0,0.0
1852.0,3.0,0.0,0.0,0.0,0.0,0.0,0.0,0.0,3.0,0.0,2.0,0.0,24.0,0.0,0.0,3.0,0.0,1.0,0.0,50.0,0.0,0.0,3.0,0.0,7.0,0.0,50.0,0.0,0.0,2.0,1.0,1.0,0.0,23.0,0.0,0.0
1856.0,3.0,0.0,0.0,0.0,0.0,0.0,0.0,0.0,3.0,0.0,2.0,0.0,24.0,0.0,0.0,3.0,0.0,1.0,0.0,50.0,0.0,0.0,3.0,0.0,6.0,0.0,50.0,0.0,0.0,2.0,1.0,1.0,0.0,23.0,0.0,0.0
1860.0,3.0,0.0,0.0,0.0,0.0,0.0,0.0,0.0,3.0,0.0,1.0,1.0,24.0,0.0,0.0,3.0,0.0,1.0,0.0,50.0,0.0,0.0,3.0,0.0,4.0,0.0,50.0,0.0,0.0,2.0,1.0,1.0,0.0,23.0,0.0,0.0
1864.0,3.0,0.0,0.0,0.0,0.0,0.0,0.0,0.0,3.0,0.0,2.0,0.0,25.0,0.0,0.0,2.0,1.0,1.0,0.0,50.0,0.0,0.0,3.0,0.0,4.0,0.0,50.0,0.0,0.0,3.0,0.0,2.0,0.0,23.0,0.0,0.0
1868.0,3.0,0.0,0.0,0.0,0.0,0.0,0.0,0.0,3.0,0.0,2.0,0.0,25.0,0.0,0.0,2.0,1.0,1.0,0.0,50.0,0.0,0.0,3.0,0.0,4.0,0.0,50.0,0.0,0.0,3.0,0.0,2.0,0.0,23.0,0.0,0.0
1872.0,3.0,0.0,0.0,0.0,0.0,0.0,0.0,0.0,3.0,0.0,2.0,0.0,25.0,0.0,0.0,3.0,0.0,2.0,0.0,50.0,0.0,0.0,2.0,1.0,3.0,1.0,50.0,0.0,0.0,3.0,0.0,2.0,0.0,23.0,0.0,0.0
1876.0,3.0,0.0,0.0,0.0,0.0,0.0,0.0,0.0,3.0,0.0,2.0,0.0,25.0,0.0,0.0,3.0,0.0,2.0,0.0,50.0,0.0,0.0,2.0,1.0,4.0,0.0,51.0,0.0,0.0,3.0,0.0,2.0,0.0,24.0,0.0,0.0
1880.0,3.0,0.0,0.0,0.0,0.0,0.0,0.0,0.0,3.0,0.0,2.0,0.0,25.0,0.0,0.0,3.0,0.0,1.0,0.0,50.0,0.0,0.0,3.0,0.0,5.0,0.0,51.0,0.0,0.0,3.0,0.0,2.0,0.0,24.0,0.0,0.0
1884.0,3.0,0.0,0.0,0.0,0.0,0.0,0.0,0.0,3.0,0.0,2.0,0.0,25.0,0.0,0.0,3.0,0.0,1.0,0.0,50.0,0.0,0.0,3.0,0.0,5.0,0.0,51.0,0.0,0.0,3.0,0.0,2.0,0.0,24.0,0.0,0.0
1888.0,3.0,0.0,0.0,0.0,0.0,0.0,0.0,0.0,3.0,0.0,2.0,0.0,25.0,0.0,0.0,3.0,0.0,1.0,0.0,50.0,0.0,0.0,3.0,0.0,5.0,0.0,52.0,0.0,0.0,3.0,0.0,1.0,0.0,24.0,0.0,0.0
1892.0,3.0,0.0,0.0,0.0,0.0,0.0,0.0,0.0,3.0,0.0,2.0,0.0,25.0,0.0,0.0,3.0,0.0,1.0,0.0,50.0,0.0,0.0,2.0,1.0,5.0,0.0,52.0,0.0,0.0,3.0,0.0,1.0,0.0,24.0,0.0,0.0
1896.0,3.0,0.0,0.0,0.0,0.0,0.0,0.0,0.0,3.0,0.0,2.0,0.0,25.0,0.0,0.0,3.0,0.0,1.0,0.0,50.0,0.0,0.0,2.0,1.0,5.0,0.0,52.0,0.0,0.0,3.0,0.0,1.0,0.0,24.0,0.0,0.0
1900.0,3.0,0.0,0.0,0.0,0.0,0.0,0.0,0.0,3.0,0.0,2.0,0.0,25.0,0.0,0.0,3.0,0.0,1.0,0.0,50.0,0.0,0.0,2.0,1.0,4.0,1.0,52.0,0.0,0.0,3.0,0.0,1.0,0.0,24.0,0.0,0.0
1904.0,3.0,0.0,0.0,0.0,0.0,0.0,0.0,0.0,3.0,0.0,2.0,0.0,25.0,0.0,0.0,3.0,0.0,1.0,0.0,50.0,0.0,0.0,2.0,1.0,4.0,1.0,52.0,0.0,0.0,3.0,0.0,1.0,0.0,24.0,0.0,0.0
1908.0,4.0,0.0,0.0,0.0,0.0,0.0,0.0,0.0,4.0,0.0,2.0,0.0,25.0,0.0,0.0,4.0,0.0,1.0,0.0,50.0,0.0,0.0,3.0,1.0,4.0,1.0,52.0,0.0,0.0,4.0,0.0,1.0,0.0,24.0,0.0,0.0
1912.0,4.0,0.0,0.0,0.0,0.0,0.0,0.0,0.0,4.0,0.0,2.0,0.0,25.0,0.0,0.0,4.0,0.0,1.0,0.0,50.0,0.0,0.0,3.0,1.0,4.0,1.0,52.0,0.0,0.0,4.0,0.0,1.0,1.0,24.0,0.0,0.0
1916.0,4.0,0.0,0.0,0.0,0.0,0.0,0.0,0.0,4.0,0.0,2.0,0.0,25.0,0.0,0.0,4.0,0.0,1.0,0.0,50.0,0.0,0.0,3.0,1.0,4.0,1.0,52.0,0.0,0.0,4.0,0.0,1.0,1.0,24.0,0.0,0.0
1920.0,4.0,0.0,0.0,0.0,0.0,0.0,0.0,0.0,4.0,0.0,2.0,0.0,25.0,0.0,0.0,4.0,0.0,1.0,0.0,50.0,0.0,0.0,3.0,1.0,4.0,1.0,52.0,0.0,0.0,4.0,0.0,1.0,1.0,24.0,0.0,0.0
1924.0,4.0,0.0,0.0,0.0,0.0,0.0,0.0,0.0,4.0,0.0,2.0,0.0,25.0,0.0,0.0,4.0,0.0,1.0,0.0,50.0,0.0,0.0,3.0,1.0,2.0,3.0,52.0,0.0,0.0,4.0,0.0,1.0,1.0,24.0,0.0,0.0
1928.0,4.0,0.0,0.0,0.0,0.0,0.0,0.0,0.0,4.0,0.0,1.0,1.0,25.0,0.0,0.0,4.0,0.0,1.0,0.0,50.0,0.0,0.0,3.0,1.0,3.0,2.0,53.0,0.0,0.0,4.0,0.0,1.0,1.0,24.0,0.0,0.0
1932.0,4.0,0.0,0.0,0.0,0.0,0.0,0.0,0.0,4.0,0.0,1.0,1.0,25.0,0.0,0.0,4.0,0.0,1.0,0.0,50.0,0.0,0.0,3.0,1.0,3.0,2.0,53.0,0.0,0.0,4.0,0.0,1.0,1.0,24.0,0.0,0.0
1936.0,4.0,0.0,0.0,0.0,0.0,0.0,0.0,0.0,4.0,0.0,1.0,1.0,25.0,0.0,0.0,4.0,0.0,1.0,0.0,50.0,0.0,0.0,3.0,1.0,3.0,2.0,53.0,0.0,0.0,4.0,0.0,1.0,1.0,24.0,0.0,0.0
1940.0,4.0,0.0,0.0,0.0,0.0,0.0,0.0,0.0,4.0,0.0,1.0,1.0,25.0,0.0,0.0,4.0,0.0,1.0,0.0,50.0,0.0,0.0,3.0,1.0,4.0,1.0,54.0,0.0,0.0,4.0,0.0,1.0,1.0,24.0,0.0,0.0
1944.0,4.0,0.0,0.0,0.0,0.0,0.0,0.0,0.0,4.0,0.0,1.0,1.0,25.0,0.0,0.0,4.0,0.0,2.0,0.0,50.0,0.0,0.0,3.0,1.0,4.0,1.0,54.0,0.0,0.0,4.0,0.0,1.0,1.0,24.0,0.0,0.0
1948.0,4.0,0.0,0.0,0.0,0.0,0.0,0.0,0.0,4.0,0.0,2.0,0.0,26.0,0.0,0.0,4.0,0.0,2.0,0.0,50.0,0.0,0.0,3.0,1.0,5.0,0.0,55.0,0.0,0.0,4.0,0.0,1.0,1.0,24.0,0.0,0.0
1952.0,4.0,0.0,0.0,0.0,0.0,0.0,0.0,0.0,4.0,0.0,2.0,0.0,26.0,0.0,0.0,4.0,0.0,2.0,0.0,50.0,0.0,0.0,3.0,1.0,4.0,1.0,55.0,0.0,0.0,4.0,0.0,0.0,2.0,24.0,0.0,0.0
1956.0,4.0,0.0,0.0,0.0,0.0,0.0,0.0,0.0,4.0,0.0,1.0,1.0,26.0,0.0,0.0,4.0,0.0,2.0,0.0,50.0,0.0,0.0,3.0,1.0,3.0,2.0,55.0,0.0,0.0,4.0,0.0,0.0,2.0,24.0,0.0,0.0
1960.0,4.0,0.0,0.0,0.0,0.0,0.0,0.0,0.0,4.0,0.0,1.0,1.0,26.0,0.0,0.0,4.0,0.0,2.0,0.0,50.0,0.0,0.0,3.0,1.0,4.0,1.0,56.0,0.0,0.0,4.0,0.0,0.0,2.0,24.0,0.0,0.0
1964.0,4.0,0.0,0.0,0.0,0.0,0.0,0.0,0.0,4.0,0.0,1.0,1.0,26.0,0.0,0.0,4.0,0.0,2.0,0.0,50.0,0.0,0.0,3.0,1.0,4.0,1.0,56.0,0.0,0.0,4.0,0.0,1.0,1.0,25.0,0.0,0.0
1968.0,4.0,0.0,0.0,0.0,0.0,0.0,0.0,0.0,4.0,0.0,2.0,0.0,27.0,0.0,0.0,4.0,0.0,2.0,0.0,50.0,0.0,0.0,3.0,1.0,4.0,1.0,56.0,0.0,0.0,4.0,0.0,2.0,0.0,26.0,0.0,0.0
1972.0,4.0,0.0,0.0,0.0,0.0,0.0,0.0,0.0,4.0,0.0,2.0,0.0,27.0,0.0,0.0,4.0,0.0,2.0,0.0,50.0,0.0,0.0,3.0,1.0,5.0,0.0,57.0,0.0,0.0,4.0,0.0,2.0,0.0,26.0,0.0,0.0
1976.0,4.0,0.0,0.0,0.0,0.0,0.0,0.0,0.0,4.0,0.0,2.0,0.0,27.0,0.0,0.0,4.0,0.0,2.0,0.0,50.0,0.0,0.0,3.0,1.0,5.0,0.0,57.0,0.0,0.0,4.0,0.0,2.0,0.0,26.0,0.0,0.0
1980.0,4.0,0.0,0.0,0.0,0.0,0.0,0.0,0.0,4.0,0.0,2.0,0.0,27.0,0.0,0.0,4.0,0.0,2.0,0.0,50.0,0.0,0.0,3.0,1.0,5.0,0.0,58.0,0.0,0.0,4.0,0.0,2.0,0.0,26.0,0.0,0.0
1984.0,4.0,0.0,0.0,0.0,0.0,0.0,0.0,0.0,4.0,0.0,2.0,0.0,27.0,0.0,0.0,4.0,0.0,2.0,0.0,50.0,0.0,0.0,4.0,0.0,6.0,0.0,58.0,0.0,0.0,4.0,0.0,2.0,0.0,26.0,0.0,0.0
1988.0,4.0,0.0,0.0,0.0,0.0,0.0,0.0,0.0,3.0,1.0,2.0,0.0,27.0,0.0,0.0,4.0,0.0,2.0,0.0,50.0,0.0,0.0,4.0,0.0,6.0,0.0,58.0,0.0,0.0,4.0,0.0,1.0,1.0,26.0,0.0,0.0
1992.0,5.0,0.0,0.0,0.0,0.0,0.0,0.0,0.0,5.0,0.0,3.0,0.0,27.0,0.0,0.0,5.0,0.0,2.0,0.0,50.0,0.0,0.0,5.0,0.0,6.0,0.0,58.0,0.0,0.0,5.0,0.0,1.0,1.0,26.0,0.0,0.0
1996.0,5.0,0.0,0.0,0.0,0.0,0.0,0.0,0.0,5.0,0.0,2.0,1.0,27.0,0.0,0.0,5.0,0.0,2.0,0.0,50.0,0.0,0.0,5.0,0.0,6.0,0.0,58.0,0.0,0.0,5.0,0.0,1.0,1.0,26.0,0.0,0.0
2000.0,5.0,0.0,0.0,0.0,0.0,0.0,0.0,0.0,5.0,0.0,2.0,1.0,27.0,0.0,0.0,5.0,0.0,2.0,0.0,50.0,0.0,0.0,5.0,0.0,5.0,1.0,58.0,0.0,0.0,5.0,0.0,2.0,0.0,27.0,0.0,0.0
2004.0,5.0,0.0,0.0,0.0,0.0,0.0,0.0,0.0,5.0,0.0,2.0,1.0,27.0,0.0,0.0,5.0,0.0,2.0,0.0,50.0,0.0,0.0,5.0,0.0,6.0,0.0,59.0,0.0,0.0,5.0,0.0,2.0,0.0,27.0,0.0,0.0
2008.0,5.0,0.0,0.0,0.0,0.0,0.0,0.0,0.0,5.0,0.0,2.0,1.0,27.0,0.0,0.0,5.0,0.0,2.0,0.0,50.0,0.0,0.0,5.0,0.0,5.0,1.0,59.0,0.0,0.0,5.0,0.0,2.0,0.0,27.0,0.0,0.0
2012.0,5.0,0.0,0.0,0.0,0.0,0.0,0.0,0.0,5.0,0.0,2.0,1.0,27.0,0.0,0.0,5.0,0.0,2.0,0.0,50.0,0.0,0.0,5.0,0.0,3.0,1.0,59.0,0.0,0.0,5.0,0.0,2.0,0.0,27.0,0.0,0.0
2016.0,5.0,0.0,0.0,0.0,0.0,0.0,0.0,0.0,5.0,0.0,3.0,0.0,28.0,0.0,0.0,5.0,0.0,2.0,0.0,50.0,0.0,0.0,5.0,0.0,4.0,0.0,60.0,0.0,0.0,5.0,0.0,2.0,0.0,27.0,0.0,0.0
2020.0,5.0,0.0,0.0,0.0,0.0,0.0,0.0,0.0,4.0,1.0,2.0,0.0,28.0,0.0,0.0,5.0,0.0,2.0,0.0,50.0,0.0,0.0,5.0,0.0,4.0,0.0,61.0,0.0,0.0,5.0,0.0,2.0,0.0,27.0,0.0,0.0
2024.0,5.0,0.0,0.0,0.0,0.0,0.0,0.0,0.0,4.0,1.0,2.0,0.0,28.0,0.0,0.0,5.0,0.0,2.0,0.0,50.0,0.0,0.0,4.0,1.0,4.0,0.0,61.0,0.0,0.0,5.0,0.0,2.0,0.0,27.0,0.0,0.0
2028.0,5.0,0.0,0.0,0.0,0.0,0.0,0.0,0.0,4.0,1.0,1.0,1.0,28.0,0.0,0.0,5.0,0.0,3.0,0.0,50.0,0.0,0.0,4.0,1.0,4.0,0.0,61.0,0.0,0.0,5.0,0.0,2.0,0.0,27.0,0.0,0.0
2032.0,5.0,0.0,0.0,0.0,0.0,0.0,0.0,0.0,4.0,1.0,1.0,1.0,28.0,0.0,0.0,5.0,0.0,3.0,0.0,50.0,0.0,0.0,4.0,1.0,4.0,0.0,61.0,0.0,0.0,5.0,0.0,1.0,1.0,27.0,0.0,0.0
2036.0,5.0,0.0,0.0,0.0,0.0,0.0,0.0,0.0,4.0,1.0,2.0,0.0,29.0,0.0,0.0,4.0,1.0,3.0,0.0,50.0,0.0,0.0,4.0,1.0,4.0,0.0,61.0,0.0,0.0,5.0,0.0,2.0,0.0,28.0,0.0,0.0
2040.0,5.0,0.0,0.0,0.0,0.0,0.0,0.0,0.0,4.0,1.0,2.0,0.0,29.0,0.0,0.0,5.0,0.0,3.0,1.0,50.0,0.0,0.0,4.0,1.0,4.0,0.0,61.0,0.0,0.0,5.0,0.0,2.0,0.0,28.0,0.0,0.0
2044.0,5.0,0.0,0.0,0.0,0.0,0.0,0.0,0.0,5.0,0.0,3.0,0.0,29.0,0.0,0.0,5.0,0.0,2.0,2.0,50.0,0.0,0.0,4.0,1.0,4.0,0.0,61.0,0.0,0.0,5.0,0.0,2.0,0.0,28.0,0.0,0.0
2048.0,5.0,0.0,0.0,0.0,0.0,0.0,0.0,0.0,5.0,0.0,2.0,0.0,29.0,0.0,0.0,5.0,0.0,3.0,1.0,51.0,0.0,0.0,4.0,1.0,4.0,0.0,61.0,0.0,0.0,5.0,0.0,2.0,0.0,28.0,0.0,0.0
2052.0,5.0,0.0,0.0,0.0,0.0,0.0,0.0,0.0,5.0,0.0,2.0,0.0,29.0,0.0,0.0,5.0,0.0,3.0,1.0,51.0,0.0,0.0,4.0,1.0,4.0,0.0,61.0,0.0,0.0,5.0,0.0,2.0,0.0,28.0,0.0,0.0
2056.0,5.0,0.0,0.0,0.0,0.0,0.0,0.0,0.0,5.0,0.0,2.0,0.0,29.0,0.0,0.0,5.0,0.0,3.0,1.0,51.0,0.0,0.0,5.0,0.0,5.0,0.0,61.0,0.0,0.0,5.0,0.0,0.0,0.0,28.0,0.0,0.0
2060.0,5.0,0.0,0.0,0.0,0.0,0.0,0.0,0.0,5.0,0.0,2.0,0.0,29.0,0.0,0.0,5.0,0.0,3.0,1.0,51.0,0.0,0.0,5.0,0.0,5.0,0.0,61.0,0.0,0.0,5.0,0.0,0.0,0.0,28.0,0.0,0.0
2064.0,5.0,0.0,0.0,0.0,0.0,0.0,0.0,0.0,5.0,0.0,2.0,0.0,29.0,0.0,0.0,5.0,0.0,3.0,1.0,51.0,0.0,0.0,5.0,0.0,5.0,0.0,61.0,0.0,0.0,5.0,0.0,0.0,0.0,28.0,0.0,0.0
2068.0,5.0,0.0,0.0,0.0,0.0,0.0,0.0,0.0,5.0,0.0,2.0,0.0,29.0,0.0,0.0,5.0,0.0,3.0,1.0,51.0,0.0,0.0,5.0,0.0,5.0,0.0,61.0,0.0,0.0,5.0,0.0,0.0,0.0,28.0,0.0,0.0
2072.0,5.0,0.0,0.0,0.0,0.0,0.0,0.0,0.0,5.0,0.0,1.0,1.0,29.0,0.0,0.0,5.0,0.0,4.0,0.0,53.0,0.0,0.0,5.0,0.0,5.0,0.0,61.0,0.0,0.0,5.0,0.0,0.0,0.0,28.0,0.0,0.0
2076.0,5.0,0.0,0.0,0.0,0.0,0.0,0.0,0.0,5.0,0.0,2.0,0.0,30.0,0.0,0.0,5.0,0.0,4.0,0.0,53.0,0.0,0.0,5.0,0.0,4.0,1.0,61.0,0.0,0.0,5.0,0.0,0.0,0.0,28.0,0.0,0.0
2080.0,5.0,0.0,0.0,0.0,0.0,0.0,0.0,0.0,5.0,0.0,2.0,0.0,30.0,0.0,0.0,5.0,0.0,4.0,0.0,53.0,0.0,0.0,5.0,0.0,5.0,0.0,62.0,0.0,0.0,5.0,0.0,0.0,0.0,28.0,0.0,0.0
2084.0,5.0,0.0,0.0,0.0,0.0,0.0,0.0,0.0,5.0,0.0,2.0,0.0,30.0,0.0,0.0,5.0,0.0,4.0,0.0,53.0,0.0,0.0,5.0,0.0,4.0,1.0,62.0,0.0,0.0,5.0,0.0,0.0,0.0,28.0,0.0,0.0
2088.0,5.0,0.0,0.0,0.0,0.0,0.0,0.0,0.0,5.0,0.0,2.0,0.0,30.0,0.0,0.0,5.0,0.0,4.0,0.0,53.0,0.0,0.0,5.0,0.0,3.0,2.0,62.0,0.0,0.0,5.0,0.0,0.0,0.0,28.0,0.0,0.0
2092.0,5.0,0.0,0.0,0.0,0.0,0.0,0.0,0.0,5.0,0.0,2.0,0.0,30.0,0.0,0.0,5.0,0.0,2.0,1.0,53.0,0.0,0.0,5.0,0.0,5.0,0.0,64.0,0.0,0.0,5.0,0.0,0.0,0.0,28.0,0.0,0.0
2096.0,5.0,0.0,0.0,0.0,0.0,0.0,0.0,0.0,5.0,0.0,2.0,0.0,30.0,0.0,0.0,5.0,0.0,2.0,1.0,54.0,0.0,0.0,5.0,0.0,5.0,0.0,64.0,0.0,0.0,5.0,0.0,0.0,0.0,28.0,0.0,0.0
2100.0,5.0,0.0,0.0,0.0,0.0,0.0,0.0,0.0,5.0,0.0,2.0,0.0,30.0,0.0,0.0,5.0,0.0,2.0,1.0,54.0,0.0,0.0,5.0,0.0,5.0,0.0,64.0,0.0,0.0,5.0,0.0,0.0,0.0,28.0,0.0,0.0
2104.0,5.0,0.0,0.0,0.0,0.0,0.0,0.0,0.0,5.0,0.0,2.0,0.0,30.0,0.0,0.0,5.0,0.0,3.0,0.0,55.0,0.0,0.0,5.0,0.0,5.0,0.0,64.0,0.0,0.0,5.0,0.0,0.0,0.0,28.0,0.0,0.0
2108.0,5.0,0.0,0.0,0.0,0.0,0.0,0.0,0.0,5.0,0.0,1.0,1.0,30.0,0.0,0.0,5.0,0.0,3.0,0.0,55.0,0.0,0.0,5.0,0.0,4.0,0.0,64.0,0.0,0.0,5.0,0.0,0.0,0.0,28.0,0.0,0.0
2112.0,5.0,0.0,0.0,0.0,0.0,0.0,0.0,0.0,4.0,1.0,1.0,1.0,30.0,0.0,0.0,5.0,0.0,2.0,1.0,55.0,0.0,0.0,5.0,0.0,4.0,0.0,64.0,0.0,0.0,5.0,0.0,0.0,0.0,28.0,0.0,0.0
2116.0,5.0,0.0,0.0,0.0,0.0,0.0,0.0,0.0,4.0,1.0,2.0,0.0,31.0,0.0,0.0,5.0,0.0,2.0,1.0,56.0,0.0,0.0,5.0,0.0,4.0,0.0,64.0,0.0,0.0,5.0,0.0,0.0,0.0,28.0,0.0,0.0
2120.0,5.0,0.0,0.0,0.0,0.0,0.0,0.0,0.0,5.0,0.0,2.0,0.0,31.0,0.0,0.0,5.0,0.0,1.0,2.0,56.0,0.0,0.0,5.0,0.0,4.0,0.0,64.0,0.0,0.0,5.0,0.0,0.0,0.0,28.0,0.0,0.0
2124.0,5.0,0.0,0.0,0.0,0.0,0.0,0.0,0.0,5.0,0.0,2.0,0.0,31.0,0.0,0.0,5.0,0.0,3.0,0.0,58.0,0.0,0.0,5.0,0.0,4.0,0.0,65.0,0.0,0.0,5.0,0.0,0.0,0.0,28.0,0.0,0.0
2128.0,5.0,0.0,0.0,0.0,0.0,0.0,0.0,0.0,5.0,0.0,2.0,0.0,31.0,0.0,0.0,5.0,0.0,2.0,1.0,59.0,0.0,0.0,5.0,0.0,4.0,0.0,65.0,0.0,0.0,5.0,0.0,0.0,0.0,28.0,0.0,0.0
2132.0,5.0,0.0,0.0,0.0,0.0,0.0,0.0,0.0,5.0,0.0,2.0,0.0,31.0,0.0,0.0,5.0,0.0,2.0,1.0,60.0,0.0,0.0,5.0,0.0,4.0,0.0,65.0,0.0,0.0,5.0,0.0,0.0,0.0,28.0,0.0,0.0
2136.0,5.0,0.0,0.0,0.0,0.0,0.0,0.0,0.0,4.0,1.0,2.0,0.0,31.0,0.0,0.0,5.0,0.0,2.0,1.0,60.0,0.0,0.0,5.0,0.0,3.0,1.0,65.0,0.0,0.0,5.0,0.0,0.0,0.0,28.0,0.0,0.0
2140.0,5.0,0.0,0.0,0.0,0.0,0.0,0.0,0.0,5.0,0.0,3.0,0.0,31.0,0.0,0.0,5.0,0.0,3.0,0.0,61.0,0.0,0.0,5.0,0.0,4.0,0.0,66.0,0.0,0.0,5.0,0.0,0.0,0.0,28.0,0.0,0.0
2144.0,5.0,0.0,0.0,0.0,0.0,0.0,0.0,0.0,5.0,0.0,3.0,0.0,31.0,0.0,0.0,5.0,0.0,2.0,0.0,61.0,0.0,0.0,5.0,0.0,3.0,1.0,66.0,0.0,0.0,5.0,0.0,0.0,0.0,28.0,0.0,0.0
2148.0,5.0,0.0,0.0,0.0,0.0,0.0,0.0,0.0,5.0,0.0,3.0,0.0,31.0,0.0,0.0,5.0,0.0,2.0,0.0,61.0,0.0,0.0,5.0,0.0,3.0,0.0,67.0,0.0,0.0,5.0,0.0,0.0,0.0,28.0,0.0,0.0
2152.0,5.0,0.0,0.0,0.0,0.0,0.0,0.0,0.0,5.0,0.0,3.0,0.0,31.0,0.0,0.0,5.0,0.0,2.0,0.0,61.0,0.0,0.0,5.0,0.0,1.0,2.0,67.0,0.0,0.0,5.0,0.0,0.0,0.0,28.0,0.0,0.0
2156.0,5.0,0.0,0.0,0.0,0.0,0.0,0.0,0.0,5.0,0.0,3.0,0.0,31.0,0.0,0.0,5.0,0.0,2.0,0.0,61.0,0.0,0.0,5.0,0.0,1.0,2.0,67.0,0.0,0.0,5.0,0.0,0.0,0.0,28.0,0.0,0.0
2160.0,5.0,0.0,0.0,0.0,0.0,0.0,0.0,0.0,5.0,0.0,4.0,0.0,31.0,0.0,0.0,5.0,0.0,2.0,0.0,61.0,0.0,0.0,5.0,0.0,1.0,2.0,67.0,0.0,0.0,5.0,0.0,0.0,0.0,28.0,0.0,0.0
2164.0,5.0,0.0,0.0,0.0,0.0,0.0,0.0,0.0,5.0,0.0,3.0,1.0,31.0,0.0,0.0,5.0,0.0,2.0,0.0,61.0,0.0,0.0,5.0,0.0,2.0,1.0,68.0,0.0,0.0,5.0,0.0,0.0,0.0,28.0,0.0,0.0
2168.0,5.0,0.0,0.0,0.0,0.0,0.0,0.0,0.0,5.0,0.0,3.0,1.0,31.0,0.0,0.0,5.0,0.0,2.0,0.0,61.0,0.0,0.0,5.0,0.0,2.0,1.0,68.0,0.0,0.0,5.0,0.0,0.0,0.0,28.0,0.0,0.0
2172.0,5.0,0.0,0.0,0.0,0.0,0.0,0.0,0.0,5.0,0.0,3.0,1.0,31.0,0.0,0.0,5.0,0.0,1.0,0.0,61.0,0.0,0.0,5.0,0.0,3.0,0.0,69.0,0.0,0.0,5.0,0.0,0.0,0.0,28.0,0.0,0.0
2176.0,5.0,0.0,0.0,0.0,0.0,0.0,0.0,0.0,5.0,0.0,3.0,1.0,31.0,0.0,0.0,5.0,0.0,1.0,0.0,61.0,0.0,0.0,5.0,0.0,3.0,0.0,69.0,0.0,0.0,5.0,0.0,0.0,0.0,28.0,0.0,0.0
2180.0,5.0,0.0,0.0,0.0,0.0,0.0,0.0,0.0,5.0,0.0,3.0,1.0,32.0,0.0,0.0,5.0,0.0,1.0,0.0,61.0,0.0,0.0,5.0,0.0,3.0,0.0,69.0,0.0,0.0,5.0,0.0,0.0,0.0,28.0,0.0,0.0
2184.0,6.0,0.0,0.0,0.0,0.0,0.0,0.0,0.0,6.0,0.0,3.0,1.0,32.0,0.0,0.0,6.0,0.0,1.0,0.0,61.0,0.0,0.0,5.0,1.0,3.0,0.0,69.0,0.0,0.0,6.0,0.0,0.0,0.0,28.0,0.0,0.0
2188.0,6.0,0.0,0.0,0.0,0.0,0.0,0.0,0.0,6.0,0.0,3.0,1.0,32.0,0.0,0.0,6.0,0.0,1.0,0.0,61.0,0.0,0.0,6.0,0.0,3.0,1.0,69.0,0.0,0.0,6.0,0.0,0.0,0.0,28.0,0.0,0.0
2192.0,6.0,0.0,0.0,0.0,0.0,0.0,0.0,0.0,6.0,0.0,3.0,1.0,32.0,0.0,0.0,6.0,0.0,1.0,0.0,61.0,0.0,0.0,6.0,0.0,3.0,1.0,69.0,0.0,0.0,6.0,0.0,0.0,0.0,28.0,0.0,0.0
2196.0,6.0,0.0,0.0,0.0,0.0,0.0,0.0,0.0,6.0,0.0,3.0,1.0,32.0,0.0,0.0,6.0,0.0,1.0,0.0,61.0,0.0,0.0,6.0,0.0,3.0,1.0,69.0,0.0,0.0,6.0,0.0,0.0,0.0,28.0,0.0,0.0
2200.0,6.0,0.0,0.0,0.0,0.0,0.0,0.0,0.0,6.0,0.0,3.0,1.0,32.0,0.0,0.0,6.0,0.0,1.0,0.0,61.0,0.0,0.0,6.0,0.0,3.0,1.0,69.0,0.0,0.0,6.0,0.0,0.0,0.0,28.0,0.0,0.0
2204.0,6.0,0.0,0.0,0.0,0.0,0.0,0.0,0.0,6.0,0.0,2.0,1.0,32.0,0.0,0.0,6.0,0.0,1.0,0.0,61.0,0.0,0.0,6.0,0.0,2.0,1.0,69.0,0.0,0.0,6.0,0.0,0.0,0.0,28.0,0.0,0.0
2208.0,6.0,0.0,0.0,0.0,0.0,0.0,0.0,0.0,6.0,0.0,2.0,1.0,32.0,0.0,0.0,6.0,0.0,1.0,0.0,61.0,0.0,0.0,6.0,0.0,3.0,1.0,69.0,0.0,0.0,6.0,0.0,0.0,0.0,28.0,0.0,0.0
2212.0,6.0,0.0,0.0,0.0,0.0,0.0,0.0,0.0,6.0,0.0,2.0,1.0,32.0,0.0,0.0,6.0,0.0,0.0,0.0,61.0,0.0,0.0,6.0,0.0,4.0,0.0,70.0,0.0,0.0,6.0,0.0,0.0,0.0,28.0,0.0,0.0
2216.0,6.0,0.0,0.0,0.0,0.0,0.0,0.0,0.0,6.0,0.0,2.0,1.0,33.0,0.0,0.0,6.0,0.0,0.0,0.0,61.0,0.0,0.0,6.0,0.0,4.0,0.0,70.0,0.0,0.0,6.0,0.0,0.0,0.0,28.0,0.0,0.0
2220.0,6.0,0.0,0.0,0.0,0.0,0.0,0.0,0.0,6.0,0.0,2.0,1.0,33.0,0.0,0.0,6.0,0.0,0.0,0.0,61.0,0.0,0.0,6.0,0.0,4.0,1.0,70.0,0.0,0.0,6.0,0.0,0.0,0.0,28.0,0.0,0.0
2224.0,6.0,0.0,0.0,0.0,0.0,0.0,0.0,0.0,6.0,0.0,1.0,2.0,33.0,0.0,0.0,6.0,0.0,0.0,0.0,61.0,0.0,0.0,6.0,0.0,4.0,1.0,70.0,0.0,0.0,6.0,0.0,0.0,0.0,28.0,0.0,0.0
2228.0,6.0,0.0,0.0,0.0,0.0,0.0,0.0,0.0,6.0,0.0,2.0,1.0,34.0,0.0,0.0,6.0,0.0,0.0,0.0,61.0,0.0,0.0,6.0,0.0,4.0,1.0,70.0,0.0,0.0,6.0,0.0,0.0,0.0,28.0,0.0,0.0
2232.0,6.0,0.0,0.0,0.0,0.0,0.0,0.0,0.0,6.0,0.0,2.0,1.0,34.0,0.0,0.0,6.0,0.0,0.0,0.0,61.0,0.0,0.0,6.0,0.0,5.0,0.0,71.0,0.0,0.0,6.0,0.0,0.0,0.0,28.0,0.0,0.0
2236.0,6.0,0.0,0.0,0.0,0.0,0.0,0.0,0.0,6.0,0.0,3.0,0.0,35.0,0.0,0.0,6.0,0.0,0.0,0.0,61.0,0.0,0.0,6.0,0.0,5.0,0.0,71.0,0.0,0.0,5.0,1.0,0.0,0.0,28.0,0.0,0.0
2240.0,6.0,0.0,0.0,0.0,0.0,0.0,0.0,0.0,6.0,0.0,3.0,0.0,35.0,0.0,0.0,6.0,0.0,0.0,0.0,61.0,0.0,0.0,5.0,1.0,5.0,0.0,71.0,0.0,0.0,5.0,1.0,0.0,0.0,28.0,0.0,0.0
2244.0,6.0,0.0,0.0,0.0,0.0,0.0,0.0,0.0,6.0,0.0,2.0,1.0,35.0,0.0,0.0,6.0,0.0,0.0,0.0,61.0,0.0,0.0,6.0,0.0,6.0,0.0,71.0,0.0,0.0,5.0,1.0,0.0,0.0,28.0,0.0,0.0
2248.0,6.0,0.0,0.0,0.0,0.0,0.0,0.0,0.0,6.0,0.0,2.0,1.0,35.0,0.0,0.0,5.0,1.0,0.0,0.0,61.0,0.0,0.0,6.0,0.0,6.0,0.0,71.0,0.0,0.0,5.0,1.0,1.0,0.0,28.0,0.0,0.0
2252.0,6.0,0.0,0.0,0.0,0.0,0.0,0.0,0.0,6.0,0.0,2.0,1.0,35.0,0.0,0.0,6.0,0.0,1.0,0.0,61.0,0.0,0.0,6.0,0.0,5.0,0.0,71.0,0.0,0.0,5.0,1.0,1.0,0.0,28.0,0.0,0.0
2256.0,6.0,0.0,0.0,0.0,0.0,0.0,0.0,0.0,6.0,0.0,2.0,1.0,35.0,0.0,0.0,6.0,0.0,0.0,0.0,61.0,0.0,0.0,6.0,0.0,3.0,2.0,71.0,0.0,0.0,5.0,1.0,1.0,0.0,28.0,0.0,0.0
2260.0,6.0,0.0,0.0,0.0,0.0,0.0,0.0,0.0,6.0,0.0,2.0,1.0,35.0,0.0,0.0,6.0,0.0,0.0,0.0,61.0,0.0,0.0,6.0,0.0,4.0,1.0,72.0,0.0,0.0,4.0,2.0,1.0,0.0,28.0,0.0,0.0
2264.0,6.0,0.0,0.0,0.0,0.0,0.0,0.0,0.0,6.0,0.0,2.0,1.0,35.0,0.0,0.0,6.0,0.0,0.0,0.0,61.0,0.0,0.0,6.0,0.0,5.0,0.0,73.0,0.0,0.0,5.0,1.0,2.0,0.0,28.0,0.0,0.0
2268.0,6.0,0.0,0.0,0.0,0.0,0.0,0.0,0.0,6.0,0.0,2.0,1.0,35.0,0.0,0.0,6.0,0.0,0.0,0.0,61.0,0.0,0.0,6.0,0.0,5.0,0.0,73.0,0.0,0.0,5.0,1.0,2.0,0.0,28.0,0.0,0.0
2272.0,6.0,0.0,0.0,0.0,0.0,0.0,0.0,0.0,6.0,0.0,2.0,1.0,35.0,0.0,0.0,6.0,0.0,0.0,0.0,61.0,0.0,0.0,6.0,0.0,5.0,0.0,73.0,0.0,0.0,5.0,1.0,2.0,0.0,28.0,0.0,0.0
2276.0,6.0,0.0,0.0,0.0,0.0,0.0,0.0,0.0,6.0,0.0,3.0,0.0,36.0,0.0,0.0,6.0,0.0,0.0,0.0,61.0,0.0,0.0,6.0,0.0,5.0,0.0,73.0,0.0,0.0,5.0,1.0,2.0,0.0,28.0,0.0,0.0
2280.0,6.0,0.0,0.0,0.0,0.0,0.0,0.0,0.0,6.0,0.0,3.0,0.0,36.0,0.0,0.0,6.0,0.0,0.0,0.0,61.0,0.0,0.0,6.0,0.0,4.0,0.0,73.0,0.0,0.0,6.0,0.0,3.0,0.0,28.0,0.0,0.0
2284.0,6.0,0.0,0.0,0.0,0.0,0.0,0.0,0.0,6.0,0.0,3.0,0.0,36.0,0.0,0.0,6.0,0.0,0.0,0.0,61.0,0.0,0.0,6.0,0.0,4.0,0.0,73.0,0.0,0.0,6.0,0.0,3.0,0.0,28.0,0.0,0.0
2288.0,6.0,0.0,0.0,0.0,0.0,0.0,0.0,0.0,6.0,0.0,2.0,0.0,36.0,0.0,0.0,6.0,0.0,0.0,0.0,61.0,0.0,0.0,6.0,0.0,3.0,0.0,73.0,0.0,0.0,6.0,0.0,3.0,0.0,28.0,0.0,0.0
2292.0,6.0,0.0,0.0,0.0,0.0,0.0,0.0,0.0,6.0,0.0,2.0,0.0,36.0,0.0,0.0,6.0,0.0,0.0,0.0,61.0,0.0,0.0,6.0,0.0,3.0,0.0,73.0,0.0,0.0,6.0,0.0,2.0,1.0,28.0,0.0,0.0
2296.0,6.0,0.0,0.0,0.0,0.0,0.0,0.0,0.0,6.0,0.0,2.0,0.0,36.0,0.0,0.0,6.0,0.0,0.0,0.0,61.0,0.0,0.0,6.0,0.0,3.0,0.0,73.0,0.0,0.0,6.0,0.0,2.0,1.0,29.0,0.0,0.0
2300.0,6.0,0.0,0.0,0.0,0.0,0.0,0.0,0.0,6.0,0.0,2.0,0.0,36.0,0.0,0.0,6.0,0.0,0.0,0.0,61.0,0.0,0.0,6.0,0.0,2.0,1.0,74.0,0.0,0.0,6.0,0.0,3.0,0.0,30.0,0.0,0.0
2304.0,6.0,0.0,0.0,0.0,0.0,0.0,0.0,0.0,6.0,0.0,2.0,0.0,36.0,0.0,0.0,6.0,0.0,0.0,0.0,61.0,0.0,0.0,6.0,0.0,2.0,1.0,74.0,0.0,0.0,6.0,0.0,3.0,0.0,30.0,0.0,0.0
2308.0,6.0,0.0,0.0,0.0,0.0,0.0,0.0,0.0,6.0,0.0,2.0,0.0,36.0,0.0,0.0,6.0,0.0,0.0,0.0,61.0,0.0,0.0,6.0,0.0,2.0,1.0,74.0,0.0,0.0,6.0,0.0,2.0,1.0,30.0,0.0,0.0
2312.0,6.0,0.0,0.0,0.0,0.0,0.0,0.0,0.0,6.0,0.0,1.0,1.0,36.0,0.0,0.0,6.0,0.0,0.0,0.0,61.0,0.0,0.0,6.0,0.0,2.0,1.0,74.0,0.0,0.0,6.0,0.0,2.0,1.0,30.0,0.0,0.0
2316.0,6.0,0.0,0.0,0.0,0.0,0.0,0.0,0.0,6.0,0.0,1.0,1.0,36.0,0.0,0.0,6.0,0.0,0.0,0.0,61.0,0.0,0.0,6.0,0.0,2.0,1.0,74.0,0.0,0.0,6.0,0.0,3.0,0.0,31.0,0.0,0.0
2320.0,6.0,0.0,0.0,0.0,0.0,0.0,0.0,0.0,6.0,0.0,1.0,1.0,36.0,0.0,0.0,6.0,0.0,0.0,0.0,61.0,0.0,0.0,6.0,0.0,2.0,1.0,74.0,0.0,0.0,6.0,0.0,3.0,0.0,31.0,0.0,0.0
2324.0,6.0,0.0,0.0,0.0,0.0,0.0,0.0,0.0,6.0,0.0,1.0,1.0,36.0,0.0,0.0,6.0,0.0,0.0,0.0,61.0,0.0,0.0,6.0,0.0,3.0,0.0,75.0,0.0,0.0,6.0,0.0,3.0,0.0,31.0,0.0,0.0
2328.0,6.0,0.0,0.0,0.0,0.0,0.0,0.0,0.0,6.0,0.0,1.0,1.0,36.0,0.0,0.0,6.0,0.0,0.0,0.0,61.0,0.0,0.0,6.0,0.0,3.0,0.0,75.0,0.0,0.0,6.0,0.0,3.0,0.0,31.0,0.0,0.0
2332.0,6.0,0.0,0.0,0.0,0.0,0.0,0.0,0.0,6.0,0.0,1.0,1.0,36.0,0.0,0.0,6.0,0.0,0.0,0.0,61.0,0.0,0.0,6.0,0.0,3.0,0.0,75.0,0.0,0.0,6.0,0.0,3.0,0.0,31.0,0.0,0.0
2336.0,6.0,0.0,0.0,0.0,0.0,0.0,0.0,0.0,6.0,0.0,1.0,1.0,36.0,0.0,0.0,6.0,0.0,0.0,0.0,61.0,0.0,0.0,6.0,0.0,3.0,0.0,75.0,0.0,0.0,6.0,0.0,3.0,0.0,31.0,0.0,0.0
2340.0,6.0,0.0,0.0,0.0,0.0,0.0,0.0,0.0,6.0,0.0,1.0,1.0,36.0,0.0,0.0,6.0,0.0,0.0,0.0,61.0,0.0,0.0,6.0,0.0,2.0,1.0,75.0,0.0,0.0,6.0,0.0,3.0,0.0,31.0,0.0,0.0
2344.0,6.0,0.0,0.0,0.0,0.0,0.0,0.0,0.0,6.0,0.0,1.0,1.0,36.0,0.0,0.0,6.0,0.0,0.0,0.0,61.0,0.0,0.0,6.0,0.0,2.0,1.0,75.0,0.0,0.0,6.0,0.0,3.0,0.0,31.0,0.0,0.0
2348.0,6.0,0.0,0.0,0.0,0.0,0.0,0.0,0.0,6.0,0.0,1.0,1.0,36.0,0.0,0.0,6.0,0.0,0.0,0.0,61.0,0.0,0.0,6.0,0.0,2.0,1.0,75.0,0.0,0.0,6.0,0.0,3.0,0.0,31.0,0.0,0.0
2352.0,6.0,0.0,0.0,0.0,0.0,0.0,0.0,0.0,6.0,0.0,2.0,0.0,37.0,0.0,0.0,6.0,0.0,0.0,0.0,61.0,0.0,0.0,6.0,0.0,2.0,1.0,77.0,0.0,0.0,6.0,0.0,3.0,0.0,31.0,0.0,0.0
2356.0,6.0,0.0,0.0,0.0,0.0,0.0,0.0,0.0,6.0,0.0,2.0,0.0,37.0,0.0,0.0,6.0,0.0,0.0,0.0,61.0,0.0,0.0,6.0,0.0,2.0,1.0,77.0,0.0,0.0,6.0,0.0,3.0,0.0,31.0,0.0,0.0
2360.0,6.0,0.0,0.0,0.0,0.0,0.0,0.0,0.0,6.0,0.0,2.0,0.0,37.0,0.0,0.0,6.0,0.0,0.0,0.0,61.0,0.0,0.0,6.0,0.0,1.0,1.0,77.0,0.0,0.0,6.0,0.0,2.0,1.0,31.0,0.0,0.0
2364.0,6.0,0.0,0.0,0.0,0.0,0.0,0.0,0.0,6.0,0.0,2.0,0.0,37.0,0.0,0.0,6.0,0.0,0.0,0.0,61.0,0.0,0.0,6.0,0.0,1.0,1.0,77.0,0.0,0.0,6.0,0.0,1.0,2.0,31.0,0.0,0.0
2368.0,6.0,0.0,0.0,0.0,0.0,0.0,0.0,0.0,6.0,0.0,2.0,0.0,37.0,0.0,0.0,6.0,0.0,0.0,0.0,61.0,0.0,0.0,6.0,0.0,2.0,0.0,78.0,0.0,0.0,6.0,0.0,1.0,2.0,31.0,0.0,0.0
2372.0,6.0,0.0,0.0,0.0,0.0,0.0,0.0,0.0,6.0,0.0,3.0,0.0,37.0,0.0,0.0,6.0,0.0,0.0,0.0,61.0,0.0,0.0,6.0,0.0,2.0,0.0,78.0,0.0,0.0,6.0,0.0,1.0,2.0,31.0,0.0,0.0
2376.0,6.0,0.0,0.0,0.0,0.0,0.0,0.0,0.0,6.0,0.0,3.0,0.0,37.0,0.0,0.0,6.0,0.0,0.0,0.0,61.0,0.0,0.0,6.0,0.0,2.0,0.0,78.0,0.0,0.0,6.0,0.0,2.0,1.0,32.0,0.0,0.0
2380.0,6.0,0.0,0.0,0.0,0.0,0.0,0.0,0.0,6.0,0.0,2.0,1.0,37.0,0.0,0.0,6.0,0.0,0.0,0.0,61.0,0.0,0.0,6.0,0.0,2.0,0.0,78.0,0.0,0.0,6.0,0.0,2.0,1.0,32.0,0.0,0.0
2384.0,6.0,0.0,0.0,0.0,0.0,0.0,0.0,0.0,6.0,0.0,2.0,1.0,37.0,0.0,0.0,5.0,1.0,0.0,0.0,61.0,0.0,0.0,6.0,0.0,2.0,0.0,78.0,0.0,0.0,6.0,0.0,2.0,1.0,32.0,0.0,0.0
2388.0,6.0,0.0,0.0,0.0,0.0,0.0,0.0,0.0,6.0,0.0,2.0,1.0,37.0,0.0,0.0,6.0,0.0,0.0,1.0,61.0,0.0,0.0,6.0,0.0,2.0,0.0,78.0,0.0,0.0,6.0,0.0,2.0,1.0,32.0,0.0,0.0
2392.0,6.0,0.0,0.0,0.0,0.0,0.0,0.0,0.0,6.0,0.0,2.0,1.0,37.0,0.0,0.0,6.0,0.0,1.0,0.0,62.0,0.0,0.0,6.0,0.0,2.0,0.0,78.0,0.0,0.0,6.0,0.0,2.0,1.0,32.0,0.0,0.0
2396.0,6.0,0.0,0.0,0.0,0.0,0.0,0.0,0.0,6.0,0.0,3.0,0.0,38.0,0.0,0.0,6.0,0.0,1.0,0.0,62.0,0.0,0.0,6.0,0.0,2.0,0.0,78.0,0.0,0.0,6.0,0.0,2.0,1.0,32.0,0.0,0.0
2400.0,6.0,0.0,0.0,0.0,0.0,0.0,0.0,0.0,5.0,1.0,3.0,0.0,38.0,0.0,0.0,6.0,0.0,1.0,0.0,62.0,0.0,0.0,5.0,1.0,2.0,0.0,78.0,0.0,0.0,6.0,0.0,2.0,1.0,32.0,0.0,0.0
2404.0,6.0,0.0,0.0,0.0,0.0,0.0,0.0,0.0,5.0,1.0,2.0,1.0,38.0,0.0,0.0,6.0,0.0,1.0,0.0,62.0,0.0,0.0,6.0,0.0,3.0,0.0,78.0,0.0,0.0,6.0,0.0,2.0,1.0,32.0,0.0,0.0
2408.0,6.0,0.0,0.0,0.0,0.0,0.0,0.0,0.0,5.0,1.0,2.0,1.0,38.0,0.0,0.0,6.0,0.0,1.0,0.0,62.0,0.0,0.0,6.0,0.0,3.0,0.0,78.0,0.0,0.0,6.0,0.0,2.0,1.0,32.0,0.0,0.0
2412.0,6.0,0.0,0.0,0.0,0.0,0.0,0.0,0.0,5.0,1.0,2.0,1.0,39.0,0.0,0.0,6.0,0.0,1.0,0.0,62.0,0.0,0.0,6.0,0.0,3.0,0.0,78.0,0.0,0.0,5.0,1.0,3.0,0.0,33.0,0.0,0.0
2416.0,6.0,0.0,0.0,0.0,0.0,0.0,0.0,0.0,5.0,1.0,2.0,1.0,39.0,0.0,0.0,6.0,0.0,1.0,0.0,62.0,0.0,0.0,6.0,0.0,3.0,0.0,78.0,0.0,0.0,6.0,0.0,4.0,0.0,33.0,0.0,0.0
2420.0,6.0,0.0,0.0,0.0,0.0,0.0,0.0,0.0,5.0,1.0,3.0,0.0,40.0,0.0,0.0,6.0,0.0,1.0,0.0,62.0,0.0,0.0,6.0,0.0,3.0,0.0,78.0,0.0,0.0,6.0,0.0,4.0,0.0,33.0,0.0,0.0
2424.0,6.0,0.0,0.0,0.0,0.0,0.0,0.0,0.0,5.0,1.0,3.0,0.0,40.0,0.0,0.0,6.0,0.0,1.0,0.0,62.0,0.0,0.0,6.0,0.0,3.0,0.0,78.0,0.0,0.0,6.0,0.0,4.0,0.0,33.0,0.0,0.0
2428.0,6.0,0.0,0.0,0.0,0.0,0.0,0.0,0.0,5.0,1.0,3.0,0.0,40.0,0.0,0.0,6.0,0.0,1.0,0.0,62.0,0.0,0.0,6.0,0.0,3.0,0.0,79.0,0.0,0.0,6.0,0.0,3.0,0.0,33.0,0.0,0.0
2432.0,6.0,0.0,0.0,0.0,0.0,0.0,0.0,0.0,5.0,1.0,3.0,0.0,40.0,0.0,0.0,6.0,0.0,1.0,0.0,62.0,0.0,0.0,6.0,0.0,3.0,0.0,79.0,0.0,0.0,6.0,0.0,3.0,0.0,33.0,0.0,0.0
2436.0,6.0,0.0,0.0,0.0,0.0,0.0,0.0,0.0,5.0,1.0,3.0,0.0,40.0,0.0,0.0,6.0,0.0,1.0,0.0,62.0,0.0,0.0,6.0,0.0,3.0,0.0,79.0,0.0,0.0,6.0,0.0,3.0,0.0,33.0,0.0,0.0
2440.0,6.0,0.0,0.0,0.0,0.0,0.0,0.0,0.0,5.0,1.0,3.0,0.0,40.0,0.0,0.0,6.0,0.0,1.0,0.0,62.0,0.0,0.0,6.0,0.0,3.0,0.0,79.0,0.0,0.0,6.0,0.0,2.0,1.0,33.0,0.0,0.0
2444.0,6.0,0.0,0.0,0.0,0.0,0.0,0.0,0.0,5.0,1.0,3.0,0.0,40.0,0.0,0.0,6.0,0.0,1.0,0.0,62.0,0.0,0.0,6.0,0.0,2.0,0.0,79.0,0.0,0.0,6.0,0.0,2.0,1.0,33.0,0.0,0.0
2448.0,6.0,0.0,0.0,0.0,0.0,0.0,0.0,0.0,5.0,1.0,3.0,0.0,40.0,0.0,0.0,6.0,0.0,1.0,0.0,62.0,0.0,0.0,6.0,0.0,2.0,0.0,79.0,0.0,0.0,6.0,0.0,2.0,1.0,33.0,0.0,0.0
2452.0,6.0,0.0,0.0,0.0,0.0,0.0,0.0,0.0,5.0,1.0,3.0,0.0,40.0,0.0,0.0,6.0,0.0,1.0,0.0,62.0,0.0,0.0,6.0,0.0,1.0,0.0,79.0,0.0,0.0,6.0,0.0,3.0,0.0,34.0,0.0,0.0
2456.0,6.0,0.0,0.0,0.0,0.0,0.0,0.0,0.0,6.0,0.0,3.0,1.0,40.0,0.0,0.0,6.0,0.0,1.0,0.0,62.0,0.0,0.0,6.0,0.0,0.0,1.0,79.0,0.0,0.0,6.0,0.0,2.0,1.0,34.0,0.0,0.0
2460.0,6.0,0.0,0.0,0.0,0.0,0.0,0.0,0.0,5.0,1.0,1.0,3.0,40.0,0.0,0.0,6.0,0.0,1.0,0.0,62.0,0.0,0.0,6.0,0.0,0.0,1.0,79.0,0.0,0.0,6.0,0.0,2.0,0.0,35.0,0.0,0.0
2464.0,6.0,0.0,0.0,0.0,0.0,0.0,0.0,0.0,5.0,1.0,3.0,1.0,42.0,0.0,0.0,6.0,0.0,1.0,0.0,62.0,0.0,0.0,6.0,0.0,0.0,1.0,79.0,0.0,0.0,6.0,0.0,2.0,0.0,35.0,0.0,0.0
2468.0,6.0,0.0,0.0,0.0,0.0,0.0,0.0,0.0,5.0,1.0,2.0,2.0,42.0,0.0,0.0,6.0,0.0,1.0,0.0,62.0,0.0,0.0,6.0,0.0,1.0,1.0,79.0,0.0,0.0,6.0,0.0,2.0,0.0,35.0,0.0,0.0
2472.0,6.0,0.0,0.0,0.0,0.0,0.0,0.0,0.0,6.0,0.0,3.0,2.0,42.0,0.0,0.0,6.0,0.0,2.0,0.0,62.0,0.0,0.0,6.0,0.0,1.0,1.0,79.0,0.0,0.0,6.0,0.0,2.0,0.0,35.0,0.0,0.0
2476.0,6.0,0.0,0.0,0.0,0.0,0.0,0.0,0.0,6.0,0.0,2.0,3.0,42.0,0.0,0.0,6.0,0.0,2.0,0.0,62.0,0.0,0.0,6.0,0.0,1.0,1.0,79.0,0.0,0.0,6.0,0.0,2.0,0.0,35.0,0.0,0.0
2480.0,6.0,0.0,0.0,0.0,0.0,0.0,0.0,0.0,6.0,0.0,2.0,3.0,42.0,0.0,0.0,6.0,0.0,2.0,0.0,62.0,0.0,0.0,6.0,0.0,1.0,1.0,79.0,0.0,0.0,6.0,0.0,2.0,0.0,35.0,0.0,0.0
2484.0,6.0,0.0,0.0,0.0,0.0,0.0,0.0,0.0,6.0,0.0,2.0,3.0,42.0,0.0,0.0,6.0,0.0,2.0,0.0,62.0,0.0,0.0,6.0,0.0,1.0,1.0,79.0,0.0,0.0,6.0,0.0,2.0,0.0,35.0,0.0,0.0
2488.0,6.0,0.0,0.0,0.0,0.0,0.0,0.0,0.0,6.0,0.0,2.0,3.0,42.0,0.0,0.0,6.0,0.0,1.0,1.0,62.0,0.0,0.0,6.0,0.0,1.0,1.0,79.0,0.0,0.0,6.0,0.0,2.0,0.0,35.0,0.0,0.0
2492.0,6.0,0.0,0.0,0.0,0.0,0.0,0.0,0.0,6.0,0.0,1.0,4.0,42.0,0.0,0.0,6.0,0.0,0.0,2.0,62.0,0.0,0.0,6.0,0.0,1.0,1.0,79.0,0.0,0.0,6.0,0.0,2.0,0.0,35.0,0.0,0.0
2496.0,6.0,0.0,0.0,0.0,0.0,0.0,0.0,0.0,6.0,0.0,1.0,4.0,42.0,0.0,0.0,6.0,0.0,2.0,0.0,64.0,0.0,0.0,6.0,0.0,1.0,1.0,79.0,0.0,0.0,6.0,0.0,2.0,0.0,35.0,0.0,0.0
2500.0,6.0,0.0,0.0,0.0,0.0,0.0,0.0,0.0,6.0,0.0,0.0,5.0,42.0,0.0,0.0,5.0,1.0,2.0,0.0,64.0,0.0,0.0,6.0,0.0,1.0,1.0,79.0,0.0,0.0,6.0,0.0,2.0,0.0,35.0,0.0,0.0
2504.0,6.0,0.0,0.0,0.0,0.0,0.0,0.0,0.0,6.0,0.0,2.0,3.0,44.0,0.0,0.0,6.0,0.0,2.0,1.0,64.0,0.0,0.0,6.0,0.0,1.0,1.0,79.0,0.0,0.0,6.0,0.0,2.0,0.0,35.0,0.0,0.0
2508.0,6.0,0.0,0.0,0.0,0.0,0.0,0.0,0.0,6.0,0.0,2.0,3.0,45.0,0.0,0.0,6.0,0.0,2.0,1.0,64.0,0.0,0.0,6.0,0.0,2.0,0.0,80.0,0.0,0.0,6.0,0.0,2.0,0.0,35.0,0.0,0.0
2512.0,6.0,0.0,0.0,0.0,0.0,0.0,0.0,0.0,6.0,0.0,1.0,3.0,45.0,0.0,0.0,6.0,0.0,2.0,1.0,64.0,0.0,0.0,6.0,0.0,2.0,0.0,80.0,0.0,0.0,6.0,0.0,2.0,0.0,35.0,0.0,0.0
2516.0,6.0,0.0,0.0,0.0,0.0,0.0,0.0,0.0,6.0,0.0,2.0,2.0,46.0,0.0,0.0,6.0,0.0,3.0,0.0,65.0,0.0,0.0,6.0,0.0,2.0,0.0,80.0,0.0,0.0,6.0,0.0,2.0,0.0,35.0,0.0,0.0
2520.0,6.0,0.0,0.0,0.0,0.0,0.0,0.0,0.0,6.0,0.0,3.0,1.0,47.0,0.0,0.0,6.0,0.0,3.0,0.0,65.0,0.0,0.0,6.0,0.0,2.0,0.0,80.0,0.0,0.0,6.0,0.0,2.0,0.0,35.0,0.0,0.0
2524.0,6.0,0.0,0.0,0.0,0.0,0.0,0.0,0.0,6.0,0.0,3.0,0.0,48.0,0.0,0.0,6.0,0.0,3.0,0.0,65.0,0.0,0.0,6.0,0.0,2.0,0.0,80.0,0.0,0.0,6.0,0.0,2.0,0.0,35.0,0.0,0.0
2528.0,6.0,0.0,0.0,0.0,0.0,0.0,0.0,0.0,6.0,0.0,3.0,0.0,48.0,0.0,0.0,6.0,0.0,3.0,0.0,65.0,0.0,0.0,6.0,0.0,2.0,0.0,80.0,0.0,0.0,6.0,0.0,2.0,0.0,35.0,0.0,0.0
2532.0,6.0,0.0,0.0,0.0,0.0,0.0,0.0,0.0,6.0,0.0,3.0,0.0,48.0,0.0,0.0,6.0,0.0,3.0,0.0,65.0,0.0,0.0,6.0,0.0,2.0,0.0,80.0,0.0,0.0,6.0,0.0,2.0,0.0,35.0,0.0,0.0
2536.0,6.0,0.0,0.0,0.0,0.0,0.0,0.0,0.0,6.0,0.0,3.0,0.0,48.0,0.0,0.0,6.0,0.0,2.0,1.0,65.0,0.0,0.0,6.0,0.0,2.0,0.0,80.0,0.0,0.0,6.0,0.0,2.0,0.0,35.0,0.0,0.0
2540.0,6.0,0.0,0.0,0.0,0.0,0.0,0.0,0.0,6.0,0.0,3.0,0.0,48.0,0.0,0.0,6.0,0.0,2.0,1.0,65.0,0.0,0.0,6.0,0.0,2.0,0.0,80.0,0.0,0.0,6.0,0.0,2.0,0.0,35.0,0.0,0.0
2544.0,6.0,0.0,0.0,0.0,0.0,0.0,0.0,0.0,6.0,0.0,3.0,0.0,48.0,0.0,0.0,6.0,0.0,1.0,2.0,65.0,0.0,0.0,6.0,0.0,2.0,0.0,80.0,0.0,0.0,6.0,0.0,2.0,0.0,35.0,0.0,0.0
2548.0,6.0,0.0,0.0,0.0,0.0,0.0,0.0,0.0,6.0,0.0,3.0,0.0,48.0,0.0,0.0,6.0,0.0,3.0,0.0,67.0,0.0,0.0,6.0,0.0,2.0,0.0,80.0,0.0,0.0,6.0,0.0,2.0,0.0,35.0,0.0,0.0
2552.0,6.0,0.0,0.0,0.0,0.0,0.0,0.0,0.0,6.0,0.0,3.0,0.0,48.0,0.0,0.0,6.0,0.0,3.0,0.0,67.0,0.0,0.0,6.0,0.0,2.0,0.0,80.0,0.0,0.0,6.0,0.0,1.0,1.0,35.0,0.0,0.0
2556.0,6.0,0.0,0.0,0.0,0.0,0.0,0.0,0.0,6.0,0.0,3.0,0.0,48.0,0.0,0.0,5.0,1.0,3.0,0.0,67.0,0.0,0.0,6.0,0.0,2.0,0.0,80.0,0.0,0.0,6.0,0.0,2.0,0.0,36.0,0.0,0.0
2560.0,6.0,0.0,0.0,0.0,0.0,0.0,0.0,0.0,6.0,0.0,3.0,0.0,48.0,0.0,0.0,6.0,0.0,3.0,1.0,67.0,0.0,0.0,6.0,0.0,2.0,0.0,80.0,0.0,0.0,6.0,0.0,2.0,0.0,36.0,0.0,0.0
2564.0,6.0,0.0,0.0,0.0,0.0,0.0,0.0,0.0,6.0,0.0,2.0,1.0,48.0,0.0,0.0,6.0,0.0,3.0,1.0,67.0,0.0,0.0,6.0,0.0,3.0,0.0,80.0,0.0,0.0,6.0,0.0,2.0,0.0,36.0,0.0,0.0
2568.0,6.0,0.0,0.0,0.0,0.0,0.0,0.0,0.0,6.0,0.0,1.0,2.0,48.0,0.0,0.0,6.0,0.0,3.0,1.0,67.0,0.0,0.0,6.0,0.0,2.0,1.0,80.0,0.0,0.0,6.0,0.0,2.0,0.0,37.0,0.0,0.0
2572.0,6.0,0.0,0.0,0.0,0.0,0.0,0.0,0.0,6.0,0.0,2.0,1.0,49.0,0.0,0.0,6.0,0.0,3.0,1.0,67.0,0.0,0.0,6.0,0.0,3.0,0.0,81.0,0.0,0.0,6.0,0.0,2.0,0.0,37.0,0.0,0.0
2576.0,6.0,0.0,0.0,0.0,0.0,0.0,0.0,0.0,6.0,0.0,2.0,1.0,49.0,0.0,0.0,6.0,0.0,2.0,2.0,67.0,0.0,0.0,6.0,0.0,3.0,0.0,82.0,0.0,0.0,6.0,0.0,2.0,0.0,37.0,0.0,0.0
2580.0,6.0,0.0,0.0,0.0,0.0,0.0,0.0,0.0,6.0,0.0,3.0,0.0,50.0,0.0,0.0,6.0,0.0,3.0,1.0,68.0,0.0,0.0,6.0,0.0,3.0,0.0,82.0,0.0,0.0,6.0,0.0,2.0,0.0,37.0,0.0,0.0
2584.0,6.0,0.0,0.0,0.0,0.0,0.0,0.0,0.0,6.0,0.0,3.0,0.0,50.0,0.0,0.0,6.0,0.0,3.0,1.0,68.0,0.0,0.0,6.0,0.0,3.0,0.0,82.0,0.0,0.0,6.0,0.0,2.0,0.0,37.0,0.0,0.0
2588.0,6.0,0.0,0.0,0.0,0.0,0.0,0.0,0.0,6.0,0.0,3.0,0.0,50.0,0.0,0.0,6.0,0.0,4.0,0.0,69.0,0.0,0.0,6.0,0.0,3.0,0.0,82.0,0.0,0.0,6.0,0.0,2.0,0.0,37.0,0.0,0.0
2592.0,6.0,0.0,0.0,0.0,0.0,0.0,0.0,0.0,6.0,0.0,2.0,1.0,50.0,0.0,0.0,6.0,0.0,4.0,0.0,69.0,0.0,0.0,6.0,0.0,3.0,0.0,82.0,0.0,0.0,6.0,0.0,2.0,0.0,37.0,0.0,0.0
2596.0,6.0,0.0,0.0,0.0,0.0,0.0,0.0,0.0,6.0,0.0,2.0,1.0,50.0,0.0,0.0,6.0,0.0,3.0,1.0,69.0,0.0,0.0,6.0,0.0,3.0,0.0,82.0,0.0,0.0,6.0,0.0,1.0,1.0,37.0,0.0,0.0
2600.0,6.0,0.0,0.0,0.0,0.0,0.0,0.0,0.0,6.0,0.0,2.0,1.0,50.0,0.0,0.0,6.0,0.0,3.0,1.0,69.0,0.0,0.0,6.0,0.0,3.0,0.0,82.0,0.0,0.0,6.0,0.0,2.0,0.0,38.0,0.0,0.0
2604.0,6.0,0.0,0.0,0.0,0.0,0.0,0.0,0.0,6.0,0.0,3.0,0.0,52.0,0.0,0.0,6.0,0.0,4.0,0.0,70.0,0.0,0.0,6.0,0.0,3.0,0.0,82.0,0.0,0.0,6.0,0.0,1.0,1.0,38.0,0.0,0.0
2608.0,6.0,0.0,0.0,0.0,0.0,0.0,0.0,0.0,6.0,0.0,3.0,0.0,52.0,0.0,0.0,6.0,0.0,3.0,1.0,70.0,0.0,0.0,6.0,0.0,3.0,0.0,82.0,0.0,0.0,6.0,0.0,1.0,1.0,38.0,0.0,0.0
2612.0,6.0,0.0,0.0,0.0,0.0,0.0,0.0,0.0,6.0,0.0,3.0,0.0,52.0,0.0,0.0,6.0,0.0,3.0,1.0,70.0,0.0,0.0,6.0,0.0,3.0,0.0,82.0,0.0,0.0,6.0,0.0,2.0,0.0,39.0,0.0,0.0
2616.0,6.0,0.0,0.0,0.0,0.0,0.0,0.0,0.0,6.0,0.0,2.0,1.0,52.0,0.0,0.0,6.0,0.0,3.0,1.0,70.0,0.0,0.0,6.0,0.0,3.0,0.0,82.0,0.0,0.0,6.0,0.0,2.0,0.0,39.0,0.0,0.0
2620.0,6.0,0.0,0.0,0.0,0.0,0.0,0.0,0.0,6.0,0.0,3.0,1.0,52.0,0.0,0.0,6.0,0.0,4.0,0.0,71.0,0.0,0.0,6.0,0.0,3.0,0.0,82.0,0.0,0.0,6.0,0.0,2.0,0.0,39.0,0.0,0.0
2624.0,6.0,0.0,0.0,0.0,0.0,0.0,0.0,0.0,6.0,0.0,3.0,1.0,52.0,0.0,0.0,6.0,0.0,4.0,0.0,71.0,0.0,0.0,6.0,0.0,3.0,0.0,82.0,0.0,0.0,6.0,0.0,2.0,0.0,39.0,0.0,0.0
2628.0,6.0,0.0,0.0,0.0,0.0,0.0,0.0,0.0,5.0,1.0,4.0,0.0,53.0,0.0,0.0,6.0,0.0,4.0,0.0,71.0,0.0,0.0,6.0,0.0,3.0,0.0,82.0,0.0,0.0,6.0,0.0,2.0,0.0,39.0,0.0,0.0
2632.0,6.0,0.0,0.0,0.0,0.0,0.0,0.0,0.0,4.0,2.0,2.0,2.0,53.0,0.0,0.0,6.0,0.0,4.0,0.0,72.0,0.0,0.0,6.0,0.0,3.0,0.0,82.0,0.0,0.0,6.0,0.0,2.0,0.0,39.0,0.0,0.0
2636.0,6.0,0.0,0.0,0.0,0.0,0.0,0.0,0.0,5.0,1.0,2.0,3.0,53.0,0.0,0.0,6.0,0.0,4.0,0.0,72.0,0.0,0.0,6.0,0.0,3.0,0.0,82.0,0.0,0.0,6.0,0.0,2.0,0.0,39.0,0.0,0.0
2640.0,6.0,0.0,0.0,0.0,0.0,0.0,0.0,0.0,5.0,1.0,2.0,3.0,54.0,0.0,0.0,6.0,0.0,4.0,0.0,72.0,0.0,0.0,6.0,0.0,3.0,0.0,82.0,0.0,0.0,6.0,0.0,2.0,0.0,39.0,0.0,0.0
2644.0,6.0,0.0,0.0,0.0,0.0,0.0,0.0,0.0,5.0,1.0,3.0,2.0,55.0,0.0,0.0,6.0,0.0,4.0,0.0,72.0,0.0,0.0,6.0,0.0,2.0,0.0,82.0,0.0,0.0,6.0,0.0,2.0,0.0,39.0,0.0,0.0
2648.0,6.0,0.0,0.0,0.0,0.0,0.0,0.0,0.0,5.0,1.0,3.0,1.0,56.0,0.0,0.0,6.0,0.0,3.0,0.0,72.0,0.0,0.0,6.0,0.0,2.0,0.0,82.0,0.0,0.0,6.0,0.0,2.0,0.0,39.0,0.0,0.0
2652.0,6.0,0.0,0.0,0.0,0.0,0.0,0.0,0.0,6.0,0.0,4.0,1.0,56.0,0.0,0.0,6.0,0.0,2.0,1.0,72.0,0.0,0.0,6.0,0.0,2.0,0.0,82.0,0.0,0.0,6.0,0.0,2.0,0.0,39.0,0.0,0.0
2656.0,6.0,0.0,0.0,0.0,0.0,0.0,0.0,0.0,6.0,0.0,4.0,1.0,56.0,0.0,0.0,6.0,0.0,2.0,1.0,72.0,0.0,0.0,6.0,0.0,2.0,0.0,82.0,0.0,0.0,6.0,0.0,2.0,0.0,39.0,0.0,0.0
2660.0,6.0,0.0,0.0,0.0,0.0,0.0,0.0,0.0,6.0,0.0,5.0,1.0,57.0,0.0,0.0,5.0,1.0,2.0,1.0,72.0,0.0,0.0,5.0,1.0,2.0,0.0,82.0,0.0,0.0,6.0,0.0,2.0,0.0,39.0,0.0,0.0
2664.0,6.0,0.0,0.0,0.0,0.0,0.0,0.0,0.0,6.0,0.0,5.0,1.0,57.0,0.0,0.0,4.0,2.0,3.0,0.0,73.0,0.0,0.0,6.0,0.0,3.0,0.0,83.0,0.0,0.0,6.0,0.0,2.0,0.0,39.0,0.0,0.0
2668.0,6.0,0.0,0.0,0.0,0.0,0.0,0.0,0.0,6.0,0.0,4.0,2.0,57.0,0.0,0.0,5.0,1.0,3.0,0.0,73.0,0.0,0.0,5.0,1.0,3.0,0.0,83.0,0.0,0.0,6.0,0.0,2.0,0.0,39.0,0.0,0.0
2672.0,6.0,0.0,0.0,0.0,0.0,0.0,0.0,0.0,6.0,0.0,4.0,2.0,57.0,0.0,0.0,5.0,1.0,3.0,0.0,73.0,0.0,0.0,6.0,0.0,4.0,0.0,83.0,0.0,0.0,6.0,0.0,2.0,0.0,39.0,0.0,0.0
2676.0,6.0,0.0,0.0,0.0,0.0,0.0,0.0,0.0,6.0,0.0,4.0,2.0,57.0,0.0,0.0,6.0,0.0,2.0,1.0,73.0,0.0,0.0,6.0,0.0,4.0,0.0,83.0,0.0,0.0,6.0,0.0,2.0,0.0,39.0,0.0,0.0
2680.0,6.0,0.0,0.0,0.0,0.0,0.0,0.0,0.0,6.0,0.0,3.0,2.0,57.0,0.0,0.0,6.0,0.0,3.0,0.0,74.0,0.0,0.0,6.0,0.0,4.0,0.0,83.0,0.0,0.0,6.0,0.0,1.0,0.0,39.0,0.0,0.0
2684.0,6.0,0.0,0.0,0.0,0.0,0.0,0.0,0.0,6.0,0.0,2.0,3.0,57.0,0.0,0.0,6.0,0.0,3.0,0.0,74.0,0.0,0.0,6.0,0.0,3.0,0.0,83.0,0.0,0.0,6.0,0.0,1.0,0.0,39.0,0.0,0.0
2688.0,6.0,0.0,0.0,0.0,0.0,0.0,0.0,0.0,6.0,0.0,3.0,2.0,58.0,0.0,0.0,6.0,0.0,3.0,0.0,74.0,0.0,0.0,6.0,0.0,3.0,0.0,83.0,0.0,0.0,6.0,0.0,1.0,0.0,39.0,0.0,0.0
2692.0,6.0,0.0,0.0,0.0,0.0,0.0,0.0,0.0,6.0,0.0,3.0,2.0,58.0,0.0,0.0,6.0,0.0,3.0,0.0,74.0,0.0,0.0,6.0,0.0,3.0,0.0,83.0,0.0,0.0,5.0,1.0,1.0,0.0,39.0,0.0,0.0
2696.0,6.0,0.0,0.0,0.0,0.0,0.0,0.0,0.0,6.0,0.0,3.0,2.0,59.0,0.0,0.0,6.0,0.0,3.0,0.0,74.0,0.0,0.0,6.0,0.0,3.0,0.0,83.0,0.0,0.0,4.0,2.0,1.0,0.0,39.0,0.0,0.0
2700.0,6.0,0.0,0.0,0.0,0.0,0.0,0.0,0.0,6.0,0.0,3.0,2.0,59.0,0.0,0.0,6.0,0.0,2.0,1.0,74.0,0.0,0.0,6.0,0.0,3.0,0.0,83.0,0.0,0.0,5.0,1.0,2.0,0.0,39.0,0.0,0.0
2704.0,6.0,0.0,0.0,0.0,0.0,0.0,0.0,0.0,6.0,0.0,4.0,1.0,61.0,0.0,0.0,6.0,0.0,3.0,0.0,75.0,0.0,0.0,6.0,0.0,3.0,0.0,83.0,0.0,0.0,6.0,0.0,3.0,0.0,39.0,0.0,0.0
2708.0,6.0,0.0,0.0,0.0,0.0,0.0,0.0,0.0,6.0,0.0,4.0,1.0,61.0,0.0,0.0,6.0,0.0,2.0,1.0,75.0,0.0,0.0,6.0,0.0,3.0,0.0,83.0,0.0,0.0,6.0,0.0,3.0,0.0,39.0,0.0,0.0
2712.0,6.0,0.0,0.0,0.0,0.0,0.0,0.0,0.0,6.0,0.0,4.0,1.0,61.0,0.0,0.0,6.0,0.0,3.0,0.0,76.0,0.0,0.0,6.0,0.0,3.0,0.0,83.0,0.0,0.0,6.0,0.0,2.0,1.0,39.0,0.0,0.0
2716.0,6.0,0.0,0.0,0.0,0.0,0.0,0.0,0.0,6.0,0.0,3.0,1.0,61.0,0.0,0.0,6.0,0.0,3.0,0.0,76.0,0.0,0.0,6.0,0.0,3.0,0.0,83.0,0.0,0.0,6.0,0.0,3.0,0.0,40.0,0.0,0.0
2720.0,6.0,0.0,0.0,0.0,0.0,0.0,0.0,0.0,6.0,0.0,3.0,1.0,62.0,0.0,0.0,6.0,0.0,3.0,0.0,76.0,0.0,0.0,6.0,0.0,3.0,0.0,83.0,0.0,0.0,6.0,0.0,1.0,2.0,40.0,0.0,0.0
2724.0,6.0,0.0,0.0,0.0,0.0,0.0,0.0,0.0,6.0,0.0,3.0,1.0,62.0,0.0,0.0,6.0,0.0,3.0,0.0,76.0,0.0,0.0,6.0,0.0,2.0,0.0,83.0,0.0,0.0,6.0,0.0,1.0,2.0,40.0,0.0,0.0
2728.0,6.0,0.0,0.0,0.0,0.0,0.0,0.0,0.0,5.0,1.0,3.0,1.0,62.0,0.0,0.0,6.0,0.0,3.0,0.0,76.0,0.0,0.0,6.0,0.0,2.0,0.0,83.0,0.0,0.0,6.0,0.0,2.0,1.0,41.0,0.0,0.0
2732.0,6.0,0.0,0.0,0.0,0.0,0.0,0.0,0.0,5.0,1.0,2.0,1.0,62.0,0.0,0.0,6.0,0.0,3.0,0.0,76.0,0.0,0.0,6.0,0.0,2.0,0.0,83.0,0.0,0.0,6.0,0.0,2.0,1.0,42.0,0.0,0.0
2736.0,6.0,0.0,0.0,0.0,0.0,0.0,0.0,0.0,5.0,1.0,2.0,1.0,62.0,0.0,0.0,6.0,0.0,4.0,0.0,76.0,0.0,0.0,6.0,0.0,2.0,0.0,83.0,0.0,0.0,6.0,0.0,2.0,1.0,42.0,0.0,0.0
2740.0,6.0,0.0,0.0,0.0,0.0,0.0,0.0,0.0,4.0,2.0,2.0,1.0,62.0,0.0,0.0,6.0,0.0,4.0,0.0,76.0,0.0,0.0,6.0,0.0,2.0,0.0,83.0,0.0,0.0,6.0,0.0,1.0,1.0,42.0,0.0,0.0
2744.0,6.0,0.0,0.0,0.0,0.0,0.0,0.0,0.0,5.0,1.0,3.0,1.0,62.0,0.0,0.0,6.0,0.0,3.0,1.0,76.0,0.0,0.0,6.0,0.0,1.0,0.0,83.0,0.0,0.0,6.0,0.0,1.0,1.0,42.0,0.0,0.0
2748.0,6.0,0.0,0.0,0.0,0.0,0.0,0.0,0.0,5.0,1.0,2.0,1.0,62.0,0.0,0.0,6.0,0.0,3.0,1.0,76.0,0.0,0.0,6.0,0.0,1.0,0.0,83.0,0.0,0.0,6.0,0.0,1.0,1.0,42.0,0.0,0.0
2752.0,6.0,0.0,0.0,0.0,0.0,0.0,0.0,0.0,5.0,1.0,2.0,1.0,62.0,0.0,0.0,6.0,0.0,3.0,1.0,76.0,0.0,0.0,6.0,0.0,1.0,0.0,83.0,0.0,0.0,6.0,0.0,2.0,0.0,43.0,0.0,0.0
2756.0,6.0,0.0,0.0,0.0,0.0,0.0,0.0,0.0,6.0,0.0,3.0,1.0,62.0,0.0,0.0,6.0,0.0,4.0,0.0,77.0,0.0,0.0,6.0,0.0,1.0,0.0,83.0,0.0,0.0,6.0,0.0,2.0,0.0,43.0,0.0,0.0
2760.0,6.0,0.0,0.0,0.0,0.0,0.0,0.0,0.0,6.0,0.0,4.0,1.0,62.0,0.0,0.0,6.0,0.0,4.0,0.0,77.0,0.0,0.0,6.0,0.0,1.0,0.0,83.0,0.0,0.0,6.0,0.0,2.0,0.0,43.0,0.0,0.0
2764.0,6.0,0.0,0.0,0.0,0.0,0.0,0.0,0.0,6.0,0.0,4.0,1.0,62.0,0.0,0.0,6.0,0.0,4.0,0.0,77.0,0.0,0.0,6.0,0.0,1.0,0.0,83.0,0.0,0.0,6.0,0.0,2.0,0.0,43.0,0.0,0.0
2768.0,6.0,0.0,0.0,0.0,0.0,0.0,0.0,0.0,6.0,0.0,4.0,1.0,62.0,0.0,0.0,6.0,0.0,5.0,0.0,77.0,0.0,0.0,6.0,0.0,1.0,0.0,83.0,0.0,0.0,6.0,0.0,2.0,0.0,43.0,0.0,0.0
2772.0,6.0,0.0,0.0,0.0,0.0,0.0,0.0,0.0,6.0,0.0,3.0,2.0,62.0,0.0,0.0,6.0,0.0,5.0,0.0,77.0,0.0,0.0,5.0,1.0,1.0,0.0,83.0,0.0,0.0,6.0,0.0,2.0,0.0,43.0,0.0,0.0
2776.0,6.0,0.0,0.0,0.0,0.0,0.0,0.0,0.0,6.0,0.0,4.0,1.0,63.0,0.0,0.0,6.0,0.0,5.0,0.0,78.0,0.0,0.0,6.0,0.0,2.0,0.0,83.0,0.0,0.0,6.0,0.0,2.0,0.0,43.0,0.0,0.0
2780.0,6.0,0.0,0.0,0.0,0.0,0.0,0.0,0.0,6.0,0.0,5.0,0.0,65.0,0.0,0.0,6.0,0.0,5.0,0.0,78.0,0.0,0.0,6.0,0.0,1.0,1.0,83.0,0.0,0.0,6.0,0.0,2.0,0.0,43.0,0.0,0.0
2784.0,6.0,0.0,0.0,0.0,0.0,0.0,0.0,0.0,6.0,0.0,4.0,1.0,65.0,0.0,0.0,6.0,0.0,5.0,0.0,78.0,0.0,0.0,6.0,0.0,2.0,0.0,84.0,0.0,0.0,6.0,0.0,2.0,0.0,43.0,0.0,0.0
2788.0,6.0,0.0,0.0,0.0,0.0,0.0,0.0,0.0,6.0,0.0,4.0,1.0,65.0,0.0,0.0,4.0,2.0,5.0,0.0,78.0,0.0,0.0,6.0,0.0,2.0,0.0,84.0,0.0,0.0,6.0,0.0,2.0,0.0,43.0,0.0,0.0
2792.0,6.0,0.0,0.0,0.0,0.0,0.0,0.0,0.0,6.0,0.0,4.0,1.0,65.0,0.0,0.0,5.0,1.0,6.0,0.0,78.0,0.0,0.0,6.0,0.0,2.0,0.0,84.0,0.0,0.0,6.0,0.0,2.0,0.0,43.0,0.0,0.0
2796.0,6.0,0.0,0.0,0.0,0.0,0.0,0.0,0.0,6.0,0.0,4.0,1.0,65.0,0.0,0.0,4.0,2.0,6.0,0.0,78.0,0.0,0.0,6.0,0.0,1.0,0.0,84.0,0.0,0.0,6.0,0.0,2.0,0.0,43.0,0.0,0.0
2800.0,6.0,0.0,0.0,0.0,0.0,0.0,0.0,0.0,6.0,0.0,4.0,1.0,65.0,0.0,0.0,6.0,0.0,7.0,0.0,78.0,0.0,0.0,6.0,0.0,0.0,1.0,84.0,0.0,0.0,6.0,0.0,2.0,0.0,43.0,0.0,0.0
2804.0,6.0,0.0,0.0,0.0,0.0,0.0,0.0,0.0,6.0,0.0,4.0,1.0,65.0,0.0,0.0,6.0,0.0,7.0,0.0,78.0,0.0,0.0,6.0,0.0,1.0,0.0,85.0,0.0,0.0,6.0,0.0,2.0,0.0,43.0,0.0,0.0
2808.0,6.0,0.0,0.0,0.0,0.0,0.0,0.0,0.0,6.0,0.0,4.0,1.0,65.0,0.0,0.0,6.0,0.0,5.0,0.0,78.0,0.0,0.0,6.0,0.0,1.0,0.0,85.0,0.0,0.0,6.0,0.0,2.0,0.0,43.0,0.0,0.0
2812.0,6.0,0.0,0.0,0.0,0.0,0.0,0.0,0.0,6.0,0.0,4.0,1.0,65.0,0.0,0.0,6.0,0.0,4.0,1.0,78.0,0.0,0.0,6.0,0.0,1.0,0.0,85.0,0.0,0.0,6.0,0.0,2.0,0.0,43.0,0.0,0.0
2816.0,6.0,0.0,0.0,0.0,0.0,0.0,0.0,0.0,6.0,0.0,4.0,1.0,65.0,0.0,0.0,6.0,0.0,4.0,1.0,79.0,0.0,0.0,6.0,0.0,1.0,0.0,85.0,0.0,0.0,6.0,0.0,2.0,0.0,43.0,0.0,0.0
2820.0,6.0,0.0,0.0,0.0,0.0,0.0,0.0,0.0,4.0,2.0,3.0,2.0,66.0,0.0,0.0,6.0,0.0,4.0,1.0,79.0,0.0,0.0,6.0,0.0,1.0,0.0,85.0,0.0,0.0,6.0,0.0,2.0,0.0,43.0,0.0,0.0
2824.0,6.0,0.0,0.0,0.0,0.0,0.0,0.0,0.0,4.0,2.0,3.0,2.0,66.0,0.0,0.0,6.0,0.0,5.0,0.0,80.0,0.0,0.0,6.0,0.0,0.0,0.0,85.0,0.0,0.0,6.0,0.0,2.0,0.0,43.0,0.0,0.0
2828.0,6.0,0.0,0.0,0.0,0.0,0.0,0.0,0.0,4.0,2.0,3.0,2.0,66.0,0.0,0.0,6.0,0.0,5.0,0.0,80.0,0.0,0.0,6.0,0.0,0.0,0.0,85.0,0.0,0.0,6.0,0.0,1.0,1.0,43.0,0.0,0.0
2832.0,6.0,0.0,0.0,0.0,0.0,0.0,0.0,0.0,4.0,2.0,3.0,2.0,66.0,0.0,0.0,6.0,0.0,5.0,0.0,80.0,0.0,0.0,6.0,0.0,0.0,0.0,85.0,0.0,0.0,6.0,0.0,1.0,1.0,43.0,0.0,0.0
2836.0,6.0,0.0,0.0,0.0,0.0,0.0,0.0,0.0,4.0,2.0,1.0,4.0,66.0,0.0,0.0,6.0,0.0,5.0,0.0,80.0,0.0,0.0,6.0,0.0,0.0,0.0,85.0,0.0,0.0,6.0,0.0,2.0,0.0,44.0,0.0,0.0
2840.0,6.0,0.0,0.0,0.0,0.0,0.0,0.0,0.0,4.0,2.0,3.0,2.0,68.0,0.0,0.0,6.0,0.0,5.0,0.0,80.0,0.0,0.0,6.0,0.0,0.0,0.0,85.0,0.0,0.0,6.0,0.0,2.0,0.0,44.0,0.0,0.0
2844.0,6.0,0.0,0.0,0.0,0.0,0.0,0.0,0.0,5.0,1.0,4.0,2.0,69.0,0.0,0.0,6.0,0.0,5.0,0.0,80.0,0.0,0.0,6.0,0.0,0.0,0.0,85.0,0.0,0.0,5.0,1.0,1.0,0.0,44.0,0.0,0.0
2848.0,6.0,0.0,0.0,0.0,0.0,0.0,0.0,0.0,5.0,1.0,4.0,2.0,69.0,0.0,0.0,6.0,0.0,5.0,0.0,80.0,0.0,0.0,6.0,0.0,0.0,0.0,85.0,0.0,0.0,5.0,1.0,1.0,0.0,44.0,0.0,0.0
2852.0,6.0,0.0,0.0,0.0,0.0,0.0,0.0,0.0,6.0,0.0,3.0,4.0,69.0,0.0,0.0,6.0,0.0,4.0,1.0,80.0,0.0,0.0,6.0,0.0,0.0,0.0,85.0,0.0,0.0,6.0,0.0,2.0,0.0,44.0,0.0,0.0
2856.0,6.0,0.0,0.0,0.0,0.0,0.0,0.0,0.0,6.0,0.0,4.0,3.0,70.0,0.0,0.0,6.0,0.0,5.0,0.0,81.0,0.0,0.0,6.0,0.0,0.0,0.0,85.0,0.0,0.0,6.0,0.0,2.0,0.0,44.0,0.0,0.0
2860.0,6.0,0.0,0.0,0.0,0.0,0.0,0.0,0.0,6.0,0.0,5.0,2.0,71.0,0.0,0.0,6.0,0.0,5.0,0.0,81.0,0.0,0.0,5.0,1.0,0.0,0.0,85.0,0.0,0.0,6.0,0.0,2.0,0.0,44.0,0.0,0.0
2864.0,6.0,0.0,0.0,0.0,0.0,0.0,0.0,0.0,6.0,0.0,5.0,2.0,71.0,0.0,0.0,6.0,0.0,5.0,0.0,81.0,0.0,0.0,5.0,1.0,0.0,0.0,85.0,0.0,0.0,6.0,0.0,1.0,1.0,44.0,0.0,0.0
2868.0,6.0,0.0,0.0,0.0,0.0,0.0,0.0,0.0,6.0,0.0,5.0,2.0,71.0,0.0,0.0,6.0,0.0,3.0,1.0,81.0,0.0,0.0,5.0,1.0,0.0,0.0,85.0,0.0,0.0,6.0,0.0,2.0,0.0,45.0,0.0,0.0
2872.0,6.0,0.0,0.0,0.0,0.0,0.0,0.0,0.0,6.0,0.0,6.0,1.0,72.0,0.0,0.0,6.0,0.0,3.0,1.0,81.0,0.0,0.0,5.0,1.0,0.0,0.0,85.0,0.0,0.0,6.0,0.0,2.0,0.0,45.0,0.0,0.0
2876.0,6.0,0.0,0.0,0.0,0.0,0.0,0.0,0.0,6.0,0.0,5.0,1.0,72.0,0.0,0.0,6.0,0.0,4.0,0.0,82.0,0.0,0.0,6.0,0.0,0.0,1.0,85.0,0.0,0.0,6.0,0.0,2.0,0.0,45.0,0.0,0.0
2880.0,6.0,0.0,0.0,0.0,0.0,0.0,0.0,0.0,6.0,0.0,5.0,1.0,72.0,0.0,0.0,6.0,0.0,4.0,0.0,82.0,0.0,0.0,6.0,0.0,0.0,1.0,85.0,0.0,0.0,6.0,0.0,2.0,0.0,45.0,0.0,0.0
2884.0,6.0,0.0,0.0,0.0,0.0,0.0,0.0,0.0,6.0,0.0,5.0,1.0,72.0,0.0,0.0,6.0,0.0,3.0,0.0,82.0,0.0,0.0,6.0,0.0,0.0,1.0,85.0,0.0,0.0,6.0,0.0,2.0,0.0,45.0,0.0,0.0
2888.0,6.0,0.0,0.0,0.0,0.0,0.0,0.0,0.0,6.0,0.0,5.0,1.0,72.0,0.0,0.0,6.0,0.0,3.0,0.0,82.0,0.0,0.0,6.0,0.0,1.0,0.0,86.0,0.0,0.0,6.0,0.0,2.0,0.0,45.0,0.0,0.0
2892.0,6.0,0.0,0.0,0.0,0.0,0.0,0.0,0.0,6.0,0.0,3.0,3.0,72.0,0.0,0.0,6.0,0.0,3.0,0.0,82.0,0.0,0.0,6.0,0.0,1.0,0.0,86.0,0.0,0.0,6.0,0.0,2.0,0.0,45.0,0.0,0.0
2896.0,6.0,0.0,0.0,0.0,0.0,0.0,0.0,0.0,6.0,0.0,4.0,2.0,73.0,0.0,0.0,6.0,0.0,2.0,0.0,82.0,0.0,0.0,6.0,0.0,1.0,0.0,86.0,0.0,0.0,6.0,0.0,1.0,0.0,45.0,0.0,0.0
2900.0,6.0,0.0,0.0,0.0,0.0,0.0,0.0,0.0,6.0,0.0,5.0,1.0,74.0,0.0,0.0,6.0,0.0,2.0,0.0,82.0,0.0,0.0,6.0,0.0,1.0,0.0,86.0,0.0,0.0,6.0,0.0,1.0,0.0,45.0,0.0,0.0
2904.0,6.0,0.0,0.0,0.0,0.0,0.0,0.0,0.0,6.0,0.0,5.0,1.0,74.0,0.0,0.0,6.0,0.0,1.0,1.0,82.0,0.0,0.0,6.0,0.0,1.0,0.0,86.0,0.0,0.0,6.0,0.0,1.0,0.0,45.0,0.0,0.0
2908.0,6.0,0.0,0.0,0.0,0.0,0.0,0.0,0.0,6.0,0.0,6.0,0.0,76.0,0.0,0.0,6.0,0.0,2.0,0.0,83.0,0.0,0.0,6.0,0.0,1.0,0.0,86.0,0.0,0.0,6.0,0.0,0.0,1.0,45.0,0.0,0.0
2912.0,6.0,0.0,0.0,0.0,0.0,0.0,0.0,0.0,6.0,0.0,5.0,1.0,76.0,0.0,0.0,6.0,0.0,2.0,0.0,83.0,0.0,0.0,6.0,0.0,1.0,0.0,86.0,0.0,0.0,6.0,0.0,1.0,0.0,46.0,0.0,0.0
2916.0,6.0,0.0,0.0,0.0,0.0,0.0,0.0,0.0,6.0,0.0,5.0,1.0,76.0,0.0,0.0,6.0,0.0,2.0,0.0,83.0,0.0,0.0,5.0,1.0,1.0,0.0,86.0,0.0,0.0,6.0,0.0,1.0,0.0,46.0,0.0,0.0
2920.0,6.0,0.0,0.0,0.0,0.0,0.0,0.0,0.0,6.0,0.0,5.0,1.0,76.0,0.0,0.0,6.0,0.0,2.0,0.0,83.0,0.0,0.0,5.0,1.0,1.0,0.0,86.0,0.0,0.0,6.0,0.0,1.0,0.0,46.0,0.0,0.0
2924.0,6.0,0.0,0.0,0.0,0.0,0.0,0.0,0.0,6.0,0.0,5.0,0.0,77.0,0.0,0.0,6.0,0.0,2.0,0.0,83.0,0.0,0.0,6.0,0.0,2.0,0.0,86.0,0.0,0.0,6.0,0.0,1.0,0.0,46.0,0.0,0.0
2928.0,6.0,0.0,0.0,0.0,0.0,0.0,0.0,0.0,6.0,0.0,4.0,0.0,77.0,0.0,0.0,6.0,0.0,2.0,0.0,83.0,0.0,0.0,6.0,0.0,2.0,0.0,86.0,0.0,0.0,6.0,0.0,1.0,0.0,46.0,0.0,0.0
2932.0,6.0,0.0,0.0,0.0,0.0,0.0,0.0,0.0,6.0,0.0,4.0,0.0,77.0,0.0,0.0,6.0,0.0,2.0,0.0,83.0,0.0,0.0,6.0,0.0,2.0,0.0,86.0,0.0,0.0,6.0,0.0,0.0,1.0,46.0,0.0,0.0
2936.0,6.0,0.0,0.0,0.0,0.0,0.0,0.0,0.0,6.0,0.0,4.0,0.0,78.0,0.0,0.0,6.0,0.0,2.0,0.0,83.0,0.0,0.0,6.0,0.0,2.0,0.0,86.0,0.0,0.0,6.0,0.0,0.0,1.0,46.0,0.0,0.0
2940.0,6.0,0.0,0.0,0.0,0.0,0.0,0.0,0.0,6.0,0.0,4.0,0.0,78.0,0.0,0.0,6.0,0.0,2.0,0.0,83.0,0.0,0.0,6.0,0.0,2.0,0.0,86.0,0.0,0.0,6.0,0.0,0.0,0.0,47.0,0.0,0.0
2944.0,7.0,0.0,0.0,0.0,0.0,0.0,0.0,0.0,7.0,0.0,3.0,1.0,78.0,0.0,0.0,7.0,0.0,2.0,0.0,83.0,0.0,0.0,7.0,0.0,2.0,0.0,86.0,0.0,0.0,7.0,0.0,0.0,0.0,47.0,0.0,0.0
2948.0,7.0,0.0,0.0,0.0,0.0,0.0,0.0,0.0,7.0,0.0,3.0,1.0,78.0,0.0,0.0,7.0,0.0,1.0,1.0,83.0,0.0,0.0,7.0,0.0,2.0,0.0,86.0,0.0,0.0,7.0,0.0,0.0,0.0,47.0,0.0,0.0
2952.0,7.0,0.0,0.0,0.0,0.0,0.0,0.0,0.0,7.0,0.0,3.0,1.0,78.0,0.0,0.0,7.0,0.0,1.0,1.0,83.0,0.0,0.0,7.0,0.0,2.0,0.0,86.0,0.0,0.0,7.0,0.0,0.0,0.0,47.0,0.0,0.0
2956.0,7.0,0.0,0.0,0.0,0.0,0.0,0.0,0.0,7.0,0.0,3.0,1.0,78.0,0.0,0.0,7.0,0.0,2.0,0.0,84.0,0.0,0.0,7.0,0.0,1.0,1.0,86.0,0.0,0.0,7.0,0.0,0.0,0.0,47.0,0.0,0.0
2960.0,7.0,0.0,0.0,0.0,0.0,0.0,0.0,0.0,7.0,0.0,2.0,2.0,78.0,0.0,0.0,7.0,0.0,2.0,0.0,84.0,0.0,0.0,7.0,0.0,2.0,0.0,87.0,0.0,0.0,7.0,0.0,0.0,0.0,47.0,0.0,0.0
2964.0,7.0,0.0,0.0,0.0,0.0,0.0,0.0,0.0,7.0,0.0,4.0,0.0,80.0,0.0,0.0,7.0,0.0,2.0,0.0,84.0,0.0,0.0,7.0,0.0,2.0,0.0,87.0,0.0,0.0,7.0,0.0,0.0,0.0,47.0,0.0,0.0
2968.0,7.0,0.0,0.0,0.0,0.0,0.0,0.0,0.0,7.0,0.0,4.0,0.0,80.0,0.0,0.0,7.0,0.0,2.0,0.0,84.0,0.0,0.0,7.0,0.0,2.0,0.0,87.0,0.0,0.0,6.0,1.0,0.0,0.0,47.0,0.0,0.0
2972.0,7.0,0.0,0.0,0.0,0.0,0.0,0.0,0.0,7.0,0.0,3.0,1.0,80.0,0.0,0.0,7.0,0.0,2.0,0.0,84.0,0.0,0.0,7.0,0.0,1.0,1.0,87.0,0.0,0.0,7.0,0.0,1.0,0.0,47.0,0.0,0.0
2976.0,7.0,0.0,0.0,0.0,0.0,0.0,0.0,0.0,7.0,0.0,3.0,1.0,80.0,0.0,0.0,7.0,0.0,2.0,0.0,84.0,0.0,0.0,7.0,0.0,1.0,1.0,87.0,0.0,0.0,7.0,0.0,1.0,0.0,47.0,0.0,0.0
2980.0,7.0,0.0,0.0,0.0,0.0,0.0,0.0,0.0,7.0,0.0,3.0,1.0,80.0,0.0,0.0,7.0,0.0,2.0,0.0,84.0,0.0,0.0,7.0,0.0,1.0,1.0,87.0,0.0,0.0,7.0,0.0,1.0,0.0,47.0,0.0,0.0
2984.0,7.0,0.0,0.0,0.0,0.0,0.0,0.0,0.0,7.0,0.0,3.0,1.0,80.0,0.0,0.0,7.0,0.0,2.0,0.0,84.0,0.0,0.0,7.0,0.0,0.0,2.0,87.0,0.0,0.0,7.0,0.0,1.0,0.0,47.0,0.0,0.0
2988.0,7.0,0.0,0.0,0.0,0.0,0.0,0.0,0.0,7.0,0.0,3.0,1.0,80.0,0.0,0.0,7.0,0.0,2.0,0.0,84.0,0.0,0.0,7.0,0.0,0.0,2.0,87.0,0.0,0.0,7.0,0.0,1.0,0.0,47.0,0.0,0.0
2992.0,7.0,0.0,0.0,0.0,0.0,0.0,0.0,0.0,7.0,0.0,3.0,1.0,80.0,0.0,0.0,7.0,0.0,2.0,0.0,84.0,0.0,0.0,7.0,0.0,0.0,2.0,87.0,0.0,0.0,7.0,0.0,1.0,0.0,47.0,0.0,0.0
2996.0,7.0,0.0,0.0,0.0,0.0,0.0,0.0,0.0,7.0,0.0,4.0,0.0,81.0,0.0,0.0,7.0,0.0,2.0,0.0,84.0,0.0,0.0,7.0,0.0,0.0,2.0,87.0,0.0,0.0,7.0,0.0,0.0,1.0,47.0,0.0,0.0
3000.0,7.0,0.0,0.0,0.0,0.0,0.0,0.0,0.0,7.0,0.0,3.0,0.0,81.0,0.0,0.0,7.0,0.0,2.0,0.0,84.0,0.0,0.0,7.0,0.0,1.0,1.0,88.0,0.0,0.0,7.0,0.0,0.0,1.0,47.0,0.0,0.0
3004.0,7.0,0.0,0.0,0.0,0.0,0.0,0.0,0.0,7.0,0.0,3.0,0.0,81.0,0.0,0.0,7.0,0.0,2.0,0.0,84.0,0.0,0.0,7.0,0.0,2.0,0.0,89.0,0.0,0.0,7.0,0.0,0.0,1.0,47.0,0.0,0.0
3008.0,7.0,0.0,0.0,0.0,0.0,0.0,0.0,0.0,7.0,0.0,3.0,0.0,81.0,0.0,0.0,7.0,0.0,2.0,0.0,84.0,0.0,0.0,7.0,0.0,1.0,0.0,89.0,0.0,0.0,7.0,0.0,1.0,0.0,48.0,0.0,0.0
3012.0,7.0,0.0,0.0,0.0,0.0,0.0,0.0,0.0,7.0,0.0,3.0,0.0,82.0,0.0,0.0,7.0,0.0,2.0,0.0,84.0,0.0,0.0,7.0,0.0,1.0,0.0,89.0,0.0,0.0,7.0,0.0,1.0,0.0,48.0,0.0,0.0
3016.0,7.0,0.0,0.0,0.0,0.0,0.0,0.0,0.0,7.0,0.0,3.0,0.0,82.0,0.0,0.0,7.0,0.0,2.0,0.0,84.0,0.0,0.0,7.0,0.0,1.0,0.0,89.0,0.0,0.0,7.0,0.0,1.0,0.0,48.0,0.0,0.0
3020.0,7.0,0.0,0.0,0.0,0.0,0.0,0.0,0.0,7.0,0.0,2.0,0.0,82.0,0.0,0.0,7.0,0.0,2.0,0.0,85.0,0.0,0.0,7.0,0.0,1.0,0.0,89.0,0.0,0.0,7.0,0.0,1.0,0.0,48.0,0.0,0.0
3024.0,7.0,0.0,0.0,0.0,0.0,0.0,0.0,0.0,7.0,0.0,2.0,0.0,82.0,0.0,0.0,7.0,0.0,2.0,0.0,86.0,0.0,0.0,7.0,0.0,1.0,0.0,89.0,0.0,0.0,7.0,0.0,1.0,0.0,48.0,0.0,0.0
3028.0,7.0,0.0,0.0,0.0,0.0,0.0,0.0,0.0,7.0,0.0,1.0,1.0,82.0,0.0,0.0,7.0,0.0,2.0,0.0,86.0,0.0,0.0,7.0,0.0,1.0,0.0,89.0,0.0,0.0,7.0,0.0,1.0,0.0,48.0,0.0,0.0
3032.0,7.0,0.0,0.0,0.0,0.0,0.0,0.0,0.0,7.0,0.0,1.0,1.0,82.0,0.0,0.0,7.0,0.0,1.0,0.0,86.0,0.0,0.0,7.0,0.0,1.0,0.0,89.0,0.0,0.0,7.0,0.0,1.0,0.0,48.0,0.0,0.0
3036.0,7.0,0.0,0.0,0.0,0.0,0.0,0.0,0.0,7.0,0.0,1.0,1.0,82.0,0.0,0.0,7.0,0.0,1.0,0.0,86.0,0.0,0.0,7.0,0.0,1.0,0.0,89.0,0.0,0.0,7.0,0.0,1.0,0.0,48.0,0.0,0.0
3040.0,7.0,0.0,0.0,0.0,0.0,0.0,0.0,0.0,7.0,0.0,1.0,1.0,82.0,0.0,0.0,7.0,0.0,1.0,0.0,86.0,0.0,0.0,7.0,0.0,1.0,0.0,89.0,0.0,0.0,7.0,0.0,1.0,0.0,48.0,0.0,0.0
3044.0,7.0,0.0,0.0,0.0,0.0,0.0,0.0,0.0,7.0,0.0,1.0,1.0,82.0,0.0,0.0,7.0,0.0,1.0,0.0,86.0,0.0,0.0,7.0,0.0,1.0,0.0,89.0,0.0,0.0,7.0,0.0,0.0,1.0,48.0,0.0,0.0
3048.0,7.0,0.0,0.0,0.0,0.0,0.0,0.0,0.0,7.0,0.0,0.0,1.0,82.0,0.0,0.0,7.0,0.0,1.0,0.0,86.0,0.0,0.0,7.0,0.0,0.0,1.0,89.0,0.0,0.0,7.0,0.0,0.0,1.0,48.0,0.0,0.0
3052.0,7.0,0.0,0.0,0.0,0.0,0.0,0.0,0.0,7.0,0.0,0.0,1.0,82.0,0.0,0.0,7.0,0.0,1.0,0.0,86.0,0.0,0.0,7.0,0.0,1.0,1.0,89.0,0.0,0.0,7.0,0.0,1.0,0.0,49.0,0.0,0.0
3056.0,7.0,0.0,0.0,0.0,0.0,0.0,0.0,0.0,7.0,0.0,0.0,1.0,82.0,0.0,0.0,7.0,0.0,1.0,0.0,86.0,0.0,0.0,7.0,0.0,2.0,0.0,90.0,0.0,0.0,7.0,0.0,1.0,0.0,49.0,0.0,0.0
3060.0,7.0,0.0,0.0,0.0,0.0,0.0,0.0,0.0,7.0,0.0,1.0,0.0,83.0,0.0,0.0,7.0,0.0,1.0,0.0,86.0,0.0,0.0,7.0,0.0,2.0,0.0,90.0,0.0,0.0,7.0,0.0,1.0,0.0,49.0,0.0,0.0
3064.0,7.0,0.0,0.0,0.0,0.0,0.0,0.0,0.0,7.0,0.0,1.0,0.0,83.0,0.0,0.0,7.0,0.0,1.0,0.0,86.0,0.0,0.0,7.0,0.0,2.0,0.0,90.0,0.0,0.0,7.0,0.0,0.0,1.0,49.0,0.0,0.0
3068.0,7.0,0.0,0.0,0.0,0.0,0.0,0.0,0.0,7.0,0.0,1.0,0.0,83.0,0.0,0.0,7.0,0.0,1.0,0.0,86.0,0.0,0.0,7.0,0.0,2.0,0.0,90.0,0.0,0.0,7.0,0.0,1.0,0.0,50.0,0.0,0.0
3072.0,7.0,0.0,0.0,0.0,0.0,0.0,0.0,0.0,7.0,0.0,1.0,0.0,83.0,0.0,0.0,7.0,0.0,1.0,0.0,86.0,0.0,0.0,6.0,1.0,2.0,0.0,90.0,0.0,0.0,7.0,0.0,1.0,0.0,50.0,0.0,0.0
3076.0,7.0,0.0,0.0,0.0,0.0,0.0,0.0,0.0,7.0,0.0,1.0,0.0,83.0,0.0,0.0,7.0,0.0,1.0,0.0,86.0,0.0,0.0,6.0,1.0,2.0,0.0,90.0,0.0,0.0,7.0,0.0,1.0,0.0,50.0,0.0,0.0
3080.0,7.0,0.0,0.0,0.0,0.0,0.0,0.0,0.0,7.0,0.0,1.0,0.0,83.0,0.0,0.0,7.0,0.0,1.0,0.0,86.0,0.0,0.0,6.0,1.0,1.0,1.0,90.0,0.0,0.0,7.0,0.0,1.0,0.0,50.0,0.0,0.0
3084.0,7.0,0.0,0.0,0.0,0.0,0.0,0.0,0.0,6.0,1.0,1.0,0.0,83.0,0.0,0.0,6.0,1.0,1.0,0.0,86.0,0.0,0.0,6.0,1.0,1.0,1.0,90.0,0.0,0.0,7.0,0.0,1.0,0.0,50.0,0.0,0.0
3088.0,7.0,0.0,0.0,0.0,0.0,0.0,0.0,0.0,6.0,1.0,1.0,0.0,83.0,0.0,0.0,7.0,0.0,2.0,0.0,86.0,0.0,0.0,6.0,1.0,3.0,0.0,91.0,0.0,0.0,7.0,0.0,1.0,0.0,50.0,0.0,0.0
3092.0,7.0,0.0,0.0,0.0,0.0,0.0,0.0,0.0,6.0,1.0,1.0,0.0,83.0,0.0,0.0,7.0,0.0,1.0,1.0,86.0,0.0,0.0,6.0,1.0,4.0,0.0,91.0,0.0,0.0,7.0,0.0,1.0,0.0,50.0,0.0,0.0
3096.0,7.0,0.0,0.0,0.0,0.0,0.0,0.0,0.0,6.0,1.0,1.0,0.0,83.0,0.0,0.0,7.0,0.0,1.0,1.0,87.0,0.0,0.0,6.0,1.0,4.0,0.0,91.0,0.0,0.0,7.0,0.0,1.0,0.0,50.0,0.0,0.0
3100.0,7.0,0.0,0.0,0.0,0.0,0.0,0.0,0.0,6.0,1.0,0.0,1.0,83.0,0.0,0.0,7.0,0.0,1.0,1.0,87.0,0.0,0.0,6.0,1.0,5.0,0.0,91.0,0.0,0.0,7.0,0.0,1.0,0.0,50.0,0.0,0.0
3104.0,7.0,0.0,0.0,0.0,0.0,0.0,0.0,0.0,6.0,1.0,0.0,1.0,83.0,0.0,0.0,7.0,0.0,1.0,1.0,87.0,0.0,0.0,6.0,1.0,4.0,1.0,91.0,0.0,0.0,7.0,0.0,1.0,0.0,50.0,0.0,0.0
3108.0,7.0,0.0,0.0,0.0,0.0,0.0,0.0,0.0,6.0,1.0,0.0,1.0,83.0,0.0,0.0,7.0,0.0,1.0,1.0,87.0,0.0,0.0,6.0,1.0,5.0,0.0,92.0,0.0,0.0,7.0,0.0,1.0,0.0,50.0,0.0,0.0
3112.0,7.0,0.0,0.0,0.0,0.0,0.0,0.0,0.0,6.0,1.0,1.0,0.0,84.0,0.0,0.0,7.0,0.0,1.0,1.0,87.0,0.0,0.0,6.0,1.0,6.0,0.0,93.0,0.0,0.0,7.0,0.0,1.0,0.0,50.0,0.0,0.0
3116.0,7.0,0.0,0.0,0.0,0.0,0.0,0.0,0.0,6.0,1.0,1.0,0.0,84.0,0.0,0.0,7.0,0.0,1.0,1.0,87.0,0.0,0.0,6.0,1.0,6.0,0.0,94.0,0.0,0.0,7.0,0.0,1.0,0.0,50.0,0.0,0.0
3120.0,7.0,0.0,0.0,0.0,0.0,0.0,0.0,0.0,6.0,1.0,1.0,0.0,84.0,0.0,0.0,7.0,0.0,2.0,0.0,89.0,0.0,0.0,6.0,1.0,6.0,0.0,94.0,0.0,0.0,7.0,0.0,1.0,0.0,50.0,0.0,0.0
3124.0,7.0,0.0,0.0,0.0,0.0,0.0,0.0,0.0,6.0,1.0,1.0,0.0,84.0,0.0,0.0,7.0,0.0,2.0,0.0,89.0,0.0,0.0,6.0,1.0,5.0,1.0,94.0,0.0,0.0,7.0,0.0,0.0,1.0,50.0,0.0,0.0
3128.0,7.0,0.0,0.0,0.0,0.0,0.0,0.0,0.0,7.0,0.0,2.0,0.0,84.0,0.0,0.0,7.0,0.0,2.0,0.0,89.0,0.0,0.0,6.0,1.0,6.0,0.0,95.0,0.0,0.0,6.0,1.0,0.0,1.0,50.0,0.0,0.0
3132.0,7.0,0.0,0.0,0.0,0.0,0.0,0.0,0.0,7.0,0.0,1.0,1.0,84.0,0.0,0.0,7.0,0.0,2.0,0.0,89.0,0.0,0.0,6.0,1.0,6.0,0.0,95.0,0.0,0.0,6.0,1.0,0.0,1.0,50.0,0.0,0.0
3136.0,7.0,0.0,0.0,0.0,0.0,0.0,0.0,0.0,7.0,0.0,1.0,1.0,84.0,0.0,0.0,7.0,0.0,2.0,0.0,89.0,0.0,0.0,7.0,0.0,6.0,1.0,95.0,0.0,0.0,7.0,0.0,1.0,1.0,50.0,0.0,0.0
3140.0,7.0,0.0,0.0,0.0,0.0,0.0,0.0,0.0,7.0,0.0,2.0,0.0,85.0,0.0,0.0,7.0,0.0,1.0,0.0,89.0,0.0,0.0,7.0,0.0,5.0,2.0,95.0,0.0,0.0,7.0,0.0,1.0,1.0,50.0,0.0,0.0
3144.0,7.0,0.0,0.0,0.0,0.0,0.0,0.0,0.0,7.0,0.0,2.0,0.0,85.0,0.0,0.0,7.0,0.0,1.0,0.0,89.0,0.0,0.0,7.0,0.0,6.0,1.0,96.0,0.0,0.0,7.0,0.0,1.0,1.0,50.0,0.0,0.0
3148.0,7.0,0.0,0.0,0.0,0.0,0.0,0.0,0.0,7.0,0.0,2.0,0.0,85.0,0.0,0.0,7.0,0.0,1.0,0.0,89.0,0.0,0.0,7.0,0.0,7.0,0.0,97.0,0.0,0.0,7.0,0.0,2.0,0.0,51.0,0.0,0.0
3152.0,7.0,0.0,0.0,0.0,0.0,0.0,0.0,0.0,7.0,0.0,1.0,0.0,85.0,0.0,0.0,7.0,0.0,1.0,0.0,89.0,0.0,0.0,7.0,0.0,7.0,0.0,97.0,0.0,0.0,7.0,0.0,2.0,0.0,51.0,0.0,0.0
3156.0,7.0,0.0,0.0,0.0,0.0,0.0,0.0,0.0,7.0,0.0,0.0,0.0,85.0,0.0,0.0,7.0,0.0,1.0,0.0,89.0,0.0,0.0,7.0,0.0,7.0,0.0,97.0,0.0,0.0,7.0,0.0,2.0,0.0,51.0,0.0,0.0
3160.0,7.0,0.0,0.0,0.0,0.0,0.0,0.0,0.0,7.0,0.0,0.0,0.0,85.0,0.0,0.0,7.0,0.0,1.0,0.0,89.0,0.0,0.0,7.0,0.0,7.0,0.0,97.0,0.0,0.0,7.0,0.0,2.0,0.0,51.0,0.0,0.0
3164.0,7.0,0.0,0.0,0.0,0.0,0.0,0.0,0.0,7.0,0.0,0.0,0.0,85.0,0.0,0.0,7.0,0.0,1.0,0.0,89.0,0.0,0.0,7.0,0.0,7.0,0.0,97.0,0.0,0.0,7.0,0.0,2.0,0.0,51.0,0.0,0.0
3168.0,8.0,0.0,0.0,0.0,0.0,0.0,0.0,0.0,8.0,0.0,0.0,0.0,85.0,0.0,0.0,8.0,0.0,1.0,0.0,89.0,0.0,0.0,8.0,0.0,7.0,0.0,97.0,0.0,0.0,8.0,0.0,2.0,0.0,51.0,0.0,0.0
3172.0,8.0,0.0,0.0,0.0,0.0,0.0,0.0,0.0,8.0,0.0,0.0,0.0,85.0,0.0,0.0,8.0,0.0,1.0,0.0,89.0,0.0,0.0,8.0,0.0,6.0,1.0,97.0,0.0,0.0,8.0,0.0,2.0,0.0,51.0,0.0,0.0
3176.0,8.0,0.0,0.0,0.0,0.0,0.0,0.0,0.0,8.0,0.0,0.0,0.0,85.0,0.0,0.0,8.0,0.0,1.0,0.0,89.0,0.0,0.0,8.0,0.0,6.0,0.0,98.0,0.0,0.0,8.0,0.0,2.0,0.0,51.0,0.0,0.0
3180.0,8.0,0.0,0.0,0.0,0.0,0.0,0.0,0.0,8.0,0.0,0.0,0.0,85.0,0.0,0.0,8.0,0.0,1.0,0.0,89.0,0.0,0.0,8.0,0.0,5.0,1.0,98.0,0.0,0.0,8.0,0.0,2.0,0.0,51.0,0.0,0.0
3184.0,8.0,0.0,0.0,0.0,0.0,0.0,0.0,0.0,8.0,0.0,0.0,0.0,85.0,0.0,0.0,8.0,0.0,1.0,0.0,89.0,0.0,0.0,8.0,0.0,4.0,1.0,98.0,0.0,0.0,8.0,0.0,2.0,0.0,51.0,0.0,0.0
3188.0,8.0,0.0,0.0,0.0,0.0,0.0,0.0,0.0,8.0,0.0,0.0,0.0,85.0,0.0,0.0,8.0,0.0,1.0,0.0,89.0,0.0,0.0,8.0,0.0,4.0,1.0,99.0,0.0,0.0,8.0,0.0,2.0,0.0,51.0,0.0,0.0
3192.0,8.0,0.0,0.0,0.0,0.0,0.0,0.0,0.0,8.0,0.0,0.0,0.0,85.0,0.0,0.0,8.0,0.0,2.0,0.0,89.0,0.0,0.0,8.0,0.0,5.0,0.0,100.0,0.0,0.0,8.0,0.0,2.0,0.0,51.0,0.0,0.0
3196.0,8.0,0.0,0.0,0.0,0.0,0.0,0.0,0.0,8.0,0.0,0.0,0.0,85.0,0.0,0.0,8.0,0.0,2.0,0.0,89.0,0.0,0.0,8.0,0.0,5.0,0.0,100.0,0.0,0.0,8.0,0.0,1.0,1.0,51.0,0.0,0.0
3200.0,8.0,0.0,0.0,0.0,0.0,0.0,0.0,0.0,8.0,0.0,0.0,0.0,85.0,0.0,0.0,8.0,0.0,2.0,0.0,89.0,0.0,0.0,8.0,0.0,5.0,0.0,100.0,0.0,0.0,8.0,0.0,1.0,1.0,51.0,0.0,0.0
3204.0,8.0,0.0,0.0,0.0,0.0,0.0,0.0,0.0,8.0,0.0,0.0,0.0,85.0,0.0,0.0,8.0,0.0,2.0,0.0,89.0,0.0,0.0,8.0,0.0,5.0,0.0,100.0,0.0,0.0,8.0,0.0,1.0,1.0,51.0,0.0,0.0
3208.0,8.0,0.0,0.0,0.0,0.0,0.0,0.0,0.0,8.0,0.0,0.0,0.0,85.0,0.0,0.0,8.0,0.0,2.0,0.0,89.0,0.0,0.0,8.0,0.0,4.0,1.0,100.0,0.0,0.0,8.0,0.0,1.0,1.0,51.0,0.0,0.0
3212.0,8.0,0.0,0.0,0.0,0.0,0.0,0.0,0.0,8.0,0.0,0.0,0.0,85.0,0.0,0.0,7.0,1.0,2.0,0.0,89.0,0.0,0.0,8.0,0.0,4.0,1.0,100.0,0.0,0.0,8.0,0.0,1.0,1.0,51.0,0.0,0.0
3216.0,8.0,0.0,0.0,0.0,0.0,0.0,0.0,0.0,8.0,0.0,0.0,0.0,85.0,0.0,0.0,7.0,1.0,2.0,0.0,89.0,0.0,0.0,8.0,0.0,4.0,1.0,100.0,0.0,0.0,8.0,0.0,2.0,0.0,52.0,0.0,0.0
3220.0,8.0,0.0,0.0,0.0,0.0,0.0,0.0,0.0,8.0,0.0,0.0,0.0,85.0,0.0,0.0,7.0,1.0,2.0,0.0,89.0,0.0,0.0,8.0,0.0,5.0,0.0,101.0,0.0,0.0,7.0,1.0,2.0,0.0,52.0,0.0,0.0
3224.0,8.0,0.0,0.0,0.0,0.0,0.0,0.0,0.0,8.0,0.0,0.0,0.0,85.0,0.0,0.0,8.0,0.0,1.0,2.0,89.0,0.0,0.0,8.0,0.0,5.0,0.0,101.0,0.0,0.0,8.0,0.0,3.0,0.0,53.0,0.0,0.0
3228.0,8.0,0.0,0.0,0.0,0.0,0.0,0.0,0.0,8.0,0.0,0.0,0.0,85.0,0.0,0.0,8.0,0.0,3.0,0.0,91.0,0.0,0.0,8.0,0.0,5.0,0.0,101.0,0.0,0.0,8.0,0.0,3.0,0.0,53.0,0.0,0.0
3232.0,8.0,0.0,0.0,0.0,0.0,0.0,0.0,0.0,8.0,0.0,0.0,0.0,85.0,0.0,0.0,8.0,0.0,3.0,0.0,92.0,0.0,0.0,8.0,0.0,4.0,1.0,101.0,0.0,0.0,8.0,0.0,3.0,0.0,53.0,0.0,0.0
3236.0,8.0,0.0,0.0,0.0,0.0,0.0,0.0,0.0,8.0,0.0,1.0,0.0,85.0,0.0,0.0,8.0,0.0,3.0,0.0,92.0,0.0,0.0,8.0,0.0,4.0,1.0,101.0,0.0,0.0,8.0,0.0,3.0,0.0,53.0,0.0,0.0
3240.0,8.0,0.0,0.0,0.0,0.0,0.0,0.0,0.0,8.0,0.0,1.0,0.0,85.0,0.0,0.0,8.0,0.0,2.0,1.0,92.0,0.0,0.0,7.0,1.0,4.0,1.0,101.0,0.0,0.0,8.0,0.0,3.0,0.0,53.0,0.0,0.0
3244.0,8.0,0.0,0.0,0.0,0.0,0.0,0.0,0.0,8.0,0.0,1.0,0.0,85.0,0.0,0.0,8.0,0.0,2.0,1.0,92.0,0.0,0.0,7.0,1.0,5.0,1.0,101.0,0.0,0.0,8.0,0.0,2.0,1.0,53.0,0.0,0.0
3248.0,8.0,0.0,0.0,0.0,0.0,0.0,0.0,0.0,8.0,0.0,1.0,0.0,85.0,0.0,0.0,7.0,1.0,2.0,1.0,92.0,0.0,0.0,8.0,0.0,6.0,1.0,101.0,0.0,0.0,7.0,1.0,2.0,1.0,53.0,0.0,0.0
3252.0,8.0,0.0,0.0,0.0,0.0,0.0,0.0,0.0,8.0,0.0,1.0,0.0,85.0,0.0,0.0,8.0,0.0,4.0,0.0,93.0,0.0,0.0,8.0,0.0,6.0,1.0,101.0,0.0,0.0,7.0,1.0,2.0,1.0,53.0,0.0,0.0
3256.0,8.0,0.0,0.0,0.0,0.0,0.0,0.0,0.0,8.0,0.0,1.0,0.0,85.0,0.0,0.0,8.0,0.0,4.0,0.0,93.0,0.0,0.0,8.0,0.0,7.0,0.0,102.0,0.0,0.0,7.0,1.0,2.0,1.0,53.0,0.0,0.0
3260.0,8.0,0.0,0.0,0.0,0.0,0.0,0.0,0.0,8.0,0.0,1.0,0.0,85.0,0.0,0.0,8.0,0.0,4.0,0.0,93.0,0.0,0.0,8.0,0.0,7.0,0.0,102.0,0.0,0.0,7.0,1.0,2.0,1.0,53.0,0.0,0.0
3264.0,8.0,0.0,0.0,0.0,0.0,0.0,0.0,0.0,8.0,0.0,1.0,0.0,85.0,0.0,0.0,8.0,0.0,4.0,0.0,93.0,0.0,0.0,8.0,0.0,6.0,1.0,102.0,0.0,0.0,7.0,1.0,2.0,1.0,53.0,0.0,0.0
3268.0,8.0,0.0,0.0,0.0,0.0,0.0,0.0,0.0,8.0,0.0,1.0,0.0,85.0,0.0,0.0,8.0,0.0,4.0,0.0,93.0,0.0,0.0,8.0,0.0,5.0,1.0,102.0,0.0,0.0,6.0,2.0,2.0,1.0,53.0,0.0,0.0
3272.0,8.0,0.0,0.0,0.0,0.0,0.0,0.0,0.0,8.0,0.0,1.0,0.0,85.0,0.0,0.0,8.0,0.0,3.0,1.0,93.0,0.0,0.0,8.0,0.0,4.0,1.0,102.0,0.0,0.0,6.0,2.0,3.0,0.0,54.0,0.0,0.0
3276.0,8.0,0.0,0.0,0.0,0.0,0.0,0.0,0.0,8.0,0.0,1.0,0.0,85.0,0.0,0.0,8.0,0.0,3.0,1.0,93.0,0.0,0.0,8.0,0.0,4.0,0.0,104.0,0.0,0.0,8.0,0.0,5.0,0.0,54.0,0.0,0.0
3280.0,8.0,0.0,0.0,0.0,0.0,0.0,0.0,0.0,8.0,0.0,1.0,0.0,85.0,0.0,0.0,8.0,0.0,4.0,0.0,94.0,0.0,0.0,8.0,0.0,3.0,2.0,104.0,0.0,0.0,8.0,0.0,4.0,0.0,54.0,0.0,0.0
3284.0,8.0,0.0,0.0,0.0,0.0,0.0,0.0,0.0,8.0,0.0,0.0,1.0,85.0,0.0,0.0,8.0,0.0,4.0,0.0,94.0,0.0,0.0,8.0,0.0,3.0,2.0,104.0,0.0,0.0,8.0,0.0,4.0,0.0,54.0,0.0,0.0
3288.0,8.0,0.0,0.0,0.0,0.0,0.0,0.0,0.0,8.0,0.0,0.0,1.0,85.0,0.0,0.0,8.0,0.0,4.0,0.0,94.0,0.0,0.0,8.0,0.0,3.0,2.0,105.0,0.0,0.0,8.0,0.0,4.0,0.0,54.0,0.0,0.0
3292.0,8.0,0.0,0.0,0.0,0.0,0.0,0.0,0.0,8.0,0.0,0.0,1.0,85.0,0.0,0.0,8.0,0.0,4.0,0.0,94.0,0.0,0.0,8.0,0.0,5.0,0.0,107.0,0.0,0.0,8.0,0.0,3.0,0.0,54.0,0.0,0.0
3296.0,8.0,0.0,0.0,0.0,0.0,0.0,0.0,0.0,8.0,0.0,0.0,1.0,85.0,0.0,0.0,8.0,0.0,4.0,0.0,94.0,0.0,0.0,8.0,0.0,5.0,0.0,107.0,0.0,0.0,8.0,0.0,3.0,0.0,54.0,0.0,0.0
3300.0,8.0,0.0,0.0,0.0,0.0,0.0,0.0,0.0,8.0,0.0,1.0,0.0,86.0,0.0,0.0,8.0,0.0,3.0,1.0,95.0,0.0,0.0,8.0,0.0,5.0,0.0,107.0,0.0,0.0,7.0,1.0,3.0,0.0,55.0,0.0,0.0
3304.0,8.0,0.0,0.0,0.0,0.0,0.0,0.0,0.0,8.0,0.0,1.0,0.0,86.0,0.0,0.0,8.0,0.0,4.0,0.0,96.0,0.0,0.0,8.0,0.0,5.0,0.0,107.0,0.0,0.0,7.0,1.0,3.0,0.0,55.0,0.0,0.0
3308.0,8.0,0.0,0.0,0.0,0.0,0.0,0.0,0.0,7.0,1.0,1.0,0.0,86.0,0.0,0.0,7.0,1.0,4.0,0.0,96.0,0.0,0.0,8.0,0.0,5.0,0.0,107.0,0.0,0.0,7.0,1.0,3.0,0.0,55.0,0.0,0.0
3312.0,8.0,0.0,0.0,0.0,0.0,0.0,0.0,0.0,7.0,1.0,1.0,0.0,86.0,0.0,0.0,8.0,0.0,4.0,1.0,97.0,0.0,0.0,8.0,0.0,5.0,0.0,107.0,0.0,0.0,6.0,2.0,3.0,0.0,55.0,0.0,0.0
3316.0,8.0,0.0,0.0,0.0,0.0,0.0,0.0,0.0,8.0,0.0,2.0,0.0,86.0,0.0,0.0,8.0,0.0,4.0,0.0,98.0,0.0,0.0,8.0,0.0,5.0,0.0,107.0,0.0,0.0,6.0,2.0,3.0,0.0,55.0,0.0,0.0
3320.0,8.0,0.0,0.0,0.0,0.0,0.0,0.0,0.0,8.0,0.0,2.0,0.0,86.0,0.0,0.0,8.0,0.0,4.0,0.0,98.0,0.0,0.0,8.0,0.0,5.0,0.0,107.0,0.0,0.0,8.0,0.0,5.0,0.0,55.0,0.0,0.0
3324.0,8.0,0.0,0.0,0.0,0.0,0.0,0.0,0.0,8.0,0.0,2.0,0.0,86.0,0.0,0.0,8.0,0.0,4.0,0.0,98.0,0.0,0.0,8.0,0.0,5.0,0.0,107.0,0.0,0.0,8.0,0.0,5.0,0.0,55.0,0.0,0.0
3328.0,8.0,0.0,0.0,0.0,0.0,0.0,0.0,0.0,8.0,0.0,2.0,0.0,86.0,0.0,0.0,8.0,0.0,3.0,1.0,98.0,0.0,0.0,8.0,0.0,4.0,0.0,107.0,0.0,0.0,8.0,0.0,5.0,0.0,55.0,0.0,0.0
3332.0,8.0,0.0,0.0,0.0,0.0,0.0,0.0,0.0,8.0,0.0,2.0,0.0,86.0,0.0,0.0,8.0,0.0,3.0,1.0,98.0,0.0,0.0,8.0,0.0,3.0,1.0,107.0,0.0,0.0,8.0,0.0,5.0,0.0,55.0,0.0,0.0
3336.0,8.0,0.0,0.0,0.0,0.0,0.0,0.0,0.0,8.0,0.0,2.0,0.0,86.0,0.0,0.0,8.0,0.0,4.0,0.0,99.0,0.0,0.0,8.0,0.0,3.0,1.0,108.0,0.0,0.0,8.0,0.0,5.0,0.0,55.0,0.0,0.0
3340.0,8.0,0.0,0.0,0.0,0.0,0.0,0.0,0.0,8.0,0.0,2.0,0.0,86.0,0.0,0.0,8.0,0.0,4.0,0.0,99.0,0.0,0.0,8.0,0.0,4.0,0.0,109.0,0.0,0.0,8.0,0.0,5.0,1.0,55.0,0.0,0.0
3344.0,8.0,0.0,0.0,0.0,0.0,0.0,0.0,0.0,8.0,0.0,2.0,0.0,86.0,0.0,0.0,8.0,0.0,4.0,0.0,99.0,0.0,0.0,8.0,0.0,3.0,1.0,109.0,0.0,0.0,7.0,1.0,5.0,1.0,55.0,0.0,0.0
3348.0,8.0,0.0,0.0,0.0,0.0,0.0,0.0,0.0,8.0,0.0,2.0,0.0,86.0,0.0,0.0,8.0,0.0,4.0,0.0,99.0,0.0,0.0,8.0,0.0,3.0,1.0,109.0,0.0,0.0,7.0,1.0,4.0,1.0,55.0,0.0,0.0
3352.0,8.0,0.0,0.0,0.0,0.0,0.0,0.0,0.0,8.0,0.0,2.0,0.0,86.0,0.0,0.0,8.0,0.0,3.0,1.0,99.0,0.0,0.0,8.0,0.0,3.0,1.0,109.0,0.0,0.0,7.0,1.0,4.0,1.0,56.0,0.0,0.0
3356.0,8.0,0.0,0.0,0.0,0.0,0.0,0.0,0.0,7.0,1.0,2.0,0.0,86.0,0.0,0.0,8.0,0.0,3.0,1.0,99.0,0.0,0.0,8.0,0.0,3.0,1.0,109.0,0.0,0.0,6.0,2.0,4.0,1.0,56.0,0.0,0.0
3360.0,8.0,0.0,0.0,0.0,0.0,0.0,0.0,0.0,7.0,1.0,2.0,0.0,86.0,0.0,0.0,8.0,0.0,3.0,1.0,99.0,0.0,0.0,7.0,1.0,3.0,1.0,109.0,0.0,0.0,7.0,1.0,5.0,1.0,56.0,0.0,0.0
3364.0,8.0,0.0,0.0,0.0,0.0,0.0,0.0,0.0,7.0,1.0,2.0,0.0,86.0,0.0,0.0,8.0,0.0,3.0,1.0,99.0,0.0,0.0,8.0,0.0,4.0,1.0,109.0,0.0,0.0,7.0,1.0,5.0,1.0,56.0,0.0,0.0
3368.0,8.0,0.0,0.0,0.0,0.0,0.0,0.0,0.0,8.0,0.0,3.0,0.0,86.0,0.0,0.0,8.0,0.0,4.0,0.0,100.0,0.0,0.0,8.0,0.0,4.0,1.0,109.0,0.0,0.0,7.0,1.0,5.0,1.0,57.0,0.0,0.0
3372.0,8.0,0.0,0.0,0.0,0.0,0.0,0.0,0.0,8.0,0.0,3.0,0.0,86.0,0.0,0.0,8.0,0.0,4.0,0.0,100.0,0.0,0.0,8.0,0.0,4.0,1.0,109.0,0.0,0.0,7.0,1.0,5.0,1.0,57.0,0.0,0.0
3376.0,8.0,0.0,0.0,0.0,0.0,0.0,0.0,0.0,8.0,0.0,2.0,0.0,86.0,0.0,0.0,8.0,0.0,4.0,0.0,100.0,0.0,0.0,7.0,1.0,5.0,0.0,110.0,0.0,0.0,7.0,1.0,5.0,1.0,58.0,0.0,0.0
3380.0,8.0,0.0,0.0,0.0,0.0,0.0,0.0,0.0,8.0,0.0,2.0,0.0,86.0,0.0,0.0,8.0,0.0,4.0,0.0,101.0,0.0,0.0,7.0,1.0,5.0,0.0,110.0,0.0,0.0,7.0,1.0,5.0,1.0,59.0,0.0,0.0
3384.0,8.0,0.0,0.0,0.0,0.0,0.0,0.0,0.0,7.0,1.0,2.0,0.0,86.0,0.0,0.0,8.0,0.0,3.0,0.0,101.0,0.0,0.0,8.0,0.0,6.0,0.0,110.0,0.0,0.0,7.0,1.0,5.0,1.0,59.0,0.0,0.0
3388.0,8.0,0.0,0.0,0.0,0.0,0.0,0.0,0.0,7.0,1.0,2.0,0.0,86.0,0.0,0.0,8.0,0.0,3.0,0.0,101.0,0.0,0.0,8.0,0.0,6.0,0.0,110.0,0.0,0.0,7.0,1.0,6.0,0.0,60.0,0.0,0.0
3392.0,8.0,0.0,0.0,0.0,0.0,0.0,0.0,0.0,7.0,1.0,2.0,0.0,86.0,0.0,0.0,8.0,0.0,3.0,0.0,101.0,0.0,0.0,8.0,0.0,6.0,0.0,110.0,0.0,0.0,7.0,1.0,5.0,0.0,60.0,0.0,0.0
3396.0,8.0,0.0,0.0,0.0,0.0,0.0,0.0,0.0,7.0,1.0,1.0,1.0,86.0,0.0,0.0,8.0,0.0,3.0,0.0,101.0,0.0,0.0,8.0,0.0,5.0,1.0,110.0,0.0,0.0,7.0,1.0,5.0,0.0,60.0,0.0,0.0
3400.0,8.0,0.0,0.0,0.0,0.0,0.0,0.0,0.0,8.0,0.0,2.0,1.0,86.0,0.0,0.0,8.0,0.0,3.0,0.0,101.0,0.0,0.0,8.0,0.0,5.0,1.0,110.0,0.0,0.0,7.0,1.0,5.0,0.0,60.0,0.0,0.0
3404.0,8.0,0.0,0.0,0.0,0.0,0.0,0.0,0.0,8.0,0.0,2.0,1.0,86.0,0.0,0.0,7.0,1.0,3.0,0.0,101.0,0.0,0.0,8.0,0.0,5.0,1.0,110.0,0.0,0.0,7.0,1.0,5.0,0.0,60.0,0.0,0.0
3408.0,8.0,0.0,0.0,0.0,0.0,0.0,0.0,0.0,8.0,0.0,1.0,1.0,86.0,0.0,0.0,8.0,0.0,4.0,0.0,101.0,0.0,0.0,8.0,0.0,4.0,2.0,110.0,0.0,0.0,7.0,1.0,5.0,0.0,60.0,0.0,0.0
3412.0,8.0,0.0,0.0,0.0,0.0,0.0,0.0,0.0,8.0,0.0,1.0,1.0,86.0,0.0,0.0,8.0,0.0,4.0,0.0,101.0,0.0,0.0,8.0,0.0,4.0,2.0,110.0,0.0,0.0,7.0,1.0,5.0,0.0,60.0,0.0,0.0
3416.0,8.0,0.0,0.0,0.0,0.0,0.0,0.0,0.0,8.0,0.0,2.0,0.0,87.0,0.0,0.0,8.0,0.0,4.0,0.0,101.0,0.0,0.0,8.0,0.0,4.0,2.0,110.0,0.0,0.0,7.0,1.0,5.0,0.0,60.0,0.0,0.0
3420.0,8.0,0.0,0.0,0.0,0.0,0.0,0.0,0.0,8.0,0.0,2.0,0.0,87.0,0.0,0.0,8.0,0.0,4.0,0.0,101.0,0.0,0.0,7.0,1.0,4.0,2.0,110.0,0.0,0.0,7.0,1.0,5.0,0.0,60.0,0.0,0.0
3424.0,9.0,0.0,0.0,0.0,0.0,0.0,0.0,0.0,7.0,2.0,2.0,0.0,87.0,0.0,0.0,9.0,0.0,3.0,1.0,101.0,0.0,0.0,8.0,1.0,4.0,2.0,110.0,0.0,0.0,8.0,1.0,4.0,1.0,60.0,0.0,0.0
3428.0,9.0,0.0,0.0,0.0,0.0,0.0,0.0,0.0,7.0,2.0,2.0,0.0,87.0,0.0,0.0,9.0,0.0,3.0,1.0,101.0,0.0,0.0,9.0,0.0,5.0,1.0,111.0,0.0,0.0,8.0,1.0,4.0,1.0,60.0,0.0,0.0
3432.0,10.0,0.0,0.0,0.0,0.0,0.0,0.0,0.0,8.0,2.0,2.0,0.0,87.0,0.0,0.0,10.0,0.0,4.0,0.0,102.0,0.0,0.0,10.0,0.0,4.0,2.0,111.0,0.0,0.0,9.0,1.0,4.0,1.0,60.0,0.0,0.0
3436.0,10.0,0.0,0.0,0.0,0.0,0.0,0.0,0.0,8.0,2.0,2.0,0.0,87.0,0.0,0.0,10.0,0.0,4.0,0.0,103.0,0.0,0.0,10.0,0.0,3.0,2.0,111.0,0.0,0.0,10.0,0.0,5.0,1.0,60.0,0.0,0.0
3440.0,10.0,0.0,0.0,0.0,0.0,0.0,0.0,0.0,9.0,1.0,3.0,0.0,87.0,0.0,0.0,9.0,1.0,4.0,0.0,103.0,0.0,0.0,8.0,2.0,3.0,2.0,111.0,0.0,0.0,10.0,0.0,5.0,1.0,60.0,0.0,0.0
3444.0,10.0,0.0,0.0,0.0,0.0,0.0,0.0,0.0,9.0,1.0,3.0,0.0,87.0,0.0,0.0,9.0,1.0,4.0,0.0,103.0,0.0,0.0,9.0,1.0,4.0,2.0,111.0,0.0,0.0,10.0,0.0,4.0,2.0,60.0,0.0,0.0
3448.0,10.0,0.0,0.0,0.0,0.0,0.0,0.0,0.0,9.0,1.0,3.0,0.0,87.0,0.0,0.0,9.0,1.0,4.0,0.0,103.0,0.0,0.0,10.0,0.0,5.0,1.0,112.0,0.0,0.0,10.0,0.0,5.0,1.0,61.0,0.0,0.0
3452.0,10.0,0.0,0.0,0.0,0.0,0.0,0.0,0.0,9.0,1.0,3.0,0.0,87.0,0.0,0.0,10.0,0.0,5.0,0.0,103.0,0.0,0.0,10.0,0.0,6.0,0.0,113.0,0.0,0.0,10.0,0.0,5.0,1.0,61.0,0.0,0.0
3456.0,10.0,0.0,0.0,0.0,0.0,0.0,0.0,0.0,9.0,1.0,3.0,0.0,87.0,0.0,0.0,9.0,1.0,5.0,0.0,103.0,0.0,0.0,9.0,1.0,4.0,2.0,113.0,0.0,0.0,10.0,0.0,5.0,1.0,61.0,0.0,0.0
3460.0,10.0,0.0,0.0,0.0,0.0,0.0,0.0,0.0,9.0,1.0,3.0,0.0,87.0,0.0,0.0,9.0,1.0,5.0,0.0,103.0,0.0,0.0,8.0,2.0,6.0,0.0,115.0,0.0,0.0,10.0,0.0,4.0,2.0,61.0,0.0,0.0
3464.0,10.0,0.0,0.0,0.0,0.0,0.0,0.0,0.0,10.0,0.0,4.0,0.0,87.0,0.0,0.0,10.0,0.0,5.0,1.0,103.0,0.0,0.0,8.0,2.0,7.0,0.0,115.0,0.0,0.0,10.0,0.0,4.0,2.0,61.0,0.0,0.0
3468.0,10.0,0.0,0.0,0.0,0.0,0.0,0.0,0.0,10.0,0.0,4.0,0.0,88.0,0.0,0.0,10.0,0.0,6.0,0.0,104.0,0.0,0.0,8.0,2.0,7.0,0.0,115.0,0.0,0.0,10.0,0.0,4.0,2.0,61.0,0.0,0.0
3472.0,10.0,0.0,0.0,0.0,0.0,0.0,0.0,0.0,10.0,0.0,4.0,0.0,88.0,0.0,0.0,10.0,0.0,6.0,0.0,104.0,0.0,0.0,8.0,2.0,6.0,1.0,115.0,0.0,0.0,10.0,0.0,5.0,1.0,62.0,0.0,0.0
3476.0,10.0,0.0,0.0,0.0,0.0,0.0,0.0,0.0,10.0,0.0,3.0,1.0,88.0,0.0,0.0,10.0,0.0,6.0,0.0,104.0,0.0,0.0,9.0,1.0,6.0,2.0,115.0,0.0,0.0,10.0,0.0,4.0,2.0,62.0,0.0,0.0
3480.0,10.0,0.0,0.0,0.0,0.0,0.0,0.0,0.0,10.0,0.0,2.0,1.0,88.0,0.0,0.0,10.0,0.0,6.0,0.0,104.0,0.0,0.0,9.0,1.0,7.0,1.0,116.0,0.0,0.0,10.0,0.0,4.0,2.0,63.0,0.0,0.0
3484.0,10.0,0.0,0.0,0.0,0.0,0.0,0.0,0.0,10.0,0.0,2.0,1.0,88.0,0.0,0.0,10.0,0.0,6.0,0.0,104.0,0.0,0.0,10.0,0.0,8.0,1.0,116.0,0.0,0.0,10.0,0.0,6.0,0.0,65.0,0.0,0.0
3488.0,10.0,0.0,0.0,0.0,0.0,0.0,0.0,0.0,10.0,0.0,2.0,1.0,88.0,0.0,0.0,10.0,0.0,6.0,0.0,104.0,0.0,0.0,10.0,0.0,8.0,1.0,116.0,0.0,0.0,10.0,0.0,6.0,0.0,65.0,0.0,0.0
3492.0,10.0,0.0,0.0,0.0,0.0,0.0,0.0,0.0,10.0,0.0,1.0,1.0,88.0,0.0,0.0,10.0,0.0,6.0,0.0,104.0,0.0,0.0,10.0,0.0,8.0,1.0,116.0,0.0,0.0,10.0,0.0,6.0,0.0,65.0,0.0,0.0
3496.0,10.0,0.0,0.0,0.0,0.0,0.0,0.0,0.0,10.0,0.0,1.0,1.0,88.0,0.0,0.0,10.0,0.0,5.0,0.0,104.0,0.0,0.0,10.0,0.0,7.0,2.0,117.0,0.0,0.0,9.0,1.0,6.0,0.0,65.0,0.0,0.0
3500.0,10.0,0.0,0.0,0.0,0.0,0.0,0.0,0.0,9.0,1.0,1.0,1.0,88.0,0.0,0.0,10.0,0.0,5.0,0.0,104.0,0.0,0.0,10.0,0.0,7.0,2.0,117.0,0.0,0.0,10.0,0.0,7.0,0.0,65.0,0.0,0.0
3504.0,10.0,0.0,0.0,0.0,0.0,0.0,0.0,0.0,9.0,1.0,2.0,0.0,89.0,0.0,0.0,9.0,1.0,4.0,0.0,104.0,0.0,0.0,9.0,1.0,8.0,1.0,118.0,0.0,0.0,10.0,0.0,6.0,1.0,65.0,0.0,0.0
3508.0,10.0,0.0,0.0,0.0,0.0,0.0,0.0,0.0,9.0,1.0,2.0,0.0,89.0,0.0,0.0,10.0,0.0,5.0,0.0,104.0,0.0,0.0,9.0,1.0,7.0,2.0,118.0,0.0,0.0,10.0,0.0,5.0,2.0,65.0,0.0,0.0
3512.0,10.0,0.0,0.0,0.0,0.0,0.0,0.0,0.0,9.0,1.0,2.0,0.0,89.0,0.0,0.0,10.0,0.0,3.0,2.0,104.0,0.0,0.0,10.0,0.0,8.0,2.0,118.0,0.0,0.0,10.0,0.0,4.0,3.0,65.0,0.0,0.0
3516.0,10.0,0.0,0.0,0.0,0.0,0.0,0.0,0.0,9.0,1.0,2.0,0.0,89.0,0.0,0.0,10.0,0.0,2.0,2.0,105.0,0.0,0.0,10.0,0.0,8.0,2.0,118.0,0.0,0.0,10.0,0.0,3.0,3.0,66.0,0.0,0.0
3520.0,10.0,0.0,0.0,0.0,0.0,0.0,0.0,0.0,9.0,1.0,2.0,0.0,89.0,0.0,0.0,10.0,0.0,2.0,2.0,105.0,0.0,0.0,10.0,0.0,8.0,2.0,118.0,0.0,0.0,9.0,1.0,3.0,2.0,68.0,0.0,0.0
3524.0,10.0,0.0,0.0,0.0,0.0,0.0,0.0,0.0,9.0,1.0,2.0,0.0,90.0,0.0,0.0,9.0,1.0,3.0,1.0,106.0,0.0,0.0,10.0,0.0,8.0,1.0,119.0,0.0,0.0,10.0,0.0,4.0,2.0,69.0,0.0,0.0
3528.0,10.0,0.0,0.0,0.0,0.0,0.0,0.0,0.0,10.0,0.0,3.0,0.0,90.0,0.0,0.0,8.0,2.0,3.0,1.0,106.0,0.0,0.0,10.0,0.0,8.0,1.0,119.0,0.0,0.0,10.0,0.0,2.0,3.0,69.0,0.0,0.0
3532.0,10.0,0.0,0.0,0.0,0.0,0.0,0.0,0.0,10.0,0.0,2.0,1.0,90.0,0.0,0.0,10.0,0.0,5.0,1.0,106.0,0.0,0.0,10.0,0.0,8.0,1.0,120.0,0.0,0.0,10.0,0.0,1.0,4.0,69.0,0.0,0.0
3536.0,10.0,0.0,0.0,0.0,0.0,0.0,0.0,0.0,10.0,0.0,2.0,1.0,90.0,0.0,0.0,10.0,0.0,5.0,1.0,106.0,0.0,0.0,10.0,0.0,9.0,0.0,121.0,0.0,0.0,10.0,0.0,2.0,3.0,70.0,0.0,0.0
3540.0,10.0,0.0,0.0,0.0,0.0,0.0,0.0,0.0,10.0,0.0,2.0,1.0,90.0,0.0,0.0,10.0,0.0,6.0,0.0,107.0,0.0,0.0,10.0,0.0,8.0,1.0,121.0,0.0,0.0,10.0,0.0,3.0,2.0,71.0,0.0,0.0
3544.0,10.0,0.0,0.0,0.0,0.0,0.0,0.0,0.0,10.0,0.0,2.0,1.0,90.0,0.0,0.0,10.0,0.0,5.0,0.0,107.0,0.0,0.0,10.0,0.0,8.0,1.0,121.0,0.0,0.0,10.0,0.0,4.0,1.0,72.0,0.0,0.0
3548.0,10.0,0.0,0.0,0.0,0.0,0.0,0.0,0.0,10.0,0.0,2.0,1.0,90.0,0.0,0.0,10.0,0.0,5.0,0.0,107.0,0.0,0.0,10.0,0.0,8.0,1.0,121.0,0.0,0.0,10.0,0.0,5.0,0.0,73.0,0.0,0.0
3552.0,10.0,0.0,0.0,0.0,0.0,0.0,0.0,0.0,10.0,0.0,1.0,2.0,90.0,0.0,0.0,10.0,0.0,4.0,1.0,107.0,0.0,0.0,10.0,0.0,8.0,1.0,121.0,0.0,0.0,10.0,0.0,4.0,1.0,73.0,0.0,0.0
3556.0,11.0,0.0,0.0,0.0,0.0,0.0,0.0,0.0,11.0,0.0,1.0,2.0,90.0,0.0,0.0,11.0,0.0,5.0,0.0,108.0,0.0,0.0,11.0,0.0,8.0,1.0,121.0,0.0,0.0,11.0,0.0,4.0,1.0,73.0,0.0,0.0
3560.0,11.0,0.0,0.0,0.0,0.0,0.0,0.0,0.0,11.0,0.0,1.0,2.0,90.0,0.0,0.0,11.0,0.0,5.0,0.0,108.0,0.0,0.0,11.0,0.0,9.0,0.0,122.0,0.0,0.0,10.0,1.0,4.0,1.0,73.0,0.0,0.0
3564.0,11.0,0.0,0.0,0.0,0.0,0.0,0.0,0.0,10.0,1.0,1.0,2.0,90.0,0.0,0.0,11.0,0.0,4.0,0.0,108.0,0.0,0.0,11.0,0.0,9.0,0.0,122.0,0.0,0.0,10.0,1.0,3.0,1.0,73.0,0.0,0.0
3568.0,11.0,0.0,0.0,0.0,0.0,0.0,0.0,0.0,10.0,1.0,1.0,2.0,90.0,0.0,0.0,11.0,0.0,4.0,0.0,108.0,0.0,0.0,10.0,1.0,8.0,1.0,122.0,0.0,0.0,10.0,1.0,3.0,1.0,73.0,0.0,0.0
3572.0,11.0,0.0,0.0,0.0,0.0,0.0,0.0,0.0,10.0,1.0,2.0,1.0,91.0,0.0,0.0,11.0,0.0,4.0,0.0,108.0,0.0,0.0,10.0,1.0,9.0,1.0,122.0,0.0,0.0,11.0,0.0,4.0,1.0,73.0,0.0,0.0
3576.0,11.0,0.0,0.0,0.0,0.0,0.0,0.0,0.0,10.0,1.0,2.0,1.0,91.0,0.0,0.0,11.0,0.0,4.0,0.0,108.0,0.0,0.0,10.0,1.0,10.0,0.0,123.0,0.0,0.0,11.0,0.0,3.0,2.0,73.0,0.0,0.0
3580.0,11.0,0.0,0.0,0.0,0.0,0.0,0.0,0.0,10.0,1.0,2.0,1.0,91.0,0.0,0.0,11.0,0.0,4.0,0.0,108.0,0.0,0.0,10.0,1.0,8.0,2.0,123.0,0.0,0.0,11.0,0.0,4.0,1.0,75.0,0.0,0.0
3584.0,11.0,0.0,0.0,0.0,0.0,0.0,0.0,0.0,11.0,0.0,3.0,1.0,91.0,0.0,0.0,11.0,0.0,4.0,0.0,109.0,0.0,0.0,10.0,1.0,7.0,3.0,124.0,0.0,0.0,10.0,1.0,4.0,1.0,75.0,0.0,0.0
3588.0,11.0,0.0,0.0,0.0,0.0,0.0,0.0,0.0,11.0,0.0,4.0,0.0,92.0,0.0,0.0,11.0,0.0,4.0,0.0,109.0,0.0,0.0,11.0,0.0,9.0,2.0,125.0,0.0,0.0,11.0,0.0,5.0,1.0,75.0,0.0,0.0
3592.0,11.0,0.0,0.0,0.0,0.0,0.0,0.0,0.0,11.0,0.0,4.0,0.0,92.0,0.0,0.0,11.0,0.0,4.0,0.0,109.0,0.0,0.0,11.0,0.0,8.0,3.0,125.0,0.0,0.0,11.0,0.0,4.0,2.0,75.0,0.0,0.0
3596.0,12.0,0.0,0.0,0.0,0.0,0.0,0.0,0.0,12.0,0.0,4.0,0.0,92.0,0.0,0.0,12.0,0.0,4.0,0.0,109.0,0.0,0.0,12.0,0.0,8.0,3.0,126.0,0.0,0.0,12.0,0.0,5.0,1.0,76.0,0.0,0.0
3600.0,12.0,0.0,0.0,0.0,0.0,0.0,0.0,0.0,12.0,0.0,4.0,0.0,92.0,0.0,0.0,12.0,0.0,3.0,1.0,111.0,0.0,0.0,11.0,1.0,8.0,3.0,126.0,0.0,0.0,12.0,0.0,5.0,1.0,76.0,0.0,0.0
3604.0,12.0,0.0,0.0,0.0,0.0,0.0,0.0,0.0,12.0,0.0,3.0,0.0,92.0,0.0,0.0,12.0,0.0,3.0,1.0,112.0,0.0,0.0,11.0,1.0,8.0,3.0,126.0,0.0,0.0,12.0,0.0,5.0,1.0,76.0,0.0,0.0
3608.0,12.0,0.0,0.0,0.0,0.0,0.0,0.0,0.0,12.0,0.0,3.0,0.0,92.0,0.0,0.0,12.0,0.0,3.0,1.0,112.0,0.0,0.0,11.0,1.0,8.0,3.0,126.0,0.0,0.0,11.0,1.0,5.0,1.0,76.0,0.0,0.0
3612.0,12.0,0.0,0.0,0.0,0.0,0.0,0.0,0.0,12.0,0.0,3.0,0.0,92.0,0.0,0.0,12.0,0.0,4.0,0.0,113.0,0.0,0.0,12.0,0.0,9.0,3.0,126.0,0.0,0.0,12.0,0.0,6.0,1.0,76.0,0.0,0.0
3616.0,12.0,0.0,0.0,0.0,0.0,0.0,0.0,0.0,12.0,0.0,3.0,0.0,92.0,0.0,0.0,12.0,0.0,4.0,0.0,113.0,0.0,0.0,12.0,0.0,9.0,3.0,126.0,0.0,0.0,11.0,1.0,6.0,1.0,76.0,0.0,0.0
3620.0,12.0,0.0,0.0,0.0,0.0,0.0,0.0,0.0,12.0,0.0,3.0,0.0,92.0,0.0,0.0,12.0,0.0,4.0,0.0,113.0,0.0,0.0,12.0,0.0,10.0,2.0,127.0,0.0,0.0,11.0,1.0,5.0,2.0,76.0,0.0,0.0
3624.0,12.0,0.0,0.0,0.0,0.0,0.0,0.0,0.0,12.0,0.0,3.0,0.0,92.0,0.0,0.0,12.0,0.0,3.0,1.0,113.0,0.0,0.0,12.0,0.0,8.0,4.0,127.0,0.0,0.0,11.0,1.0,5.0,2.0,76.0,0.0,0.0
3628.0,12.0,0.0,0.0,0.0,0.0,0.0,0.0,0.0,12.0,0.0,3.0,0.0,92.0,0.0,0.0,12.0,0.0,3.0,1.0,113.0,0.0,0.0,11.0,1.0,6.0,6.0,128.0,0.0,0.0,12.0,0.0,6.0,2.0,77.0,0.0,0.0
3632.0,12.0,0.0,0.0,0.0,0.0,0.0,0.0,0.0,12.0,0.0,3.0,0.0,92.0,0.0,0.0,12.0,0.0,3.0,1.0,113.0,0.0,0.0,12.0,0.0,8.0,5.0,130.0,0.0,0.0,12.0,0.0,7.0,1.0,78.0,0.0,0.0
3636.0,12.0,0.0,0.0,0.0,0.0,0.0,0.0,0.0,12.0,0.0,3.0,0.0,92.0,0.0,0.0,12.0,0.0,3.0,1.0,114.0,0.0,0.0,12.0,0.0,11.0,2.0,133.0,0.0,0.0,12.0,0.0,6.0,2.0,78.0,0.0,0.0
3640.0,12.0,0.0,0.0,0.0,0.0,0.0,0.0,0.0,12.0,0.0,3.0,0.0,92.0,0.0,0.0,12.0,0.0,4.0,0.0,115.0,0.0,0.0,12.0,0.0,10.0,2.0,133.0,0.0,0.0,11.0,1.0,5.0,2.0,78.0,0.0,0.0
3644.0,12.0,0.0,0.0,0.0,0.0,0.0,0.0,0.0,12.0,0.0,2.0,1.0,92.0,0.0,0.0,12.0,0.0,4.0,0.0,115.0,0.0,0.0,11.0,1.0,9.0,3.0,133.0,0.0,0.0,11.0,1.0,5.0,2.0,78.0,0.0,0.0
3648.0,12.0,0.0,0.0,0.0,0.0,0.0,0.0,0.0,12.0,0.0,2.0,1.0,93.0,0.0,0.0,12.0,0.0,4.0,0.0,115.0,0.0,0.0,12.0,0.0,11.0,2.0,135.0,0.0,0.0,11.0,1.0,5.0,2.0,78.0,0.0,0.0
3652.0,12.0,0.0,0.0,0.0,0.0,0.0,0.0,0.0,12.0,0.0,1.0,1.0,93.0,0.0,0.0,12.0,0.0,4.0,0.0,115.0,0.0,0.0,12.0,0.0,9.0,3.0,136.0,0.0,0.0,12.0,0.0,7.0,1.0,79.0,0.0,0.0
3656.0,12.0,0.0,0.0,0.0,0.0,0.0,0.0,0.0,12.0,0.0,1.0,1.0,93.0,0.0,0.0,12.0,0.0,4.0,0.0,115.0,0.0,0.0,12.0,0.0,8.0,4.0,136.0,0.0,0.0,11.0,1.0,6.0,2.0,79.0,0.0,0.0
3660.0,12.0,0.0,0.0,0.0,0.0,0.0,0.0,0.0,11.0,1.0,1.0,1.0,94.0,0.0,0.0,12.0,0.0,4.0,0.0,115.0,0.0,0.0,11.0,1.0,9.0,3.0,137.0,0.0,0.0,12.0,0.0,6.0,2.0,80.0,0.0,0.0
3664.0,12.0,0.0,0.0,0.0,0.0,0.0,0.0,0.0,11.0,1.0,1.0,1.0,94.0,0.0,0.0,12.0,0.0,4.0,0.0,115.0,0.0,0.0,11.0,1.0,8.0,4.0,137.0,0.0,0.0,12.0,0.0,6.0,2.0,80.0,0.0,0.0
3668.0,12.0,0.0,0.0,0.0,0.0,0.0,0.0,0.0,11.0,1.0,1.0,1.0,94.0,0.0,0.0,12.0,0.0,3.0,0.0,115.0,0.0,0.0,11.0,1.0,8.0,4.0,138.0,0.0,0.0,12.0,0.0,8.0,0.0,82.0,0.0,0.0
3672.0,12.0,0.0,0.0,0.0,0.0,0.0,0.0,0.0,10.0,2.0,2.0,0.0,95.0,0.0,0.0,12.0,0.0,2.0,0.0,115.0,0.0,0.0,11.0,1.0,9.0,3.0,139.0,0.0,0.0,12.0,0.0,8.0,0.0,82.0,0.0,0.0
3676.0,12.0,0.0,0.0,0.0,0.0,0.0,0.0,0.0,11.0,1.0,3.0,0.0,95.0,0.0,0.0,12.0,0.0,2.0,0.0,115.0,0.0,0.0,11.0,1.0,9.0,3.0,140.0,0.0,0.0,12.0,0.0,7.0,0.0,82.0,0.0,0.0
3680.0,12.0,0.0,0.0,0.0,0.0,0.0,0.0,0.0,11.0,1.0,3.0,0.0,95.0,0.0,0.0,12.0,0.0,2.0,0.0,115.0,0.0,0.0,11.0,1.0,12.0,0.0,143.0,0.0,0.0,12.0,0.0,7.0,0.0,82.0,0.0,0.0
3684.0,12.0,0.0,0.0,0.0,0.0,0.0,0.0,0.0,12.0,0.0,4.0,0.0,95.0,0.0,0.0,12.0,0.0,2.0,0.0,115.0,0.0,0.0,11.0,1.0,12.0,0.0,143.0,0.0,0.0,12.0,0.0,7.0,0.0,82.0,0.0,0.0
3688.0,12.0,0.0,0.0,0.0,0.0,0.0,0.0,0.0,11.0,1.0,4.0,0.0,95.0,0.0,0.0,12.0,0.0,2.0,0.0,115.0,0.0,0.0,12.0,0.0,13.0,0.0,143.0,0.0,0.0,12.0,0.0,7.0,0.0,82.0,0.0,0.0
3692.0,12.0,0.0,0.0,0.0,0.0,0.0,0.0,0.0,12.0,0.0,4.0,1.0,95.0,0.0,0.0,11.0,1.0,2.0,0.0,115.0,0.0,0.0,12.0,0.0,11.0,1.0,143.0,0.0,0.0,12.0,0.0,7.0,0.0,82.0,0.0,0.0
3696.0,12.0,0.0,0.0,0.0,0.0,0.0,0.0,0.0,12.0,0.0,4.0,1.0,95.0,0.0,0.0,11.0,1.0,1.0,1.0,115.0,0.0,0.0,12.0,0.0,11.0,1.0,144.0,0.0,0.0,12.0,0.0,6.0,0.0,82.0,0.0,0.0
3700.0,12.0,0.0,0.0,0.0,0.0,0.0,0.0,0.0,12.0,0.0,4.0,1.0,95.0,0.0,0.0,12.0,0.0,2.0,1.0,115.0,0.0,0.0,12.0,0.0,11.0,1.0,144.0,0.0,0.0,12.0,0.0,5.0,1.0,82.0,0.0,0.0
3704.0,12.0,0.0,0.0,0.0,0.0,0.0,0.0,0.0,12.0,0.0,4.0,1.0,96.0,0.0,0.0,12.0,0.0,2.0,1.0,115.0,0.0,0.0,12.0,0.0,10.0,2.0,144.0,0.0,0.0,12.0,0.0,4.0,2.0,82.0,0.0,0.0
3708.0,12.0,0.0,0.0,0.0,0.0,0.0,0.0,0.0,12.0,0.0,3.0,2.0,96.0,0.0,0.0,12.0,0.0,2.0,1.0,115.0,0.0,0.0,12.0,0.0,11.0,1.0,145.0,0.0,0.0,12.0,0.0,4.0,2.0,83.0,0.0,0.0
3712.0,12.0,0.0,0.0,0.0,0.0,0.0,0.0,0.0,11.0,1.0,3.0,2.0,96.0,0.0,0.0,12.0,0.0,3.0,0.0,116.0,0.0,0.0,12.0,0.0,11.0,1.0,146.0,0.0,0.0,12.0,0.0,5.0,1.0,84.0,0.0,0.0
3716.0,12.0,0.0,0.0,0.0,0.0,0.0,0.0,0.0,11.0,1.0,3.0,2.0,96.0,0.0,0.0,12.0,0.0,3.0,0.0,117.0,0.0,0.0,12.0,0.0,10.0,2.0,147.0,0.0,0.0,12.0,0.0,5.0,1.0,84.0,0.0,0.0
3720.0,12.0,0.0,0.0,0.0,0.0,0.0,0.0,0.0,11.0,1.0,4.0,1.0,97.0,0.0,0.0,12.0,0.0,3.0,0.0,117.0,0.0,0.0,12.0,0.0,10.0,2.0,147.0,0.0,0.0,12.0,0.0,5.0,1.0,84.0,0.0,0.0
3724.0,12.0,0.0,0.0,0.0,0.0,0.0,0.0,0.0,10.0,2.0,4.0,1.0,97.0,0.0,0.0,12.0,0.0,3.0,0.0,117.0,0.0,0.0,11.0,1.0,9.0,2.0,147.0,0.0,0.0,12.0,0.0,5.0,1.0,84.0,0.0,0.0
3728.0,12.0,0.0,0.0,0.0,0.0,0.0,0.0,0.0,10.0,2.0,4.0,1.0,97.0,0.0,0.0,12.0,0.0,3.0,0.0,117.0,0.0,0.0,11.0,1.0,10.0,2.0,147.0,0.0,0.0,12.0,0.0,4.0,1.0,84.0,0.0,0.0
3732.0,12.0,0.0,0.0,0.0,0.0,0.0,0.0,0.0,10.0,2.0,3.0,1.0,97.0,0.0,0.0,11.0,1.0,3.0,0.0,117.0,0.0,0.0,11.0,1.0,9.0,2.0,147.0,0.0,0.0,12.0,0.0,5.0,0.0,85.0,0.0,0.0
3736.0,12.0,0.0,0.0,0.0,0.0,0.0,0.0,0.0,12.0,0.0,3.0,3.0,97.0,0.0,0.0,12.0,0.0,3.0,1.0,117.0,0.0,0.0,11.0,1.0,9.0,2.0,148.0,0.0,0.0,12.0,0.0,5.0,0.0,85.0,0.0,0.0
3740.0,12.0,0.0,0.0,0.0,0.0,0.0,0.0,0.0,12.0,0.0,3.0,3.0,98.0,0.0,0.0,12.0,0.0,3.0,1.0,117.0,0.0,0.0,12.0,0.0,10.0,2.0,148.0,0.0,0.0,12.0,0.0,5.0,0.0,85.0,0.0,0.0
3744.0,12.0,0.0,0.0,0.0,0.0,0.0,0.0,0.0,12.0,0.0,4.0,2.0,99.0,0.0,0.0,11.0,1.0,4.0,0.0,118.0,0.0,0.0,12.0,0.0,9.0,2.0,148.0,0.0,0.0,12.0,0.0,5.0,0.0,85.0,0.0,0.0
3748.0,12.0,0.0,0.0,0.0,0.0,0.0,0.0,0.0,12.0,0.0,5.0,1.0,100.0,0.0,0.0,10.0,2.0,4.0,0.0,118.0,0.0,0.0,12.0,0.0,8.0,3.0,148.0,0.0,0.0,12.0,0.0,5.0,0.0,85.0,0.0,0.0
3752.0,12.0,0.0,0.0,0.0,0.0,0.0,0.0,0.0,12.0,0.0,5.0,1.0,100.0,0.0,0.0,10.0,2.0,4.0,0.0,118.0,0.0,0.0,12.0,0.0,9.0,2.0,149.0,0.0,0.0,11.0,1.0,5.0,0.0,85.0,0.0,0.0
3756.0,12.0,0.0,0.0,0.0,0.0,0.0,0.0,0.0,12.0,0.0,6.0,0.0,101.0,0.0,0.0,12.0,0.0,6.0,0.0,118.0,0.0,0.0,11.0,1.0,7.0,4.0,149.0,0.0,0.0,11.0,1.0,5.0,0.0,85.0,0.0,0.0
3760.0,12.0,0.0,0.0,0.0,0.0,0.0,0.0,0.0,12.0,0.0,5.0,0.0,101.0,0.0,0.0,12.0,0.0,5.0,1.0,118.0,0.0,0.0,11.0,1.0,9.0,2.0,151.0,0.0,0.0,11.0,1.0,5.0,0.0,85.0,0.0,0.0
3764.0,12.0,0.0,0.0,0.0,0.0,0.0,0.0,0.0,11.0,1.0,5.0,0.0,101.0,0.0,0.0,12.0,0.0,5.0,1.0,118.0,0.0,0.0,11.0,1.0,10.0,1.0,152.0,0.0,0.0,11.0,1.0,4.0,0.0,86.0,0.0,0.0
3768.0,12.0,0.0,0.0,0.0,0.0,0.0,0.0,0.0,11.0,1.0,5.0,0.0,101.0,0.0,0.0,12.0,0.0,4.0,2.0,119.0,0.0,0.0,12.0,0.0,10.0,2.0,152.0,0.0,0.0,12.0,0.0,5.0,0.0,86.0,0.0,0.0
3772.0,12.0,0.0,0.0,0.0,0.0,0.0,0.0,0.0,12.0,0.0,6.0,0.0,101.0,0.0,0.0,11.0,1.0,4.0,2.0,119.0,0.0,0.0,12.0,0.0,8.0,4.0,152.0,0.0,0.0,12.0,0.0,4.0,1.0,86.0,0.0,0.0
3776.0,12.0,0.0,0.0,0.0,0.0,0.0,0.0,0.0,12.0,0.0,6.0,0.0,101.0,0.0,0.0,11.0,1.0,5.0,1.0,120.0,0.0,0.0,11.0,1.0,5.0,5.0,152.0,0.0,0.0,12.0,0.0,4.0,1.0,86.0,0.0,0.0
3780.0,12.0,0.0,0.0,0.0,0.0,0.0,0.0,0.0,12.0,0.0,6.0,0.0,101.0,0.0,0.0,11.0,1.0,6.0,0.0,121.0,0.0,0.0,11.0,1.0,6.0,4.0,153.0,0.0,0.0,12.0,0.0,4.0,1.0,86.0,0.0,0.0
3784.0,12.0,0.0,0.0,0.0,0.0,0.0,0.0,0.0,12.0,0.0,6.0,0.0,101.0,0.0,0.0,11.0,1.0,6.0,0.0,121.0,0.0,0.0,12.0,0.0,7.0,4.0,153.0,0.0,0.0,12.0,0.0,4.0,1.0,86.0,0.0,0.0
3788.0,12.0,0.0,0.0,0.0,0.0,0.0,0.0,0.0,12.0,0.0,5.0,1.0,101.0,0.0,0.0,11.0,1.0,6.0,0.0,121.0,0.0,0.0,11.0,1.0,8.0,2.0,155.0,0.0,0.0,12.0,0.0,5.0,0.0,87.0,0.0,0.0
3792.0,12.0,0.0,0.0,0.0,0.0,0.0,0.0,0.0,11.0,1.0,5.0,1.0,101.0,0.0,0.0,10.0,2.0,6.0,0.0,121.0,0.0,0.0,11.0,1.0,7.0,3.0,155.0,0.0,0.0,11.0,1.0,5.0,0.0,87.0,0.0,0.0
3796.0,12.0,0.0,0.0,0.0,0.0,0.0,0.0,0.0,11.0,1.0,5.0,1.0,101.0,0.0,0.0,11.0,1.0,6.0,1.0,121.0,0.0,0.0,11.0,1.0,8.0,2.0,157.0,0.0,0.0,11.0,1.0,5.0,0.0,87.0,0.0,0.0
3800.0,12.0,0.0,0.0,0.0,0.0,0.0,0.0,0.0,11.0,1.0,5.0,1.0,101.0,0.0,0.0,10.0,2.0,5.0,2.0,121.0,0.0,0.0,11.0,1.0,8.0,2.0,157.0,0.0,0.0,11.0,1.0,4.0,1.0,87.0,0.0,0.0
3804.0,12.0,0.0,0.0,0.0,0.0,0.0,0.0,0.0,11.0,1.0,6.0,0.0,102.0,0.0,0.0,11.0,1.0,5.0,3.0,121.0,0.0,0.0,10.0,2.0,10.0,0.0,160.0,0.0,0.0,12.0,0.0,4.0,2.0,87.0,0.0,0.0
3808.0,12.0,0.0,0.0,0.0,0.0,0.0,0.0,0.0,12.0,0.0,8.0,0.0,102.0,0.0,0.0,12.0,0.0,5.0,4.0,121.0,0.0,0.0,11.0,1.0,11.0,0.0,160.0,0.0,0.0,11.0,1.0,4.0,1.0,88.0,0.0,0.0
3812.0,12.0,0.0,0.0,0.0,0.0,0.0,0.0,0.0,12.0,0.0,8.0,0.0,103.0,0.0,0.0,12.0,0.0,6.0,3.0,122.0,0.0,0.0,12.0,0.0,11.0,1.0,160.0,0.0,0.0,11.0,1.0,5.0,0.0,89.0,0.0,0.0
3816.0,12.0,0.0,0.0,0.0,0.0,0.0,0.0,0.0,12.0,0.0,8.0,0.0,103.0,0.0,0.0,12.0,0.0,7.0,2.0,123.0,0.0,0.0,12.0,0.0,12.0,0.0,162.0,0.0,0.0,12.0,0.0,6.0,0.0,89.0,0.0,0.0
3820.0,12.0,0.0,0.0,0.0,0.0,0.0,0.0,0.0,12.0,0.0,6.0,1.0,104.0,0.0,0.0,12.0,0.0,7.0,2.0,123.0,0.0,0.0,12.0,0.0,11.0,1.0,162.0,0.0,0.0,12.0,0.0,6.0,0.0,89.0,0.0,0.0
3824.0,12.0,0.0,0.0,0.0,0.0,0.0,0.0,0.0,12.0,0.0,6.0,1.0,104.0,0.0,0.0,12.0,0.0,8.0,1.0,124.0,0.0,0.0,12.0,0.0,12.0,0.0,163.0,0.0,0.0,12.0,0.0,4.0,1.0,89.0,0.0,0.0
3828.0,12.0,0.0,0.0,0.0,0.0,0.0,0.0,0.0,11.0,1.0,6.0,1.0,104.0,0.0,0.0,12.0,0.0,8.0,1.0,124.0,0.0,0.0,12.0,0.0,12.0,0.0,163.0,0.0,0.0,12.0,0.0,4.0,1.0,89.0,0.0,0.0
3832.0,12.0,0.0,0.0,0.0,0.0,0.0,0.0,0.0,12.0,0.0,7.0,1.0,104.0,0.0,0.0,12.0,0.0,9.0,0.0,126.0,0.0,0.0,12.0,0.0,12.0,0.0,163.0,0.0,0.0,12.0,0.0,5.0,0.0,90.0,0.0,0.0
3836.0,12.0,0.0,0.0,0.0,0.0,0.0,0.0,0.0,12.0,0.0,6.0,1.0,104.0,0.0,0.0,12.0,0.0,8.0,1.0,126.0,0.0,0.0,12.0,0.0,11.0,1.0,163.0,0.0,0.0,12.0,0.0,4.0,1.0,90.0,0.0,0.0
3840.0,12.0,0.0,0.0,0.0,0.0,0.0,0.0,0.0,12.0,0.0,6.0,1.0,105.0,0.0,0.0,12.0,0.0,8.0,1.0,126.0,0.0,0.0,12.0,0.0,11.0,1.0,163.0,0.0,0.0,12.0,0.0,4.0,1.0,90.0,0.0,0.0
3844.0,12.0,0.0,0.0,0.0,0.0,0.0,0.0,0.0,12.0,0.0,6.0,1.0,105.0,0.0,0.0,12.0,0.0,7.0,2.0,126.0,0.0,0.0,12.0,0.0,9.0,3.0,163.0,0.0,0.0,11.0,1.0,3.0,2.0,90.0,0.0,0.0
3848.0,12.0,0.0,0.0,0.0,0.0,0.0,0.0,0.0,12.0,0.0,6.0,1.0,106.0,0.0,0.0,12.0,0.0,7.0,2.0,126.0,0.0,0.0,12.0,0.0,11.0,1.0,165.0,0.0,0.0,12.0,0.0,4.0,2.0,90.0,0.0,0.0
3852.0,12.0,0.0,0.0,0.0,0.0,0.0,0.0,0.0,12.0,0.0,6.0,1.0,106.0,0.0,0.0,12.0,0.0,6.0,3.0,127.0,0.0,0.0,12.0,0.0,12.0,0.0,166.0,0.0,0.0,12.0,0.0,3.0,3.0,90.0,0.0,0.0
3856.0,12.0,0.0,0.0,0.0,0.0,0.0,0.0,0.0,12.0,0.0,6.0,1.0,106.0,0.0,0.0,12.0,0.0,5.0,4.0,128.0,0.0,0.0,12.0,0.0,11.0,1.0,166.0,0.0,0.0,12.0,0.0,4.0,2.0,91.0,0.0,0.0
3860.0,12.0,0.0,0.0,0.0,0.0,0.0,0.0,0.0,12.0,0.0,6.0,1.0,106.0,0.0,0.0,12.0,0.0,8.0,1.0,131.0,0.0,0.0,12.0,0.0,10.0,2.0,166.0,0.0,0.0,12.0,0.0,4.0,2.0,91.0,0.0,0.0
3864.0,12.0,0.0,0.0,0.0,0.0,0.0,0.0,0.0,12.0,0.0,5.0,2.0,106.0,0.0,0.0,12.0,0.0,8.0,1.0,131.0,0.0,0.0,12.0,0.0,10.0,2.0,166.0,0.0,0.0,12.0,0.0,5.0,1.0,92.0,0.0,0.0
3868.0,12.0,0.0,0.0,0.0,0.0,0.0,0.0,0.0,12.0,0.0,5.0,2.0,106.0,0.0,0.0,11.0,1.0,8.0,1.0,131.0,0.0,0.0,12.0,0.0,9.0,1.0,167.0,0.0,0.0,12.0,0.0,5.0,1.0,93.0,0.0,0.0
3872.0,12.0,0.0,0.0,0.0,0.0,0.0,0.0,0.0,12.0,0.0,6.0,1.0,107.0,0.0,0.0,11.0,1.0,6.0,2.0,131.0,0.0,0.0,12.0,0.0,9.0,1.0,167.0,0.0,0.0,12.0,0.0,6.0,0.0,94.0,0.0,0.0
3876.0,12.0,0.0,0.0,0.0,0.0,0.0,0.0,0.0,12.0,0.0,7.0,0.0,108.0,0.0,0.0,11.0,1.0,6.0,2.0,131.0,0.0,0.0,12.0,0.0,10.0,0.0,168.0,0.0,0.0,12.0,0.0,5.0,0.0,94.0,0.0,0.0
3880.0,12.0,0.0,0.0,0.0,0.0,0.0,0.0,0.0,12.0,0.0,6.0,0.0,109.0,0.0,0.0,11.0,1.0,8.0,0.0,134.0,0.0,0.0,12.0,0.0,10.0,0.0,168.0,0.0,0.0,12.0,0.0,5.0,0.0,94.0,0.0,0.0
3884.0,12.0,0.0,0.0,0.0,0.0,0.0,0.0,0.0,12.0,0.0,6.0,0.0,109.0,0.0,0.0,11.0,1.0,7.0,1.0,134.0,0.0,0.0,12.0,0.0,8.0,1.0,168.0,0.0,0.0,12.0,0.0,5.0,0.0,94.0,0.0,0.0
3888.0,12.0,0.0,0.0,0.0,0.0,0.0,0.0,0.0,12.0,0.0,6.0,0.0,109.0,0.0,0.0,11.0,1.0,6.0,2.0,134.0,0.0,0.0,12.0,0.0,6.0,3.0,168.0,0.0,0.0,12.0,0.0,5.0,0.0,94.0,0.0,0.0
3892.0,12.0,0.0,0.0,0.0,0.0,0.0,0.0,0.0,12.0,0.0,6.0,0.0,109.0,0.0,0.0,12.0,0.0,6.0,2.0,134.0,0.0,0.0,12.0,0.0,4.0,5.0,168.0,0.0,0.0,12.0,0.0,5.0,0.0,94.0,0.0,0.0
3896.0,12.0,0.0,0.0,0.0,0.0,0.0,0.0,0.0,12.0,0.0,6.0,0.0,109.0,0.0,0.0,9.0,3.0,6.0,1.0,136.0,0.0,0.0,12.0,0.0,7.0,2.0,172.0,0.0,0.0,12.0,0.0,5.0,0.0,94.0,0.0,0.0
3900.0,12.0,0.0,0.0,0.0,0.0,0.0,0.0,0.0,12.0,0.0,5.0,0.0,109.0,0.0,0.0,11.0,1.0,8.0,1.0,138.0,0.0,0.0,12.0,0.0,7.0,2.0,173.0,0.0,0.0,12.0,0.0,5.0,0.0,94.0,0.0,0.0
3904.0,12.0,0.0,0.0,0.0,0.0,0.0,0.0,0.0,12.0,0.0,4.0,1.0,109.0,0.0,0.0,11.0,1.0,7.0,2.0,138.0,0.0,0.0,12.0,0.0,7.0,2.0,173.0,0.0,0.0,12.0,0.0,5.0,0.0,94.0,0.0,0.0
3908.0,12.0,0.0,0.0,0.0,0.0,0.0,0.0,0.0,12.0,0.0,4.0,1.0,109.0,0.0,0.0,12.0,0.0,8.0,2.0,138.0,0.0,0.0,12.0,0.0,9.0,1.0,174.0,0.0,0.0,12.0,0.0,5.0,0.0,94.0,0.0,0.0
3912.0,12.0,0.0,0.0,0.0,0.0,0.0,0.0,0.0,12.0,0.0,4.0,1.0,109.0,0.0,0.0,12.0,0.0,9.0,1.0,139.0,0.0,0.0,12.0,0.0,9.0,1.0,174.0,0.0,0.0,12.0,0.0,4.0,1.0,94.0,0.0,0.0
3916.0,12.0,0.0,0.0,0.0,0.0,0.0,0.0,0.0,11.0,1.0,3.0,2.0,109.0,0.0,0.0,12.0,0.0,9.0,1.0,140.0,0.0,0.0,12.0,0.0,10.0,1.0,174.0,0.0,0.0,12.0,0.0,4.0,1.0,94.0,0.0,0.0
3920.0,12.0,0.0,0.0,0.0,0.0,0.0,0.0,0.0,11.0,1.0,3.0,2.0,110.0,0.0,0.0,12.0,0.0,10.0,0.0,141.0,0.0,0.0,12.0,0.0,11.0,0.0,176.0,0.0,0.0,12.0,0.0,5.0,0.0,95.0,0.0,0.0
3924.0,12.0,0.0,0.0,0.0,0.0,0.0,0.0,0.0,11.0,1.0,3.0,2.0,111.0,0.0,0.0,12.0,0.0,9.0,1.0,141.0,0.0,0.0,12.0,0.0,9.0,2.0,176.0,0.0,0.0,12.0,0.0,5.0,0.0,95.0,0.0,0.0
3928.0,12.0,0.0,0.0,0.0,0.0,0.0,0.0,0.0,11.0,1.0,3.0,2.0,111.0,0.0,0.0,12.0,0.0,7.0,3.0,141.0,0.0,0.0,11.0,1.0,8.0,3.0,176.0,0.0,0.0,11.0,1.0,5.0,0.0,95.0,0.0,0.0
3932.0,12.0,0.0,0.0,0.0,0.0,0.0,0.0,0.0,11.0,1.0,3.0,2.0,111.0,0.0,0.0,12.0,0.0,7.0,3.0,142.0,0.0,0.0,11.0,1.0,8.0,4.0,176.0,0.0,0.0,12.0,0.0,6.0,0.0,95.0,0.0,0.0
3936.0,12.0,0.0,0.0,0.0,0.0,0.0,0.0,0.0,11.0,1.0,4.0,1.0,112.0,0.0,0.0,12.0,0.0,7.0,3.0,142.0,0.0,0.0,10.0,2.0,9.0,3.0,177.0,0.0,0.0,12.0,0.0,6.0,0.0,95.0,0.0,0.0
3940.0,12.0,0.0,0.0,0.0,0.0,0.0,0.0,0.0,11.0,1.0,5.0,0.0,113.0,0.0,0.0,11.0,1.0,7.0,3.0,142.0,0.0,0.0,10.0,2.0,10.0,2.0,179.0,0.0,0.0,12.0,0.0,6.0,0.0,95.0,0.0,0.0
3944.0,12.0,0.0,0.0,0.0,0.0,0.0,0.0,0.0,11.0,1.0,2.0,0.0,113.0,0.0,0.0,11.0,1.0,6.0,4.0,145.0,0.0,0.0,10.0,2.0,10.0,2.0,180.0,0.0,0.0,12.0,0.0,6.0,0.0,95.0,0.0,0.0
3948.0,12.0,0.0,0.0,0.0,0.0,0.0,0.0,0.0,11.0,1.0,2.0,0.0,113.0,0.0,0.0,12.0,0.0,9.0,2.0,147.0,0.0,0.0,10.0,2.0,10.0,2.0,180.0,0.0,0.0,12.0,0.0,6.0,0.0,95.0,0.0,0.0
3952.0,12.0,0.0,0.0,0.0,0.0,0.0,0.0,0.0,10.0,2.0,2.0,0.0,113.0,0.0,0.0,12.0,0.0,9.0,2.0,148.0,0.0,0.0,10.0,2.0,10.0,2.0,180.0,0.0,0.0,12.0,0.0,6.0,0.0,95.0,0.0,0.0
3956.0,12.0,0.0,0.0,0.0,0.0,0.0,0.0,0.0,10.0,2.0,2.0,0.0,113.0,0.0,0.0,12.0,0.0,10.0,1.0,149.0,0.0,0.0,11.0,1.0,10.0,2.0,181.0,0.0,0.0,12.0,0.0,6.0,0.0,95.0,0.0,0.0
3960.0,12.0,0.0,0.0,0.0,0.0,0.0,0.0,0.0,10.0,2.0,2.0,1.0,113.0,0.0,0.0,12.0,0.0,11.0,0.0,150.0,0.0,0.0,12.0,0.0,10.0,2.0,181.0,0.0,0.0,12.0,0.0,6.0,0.0,95.0,0.0,0.0
3964.0,12.0,0.0,0.0,0.0,0.0,0.0,0.0,0.0,10.0,2.0,2.0,1.0,113.0,0.0,0.0,12.0,0.0,9.0,2.0,150.0,0.0,0.0,12.0,0.0,7.0,4.0,181.0,0.0,0.0,12.0,0.0,6.0,0.0,95.0,0.0,0.0
3968.0,12.0,0.0,0.0,0.0,0.0,0.0,0.0,0.0,10.0,2.0,2.0,1.0,113.0,0.0,0.0,12.0,0.0,9.0,3.0,151.0,0.0,0.0,12.0,0.0,7.0,3.0,182.0,0.0,0.0,12.0,0.0,6.0,0.0,95.0,0.0,0.0
3972.0,12.0,0.0,0.0,0.0,0.0,0.0,0.0,0.0,11.0,1.0,3.0,1.0,113.0,0.0,0.0,12.0,0.0,10.0,2.0,152.0,0.0,0.0,12.0,0.0,8.0,2.0,183.0,0.0,0.0,12.0,0.0,5.0,1.0,95.0,0.0,0.0
3976.0,12.0,0.0,0.0,0.0,0.0,0.0,0.0,0.0,11.0,1.0,3.0,1.0,114.0,0.0,0.0,12.0,0.0,12.0,0.0,154.0,0.0,0.0,12.0,0.0,8.0,2.0,183.0,0.0,0.0,12.0,0.0,5.0,0.0,96.0,0.0,0.0
3980.0,12.0,0.0,0.0,0.0,0.0,0.0,0.0,0.0,9.0,3.0,3.0,1.0,114.0,0.0,0.0,12.0,0.0,12.0,0.0,155.0,0.0,0.0,12.0,0.0,7.0,3.0,183.0,0.0,0.0,12.0,0.0,5.0,0.0,96.0,0.0,0.0
3984.0,12.0,0.0,0.0,0.0,0.0,0.0,0.0,0.0,10.0,2.0,4.0,1.0,114.0,0.0,0.0,12.0,0.0,11.0,1.0,155.0,0.0,0.0,12.0,0.0,9.0,1.0,185.0,0.0,0.0,12.0,0.0,4.0,0.0,96.0,0.0,0.0
3988.0,12.0,0.0,0.0,0.0,0.0,0.0,0.0,0.0,10.0,2.0,4.0,1.0,114.0,0.0,0.0,12.0,0.0,11.0,1.0,155.0,0.0,0.0,12.0,0.0,9.0,1.0,186.0,0.0,0.0,12.0,0.0,4.0,0.0,96.0,0.0,0.0
3992.0,12.0,0.0,0.0,0.0,0.0,0.0,0.0,0.0,10.0,2.0,3.0,2.0,114.0,0.0,0.0,12.0,0.0,10.0,2.0,155.0,0.0,0.0,12.0,0.0,8.0,2.0,186.0,0.0,0.0,12.0,0.0,3.0,1.0,96.0,0.0,0.0
3996.0,12.0,0.0,0.0,0.0,0.0,0.0,0.0,0.0,10.0,2.0,3.0,1.0,115.0,0.0,0.0,11.0,1.0,12.0,0.0,157.0,0.0,0.0,12.0,0.0,9.0,2.0,187.0,0.0,0.0,12.0,0.0,4.0,0.0,97.0,0.0,0.0
4000.0,12.0,0.0,0.0,0.0,0.0,0.0,0.0,0.0,10.0,2.0,3.0,1.0,115.0,0.0,0.0,10.0,2.0,12.0,0.0,158.0,0.0,0.0,11.0,1.0,9.0,2.0,187.0,0.0,0.0,12.0,0.0,3.0,1.0,97.0,0.0,0.0
4004.0,12.0,0.0,0.0,0.0,0.0,0.0,0.0,0.0,10.0,2.0,3.0,1.0,115.0,0.0,0.0,11.0,1.0,13.0,0.0,158.0,0.0,0.0,11.0,1.0,11.0,0.0,189.0,0.0,0.0,12.0,0.0,4.0,0.0,98.0,0.0,0.0
4008.0,12.0,0.0,0.0,0.0,0.0,0.0,0.0,0.0,10.0,2.0,3.0,1.0,115.0,0.0,0.0,12.0,0.0,13.0,1.0,158.0,0.0,0.0,11.0,1.0,11.0,0.0,189.0,0.0,0.0,12.0,0.0,4.0,0.0,98.0,0.0,0.0
4012.0,12.0,0.0,0.0,0.0,0.0,0.0,0.0,0.0,10.0,2.0,3.0,1.0,115.0,0.0,0.0,12.0,0.0,12.0,2.0,158.0,0.0,0.0,10.0,2.0,11.0,0.0,189.0,0.0,0.0,12.0,0.0,3.0,1.0,98.0,0.0,0.0
4016.0,12.0,0.0,0.0,0.0,0.0,0.0,0.0,0.0,11.0,1.0,5.0,0.0,116.0,0.0,0.0,12.0,0.0,11.0,2.0,158.0,0.0,0.0,10.0,2.0,11.0,0.0,189.0,0.0,0.0,12.0,0.0,3.0,1.0,98.0,0.0,0.0
4020.0,12.0,0.0,0.0,0.0,0.0,0.0,0.0,0.0,9.0,3.0,5.0,0.0,116.0,0.0,0.0,12.0,0.0,9.0,4.0,158.0,0.0,0.0,12.0,0.0,13.0,0.0,189.0,0.0,0.0,12.0,0.0,2.0,2.0,98.0,0.0,0.0
4024.0,12.0,0.0,0.0,0.0,0.0,0.0,0.0,0.0,9.0,3.0,5.0,0.0,116.0,0.0,0.0,12.0,0.0,9.0,3.0,160.0,0.0,0.0,12.0,0.0,12.0,0.0,189.0,0.0,0.0,12.0,0.0,2.0,2.0,98.0,0.0,0.0
4028.0,12.0,0.0,0.0,0.0,0.0,0.0,0.0,0.0,10.0,2.0,5.0,1.0,116.0,0.0,0.0,12.0,0.0,11.0,1.0,162.0,0.0,0.0,12.0,0.0,11.0,1.0,189.0,0.0,0.0,12.0,0.0,3.0,0.0,100.0,0.0,0.0
4032.0,12.0,0.0,0.0,0.0,0.0,0.0,0.0,0.0,11.0,1.0,6.0,1.0,116.0,0.0,0.0,12.0,0.0,11.0,1.0,163.0,0.0,0.0,12.0,0.0,11.0,1.0,190.0,0.0,0.0,12.0,0.0,3.0,0.0,100.0,0.0,0.0
4036.0,12.0,0.0,0.0,0.0,0.0,0.0,0.0,0.0,11.0,1.0,6.0,1.0,116.0,0.0,0.0,12.0,0.0,11.0,1.0,164.0,0.0,0.0,11.0,1.0,11.0,1.0,190.0,0.0,0.0,12.0,0.0,3.0,0.0,100.0,0.0,0.0
4040.0,12.0,0.0,0.0,0.0,0.0,0.0,0.0,0.0,11.0,1.0,5.0,1.0,116.0,0.0,0.0,12.0,0.0,11.0,1.0,165.0,0.0,0.0,11.0,1.0,9.0,1.0,190.0,0.0,0.0,12.0,0.0,3.0,0.0,100.0,0.0,0.0
4044.0,12.0,0.0,0.0,0.0,0.0,0.0,0.0,0.0,11.0,1.0,5.0,1.0,116.0,0.0,0.0,12.0,0.0,11.0,1.0,167.0,0.0,0.0,11.0,1.0,9.0,1.0,190.0,0.0,0.0,12.0,0.0,3.0,0.0,100.0,0.0,0.0
4048.0,12.0,0.0,0.0,0.0,0.0,0.0,0.0,0.0,11.0,1.0,5.0,1.0,116.0,0.0,0.0,12.0,0.0,11.0,0.0,168.0,0.0,0.0,11.0,1.0,6.0,4.0,190.0,0.0,0.0,12.0,0.0,3.0,0.0,100.0,0.0,0.0
4052.0,12.0,0.0,0.0,0.0,0.0,0.0,0.0,0.0,11.0,1.0,5.0,1.0,116.0,0.0,0.0,12.0,0.0,11.0,0.0,168.0,0.0,0.0,12.0,0.0,7.0,4.0,190.0,0.0,0.0,11.0,1.0,2.0,1.0,100.0,0.0,0.0
4056.0,12.0,0.0,0.0,0.0,0.0,0.0,0.0,0.0,11.0,1.0,5.0,1.0,116.0,0.0,0.0,12.0,0.0,11.0,0.0,169.0,0.0,0.0,11.0,1.0,8.0,3.0,192.0,0.0,0.0,11.0,1.0,2.0,1.0,100.0,0.0,0.0
4060.0,12.0,0.0,0.0,0.0,0.0,0.0,0.0,0.0,11.0,1.0,5.0,1.0,116.0,0.0,0.0,11.0,1.0,9.0,1.0,169.0,0.0,0.0,11.0,1.0,10.0,2.0,193.0,0.0,0.0,10.0,2.0,2.0,1.0,100.0,0.0,0.0
4064.0,12.0,0.0,0.0,0.0,0.0,0.0,0.0,0.0,11.0,1.0,6.0,0.0,117.0,0.0,0.0,12.0,0.0,11.0,0.0,170.0,0.0,0.0,11.0,1.0,9.0,3.0,193.0,0.0,0.0,11.0,1.0,3.0,1.0,100.0,0.0,0.0
4068.0,12.0,0.0,0.0,0.0,0.0,0.0,0.0,0.0,12.0,0.0,6.0,0.0,117.0,0.0,0.0,12.0,0.0,10.0,0.0,170.0,0.0,0.0,11.0,1.0,9.0,3.0,193.0,0.0,0.0,11.0,1.0,2.0,2.0,100.0,0.0,0.0
4072.0,12.0,0.0,0.0,0.0,0.0,0.0,0.0,0.0,12.0,0.0,4.0,2.0,117.0,0.0,0.0,12.0,0.0,10.0,0.0,170.0,0.0,0.0,12.0,0.0,12.0,1.0,196.0,0.0,0.0,11.0,1.0,2.0,2.0,100.0,0.0,0.0
4076.0,12.0,0.0,0.0,0.0,0.0,0.0,0.0,0.0,12.0,0.0,4.0,2.0,117.0,0.0,0.0,12.0,0.0,8.0,0.0,170.0,0.0,0.0,12.0,0.0,11.0,2.0,196.0,0.0,0.0,11.0,1.0,2.0,2.0,100.0,0.0,0.0
4080.0,12.0,0.0,0.0,0.0,0.0,0.0,0.0,0.0,12.0,0.0,3.0,2.0,117.0,0.0,0.0,11.0,1.0,8.0,0.0,170.0,0.0,0.0,12.0,0.0,10.0,3.0,197.0,0.0,0.0,11.0,1.0,1.0,2.0,100.0,0.0,0.0
4084.0,12.0,0.0,0.0,0.0,0.0,0.0,0.0,0.0,12.0,0.0,3.0,2.0,117.0,0.0,0.0,11.0,1.0,8.0,0.0,170.0,0.0,0.0,12.0,0.0,12.0,1.0,200.0,0.0,0.0,11.0,1.0,3.0,0.0,102.0,0.0,0.0
4088.0,12.0,0.0,0.0,0.0,0.0,0.0,0.0,0.0,12.0,0.0,3.0,2.0,118.0,0.0,0.0,12.0,0.0,8.0,0.0,171.0,0.0,0.0,12.0,0.0,12.0,1.0,200.0,0.0,0.0,12.0,0.0,4.0,0.0,102.0,0.0,0.0
4092.0,12.0,0.0,0.0,0.0,0.0,0.0,0.0,0.0,12.0,0.0,3.0,2.0,118.0,0.0,0.0,12.0,0.0,8.0,0.0,171.0,0.0,0.0,12.0,0.0,11.0,2.0,200.0,0.0,0.0,12.0,0.0,4.0,0.0,102.0,0.0,0.0
4096.0,12.0,0.0,0.0,0.0,0.0,0.0,0.0,0.0,12.0,0.0,2.0,3.0,118.0,0.0,0.0,12.0,0.0,8.0,0.0,171.0,0.0,0.0,12.0,0.0,11.0,1.0,201.0,0.0,0.0,12.0,0.0,4.0,0.0,102.0,0.0,0.0
4100.0,12.0,0.0,0.0,0.0,0.0,0.0,0.0,0.0,12.0,0.0,2.0,3.0,118.0,0.0,0.0,12.0,0.0,8.0,0.0,171.0,0.0,0.0,12.0,0.0,10.0,2.0,201.0,0.0,0.0,12.0,0.0,4.0,0.0,102.0,0.0,0.0
4104.0,12.0,0.0,0.0,0.0,0.0,0.0,0.0,0.0,12.0,0.0,2.0,3.0,119.0,0.0,0.0,12.0,0.0,7.0,1.0,171.0,0.0,0.0,11.0,1.0,10.0,2.0,202.0,0.0,0.0,12.0,0.0,4.0,0.0,102.0,0.0,0.0
4108.0,12.0,0.0,0.0,0.0,0.0,0.0,0.0,0.0,12.0,0.0,3.0,2.0,120.0,0.0,0.0,12.0,0.0,6.0,2.0,171.0,0.0,0.0,11.0,1.0,11.0,1.0,203.0,0.0,0.0,12.0,0.0,4.0,0.0,102.0,0.0,0.0
4112.0,12.0,0.0,0.0,0.0,0.0,0.0,0.0,0.0,12.0,0.0,4.0,1.0,121.0,0.0,0.0,12.0,0.0,6.0,1.0,172.0,0.0,0.0,11.0,1.0,10.0,2.0,203.0,0.0,0.0,12.0,0.0,4.0,0.0,102.0,0.0,0.0
4116.0,12.0,0.0,0.0,0.0,0.0,0.0,0.0,0.0,12.0,0.0,4.0,0.0,122.0,0.0,0.0,12.0,0.0,5.0,1.0,173.0,0.0,0.0,11.0,1.0,11.0,1.0,205.0,0.0,0.0,12.0,0.0,4.0,0.0,102.0,0.0,0.0
4120.0,12.0,0.0,0.0,0.0,0.0,0.0,0.0,0.0,12.0,0.0,4.0,0.0,122.0,0.0,0.0,12.0,0.0,6.0,0.0,174.0,0.0,0.0,12.0,0.0,12.0,1.0,205.0,0.0,0.0,12.0,0.0,3.0,1.0,102.0,0.0,0.0
4124.0,12.0,0.0,0.0,0.0,0.0,0.0,0.0,0.0,12.0,0.0,4.0,0.0,122.0,0.0,0.0,12.0,0.0,6.0,0.0,174.0,0.0,0.0,12.0,0.0,11.0,2.0,205.0,0.0,0.0,12.0,0.0,3.0,1.0,102.0,0.0,0.0
4128.0,13.0,0.0,0.0,0.0,0.0,0.0,0.0,0.0,13.0,0.0,4.0,0.0,122.0,0.0,0.0,13.0,0.0,6.0,0.0,174.0,0.0,0.0,13.0,0.0,9.0,2.0,206.0,0.0,0.0,12.0,1.0,3.0,1.0,102.0,0.0,0.0
4132.0,13.0,0.0,0.0,0.0,0.0,0.0,0.0,0.0,12.0,1.0,3.0,1.0,122.0,0.0,0.0,13.0,0.0,5.0,0.0,174.0,0.0,0.0,12.0,1.0,9.0,1.0,207.0,0.0,0.0,13.0,0.0,4.0,1.0,102.0,0.0,0.0
4136.0,13.0,0.0,0.0,0.0,0.0,0.0,0.0,0.0,12.0,1.0,3.0,1.0,122.0,0.0,0.0,13.0,0.0,4.0,1.0,174.0,0.0,0.0,12.0,1.0,10.0,0.0,208.0,0.0,0.0,13.0,0.0,2.0,3.0,102.0,0.0,0.0
4140.0,13.0,0.0,0.0,0.0,0.0,0.0,0.0,0.0,13.0,0.0,4.0,1.0,122.0,0.0,0.0,13.0,0.0,3.0,2.0,174.0,0.0,0.0,12.0,1.0,9.0,0.0,208.0,0.0,0.0,13.0,0.0,2.0,3.0,102.0,0.0,0.0
4144.0,13.0,0.0,0.0,0.0,0.0,0.0,0.0,0.0,13.0,0.0,4.0,1.0,122.0,0.0,0.0,13.0,0.0,3.0,2.0,174.0,0.0,0.0,12.0,1.0,8.0,0.0,208.0,0.0,0.0,13.0,0.0,2.0,3.0,102.0,0.0,0.0
4148.0,13.0,0.0,0.0,0.0,0.0,0.0,0.0,0.0,13.0,0.0,4.0,1.0,122.0,0.0,0.0,13.0,0.0,4.0,1.0,176.0,0.0,0.0,12.0,1.0,7.0,1.0,208.0,0.0,0.0,13.0,0.0,3.0,2.0,103.0,0.0,0.0
4152.0,13.0,0.0,0.0,0.0,0.0,0.0,0.0,0.0,13.0,0.0,4.0,1.0,122.0,0.0,0.0,13.0,0.0,4.0,1.0,176.0,0.0,0.0,12.0,1.0,7.0,1.0,208.0,0.0,0.0,13.0,0.0,4.0,1.0,104.0,0.0,0.0
4156.0,13.0,0.0,0.0,0.0,0.0,0.0,0.0,0.0,13.0,0.0,4.0,1.0,122.0,0.0,0.0,13.0,0.0,4.0,1.0,176.0,0.0,0.0,13.0,0.0,7.0,1.0,208.0,0.0,0.0,13.0,0.0,4.0,1.0,104.0,0.0,0.0
4160.0,13.0,0.0,0.0,0.0,0.0,0.0,0.0,0.0,13.0,0.0,4.0,1.0,122.0,0.0,0.0,13.0,0.0,4.0,0.0,177.0,0.0,0.0,12.0,1.0,7.0,1.0,208.0,0.0,0.0,13.0,0.0,5.0,0.0,105.0,0.0,0.0
4164.0,13.0,0.0,0.0,0.0,0.0,0.0,0.0,0.0,13.0,0.0,4.0,1.0,122.0,0.0,0.0,13.0,0.0,3.0,1.0,177.0,0.0,0.0,12.0,1.0,6.0,2.0,208.0,0.0,0.0,13.0,0.0,5.0,0.0,105.0,0.0,0.0
4168.0,13.0,0.0,0.0,0.0,0.0,0.0,0.0,0.0,13.0,0.0,5.0,0.0,123.0,0.0,0.0,13.0,0.0,3.0,1.0,177.0,0.0,0.0,12.0,1.0,5.0,2.0,208.0,0.0,0.0,13.0,0.0,5.0,0.0,105.0,0.0,0.0
4172.0,13.0,0.0,0.0,0.0,0.0,0.0,0.0,0.0,13.0,0.0,5.0,0.0,123.0,0.0,0.0,13.0,0.0,3.0,1.0,177.0,0.0,0.0,12.0,1.0,7.0,0.0,210.0,0.0,0.0,13.0,0.0,5.0,0.0,105.0,0.0,0.0
4176.0,13.0,0.0,0.0,0.0,0.0,0.0,0.0,0.0,13.0,0.0,4.0,0.0,123.0,0.0,0.0,13.0,0.0,3.0,1.0,177.0,0.0,0.0,12.0,1.0,8.0,0.0,210.0,0.0,0.0,13.0,0.0,5.0,0.0,105.0,0.0,0.0
4180.0,13.0,0.0,0.0,0.0,0.0,0.0,0.0,0.0,13.0,0.0,4.0,0.0,123.0,0.0,0.0,13.0,0.0,3.0,1.0,177.0,0.0,0.0,12.0,1.0,8.0,0.0,210.0,0.0,0.0,13.0,0.0,5.0,0.0,105.0,0.0,0.0
4184.0,13.0,0.0,0.0,0.0,0.0,0.0,0.0,0.0,13.0,0.0,4.0,0.0,123.0,0.0,0.0,13.0,0.0,2.0,2.0,177.0,0.0,0.0,11.0,2.0,7.0,1.0,210.0,0.0,0.0,13.0,0.0,4.0,0.0,105.0,0.0,0.0
4188.0,13.0,0.0,0.0,0.0,0.0,0.0,0.0,0.0,13.0,0.0,2.0,1.0,123.0,0.0,0.0,13.0,0.0,3.0,1.0,178.0,0.0,0.0,11.0,2.0,6.0,1.0,211.0,0.0,0.0,13.0,0.0,4.0,0.0,105.0,0.0,0.0
4192.0,13.0,0.0,0.0,0.0,0.0,0.0,0.0,0.0,13.0,0.0,2.0,1.0,123.0,0.0,0.0,13.0,0.0,3.0,1.0,178.0,0.0,0.0,12.0,1.0,7.0,1.0,211.0,0.0,0.0,13.0,0.0,4.0,0.0,105.0,0.0,0.0
4196.0,13.0,0.0,0.0,0.0,0.0,0.0,0.0,0.0,13.0,0.0,2.0,1.0,123.0,0.0,0.0,13.0,0.0,3.0,1.0,178.0,0.0,0.0,11.0,2.0,8.0,0.0,212.0,0.0,0.0,13.0,0.0,4.0,0.0,105.0,0.0,0.0
4200.0,13.0,0.0,0.0,0.0,0.0,0.0,0.0,0.0,13.0,0.0,2.0,1.0,123.0,0.0,0.0,13.0,0.0,4.0,0.0,179.0,0.0,0.0,11.0,2.0,6.0,1.0,212.0,0.0,0.0,13.0,0.0,4.0,0.0,105.0,0.0,0.0
4204.0,13.0,0.0,0.0,0.0,0.0,0.0,0.0,0.0,13.0,0.0,2.0,1.0,124.0,0.0,0.0,12.0,1.0,3.0,0.0,179.0,0.0,0.0,12.0,1.0,7.0,1.0,213.0,0.0,0.0,13.0,0.0,3.0,1.0,105.0,0.0,0.0
4208.0,13.0,0.0,0.0,0.0,0.0,0.0,0.0,0.0,13.0,0.0,2.0,1.0,124.0,0.0,0.0,12.0,1.0,3.0,0.0,179.0,0.0,0.0,13.0,0.0,9.0,0.0,215.0,0.0,0.0,13.0,0.0,3.0,1.0,105.0,0.0,0.0
4212.0,13.0,0.0,0.0,0.0,0.0,0.0,0.0,0.0,13.0,0.0,2.0,1.0,124.0,0.0,0.0,13.0,0.0,4.0,0.0,179.0,0.0,0.0,13.0,0.0,8.0,1.0,215.0,0.0,0.0,13.0,0.0,3.0,1.0,105.0,0.0,0.0
4216.0,13.0,0.0,0.0,0.0,0.0,0.0,0.0,0.0,13.0,0.0,3.0,1.0,124.0,0.0,0.0,13.0,0.0,3.0,1.0,179.0,0.0,0.0,13.0,0.0,8.0,1.0,215.0,0.0,0.0,13.0,0.0,4.0,0.0,106.0,0.0,0.0
4220.0,13.0,0.0,0.0,0.0,0.0,0.0,0.0,0.0,13.0,0.0,4.0,0.0,125.0,0.0,0.0,13.0,0.0,4.0,0.0,180.0,0.0,0.0,13.0,0.0,7.0,2.0,215.0,0.0,0.0,13.0,0.0,4.0,0.0,106.0,0.0,0.0
4224.0,13.0,0.0,0.0,0.0,0.0,0.0,0.0,0.0,13.0,0.0,4.0,0.0,125.0,0.0,0.0,12.0,1.0,3.0,1.0,180.0,0.0,0.0,13.0,0.0,8.0,1.0,216.0,0.0,0.0,13.0,0.0,4.0,0.0,106.0,0.0,0.0
4228.0,13.0,0.0,0.0,0.0,0.0,0.0,0.0,0.0,13.0,0.0,4.0,0.0,125.0,0.0,0.0,12.0,1.0,4.0,0.0,181.0,0.0,0.0,13.0,0.0,8.0,1.0,216.0,0.0,0.0,13.0,0.0,4.0,0.0,106.0,0.0,0.0
4232.0,13.0,0.0,0.0,0.0,0.0,0.0,0.0,0.0,13.0,0.0,4.0,0.0,125.0,0.0,0.0,12.0,1.0,4.0,0.0,181.0,0.0,0.0,11.0,2.0,8.0,1.0,216.0,0.0,0.0,13.0,0.0,4.0,0.0,106.0,0.0,0.0
4236.0,13.0,0.0,0.0,0.0,0.0,0.0,0.0,0.0,13.0,0.0,4.0,0.0,126.0,0.0,0.0,13.0,0.0,5.0,0.0,181.0,0.0,0.0,11.0,2.0,8.0,1.0,216.0,0.0,0.0,13.0,0.0,4.0,0.0,106.0,0.0,0.0
4240.0,13.0,0.0,0.0,0.0,0.0,0.0,0.0,0.0,13.0,0.0,4.0,0.0,126.0,0.0,0.0,13.0,0.0,5.0,0.0,181.0,0.0,0.0,11.0,2.0,8.0,1.0,216.0,0.0,0.0,12.0,1.0,4.0,0.0,106.0,0.0,0.0
4244.0,13.0,0.0,0.0,0.0,0.0,0.0,0.0,0.0,12.0,1.0,4.0,0.0,126.0,0.0,0.0,12.0,1.0,5.0,0.0,181.0,0.0,0.0,11.0,2.0,9.0,0.0,217.0,0.0,0.0,13.0,0.0,5.0,0.0,106.0,0.0,0.0
4248.0,13.0,0.0,0.0,0.0,0.0,0.0,0.0,0.0,12.0,1.0,4.0,0.0,126.0,0.0,0.0,13.0,0.0,5.0,1.0,181.0,0.0,0.0,12.0,1.0,9.0,1.0,217.0,0.0,0.0,13.0,0.0,5.0,0.0,106.0,0.0,0.0
4252.0,13.0,0.0,0.0,0.0,0.0,0.0,0.0,0.0,12.0,1.0,4.0,0.0,126.0,0.0,0.0,13.0,0.0,6.0,0.0,182.0,0.0,0.0,12.0,1.0,8.0,1.0,217.0,0.0,0.0,13.0,0.0,5.0,0.0,106.0,0.0,0.0
4256.0,13.0,0.0,0.0,0.0,0.0,0.0,0.0,0.0,12.0,1.0,4.0,0.0,126.0,0.0,0.0,13.0,0.0,6.0,0.0,182.0,0.0,0.0,12.0,1.0,8.0,1.0,217.0,0.0,0.0,13.0,0.0,5.0,0.0,107.0,0.0,0.0
4260.0,13.0,0.0,0.0,0.0,0.0,0.0,0.0,0.0,12.0,1.0,3.0,1.0,126.0,0.0,0.0,12.0,1.0,6.0,0.0,182.0,0.0,0.0,11.0,2.0,6.0,3.0,217.0,0.0,0.0,13.0,0.0,5.0,0.0,107.0,0.0,0.0
4264.0,13.0,0.0,0.0,0.0,0.0,0.0,0.0,0.0,12.0,1.0,3.0,1.0,126.0,0.0,0.0,12.0,1.0,5.0,0.0,182.0,0.0,0.0,11.0,2.0,5.0,4.0,217.0,0.0,0.0,13.0,0.0,4.0,1.0,107.0,0.0,0.0
4268.0,13.0,0.0,0.0,0.0,0.0,0.0,0.0,0.0,13.0,0.0,5.0,0.0,127.0,0.0,0.0,12.0,1.0,5.0,0.0,182.0,0.0,0.0,11.0,2.0,8.0,1.0,220.0,0.0,0.0,13.0,0.0,4.0,1.0,107.0,0.0,0.0
4272.0,13.0,0.0,0.0,0.0,0.0,0.0,0.0,0.0,12.0,1.0,4.0,0.0,127.0,0.0,0.0,12.0,1.0,4.0,0.0,182.0,0.0,0.0,12.0,1.0,10.0,0.0,221.0,0.0,0.0,13.0,0.0,4.0,1.0,107.0,0.0,0.0
4276.0,13.0,0.0,0.0,0.0,0.0,0.0,0.0,0.0,12.0,1.0,3.0,0.0,127.0,0.0,0.0,12.0,1.0,4.0,0.0,182.0,0.0,0.0,12.0,1.0,9.0,1.0,221.0,0.0,0.0,13.0,0.0,4.0,1.0,107.0,0.0,0.0
4280.0,13.0,0.0,0.0,0.0,0.0,0.0,0.0,0.0,12.0,1.0,2.0,1.0,127.0,0.0,0.0,12.0,1.0,4.0,0.0,182.0,0.0,0.0,12.0,1.0,8.0,1.0,222.0,0.0,0.0,13.0,0.0,5.0,0.0,108.0,0.0,0.0
4284.0,13.0,0.0,0.0,0.0,0.0,0.0,0.0,0.0,12.0,1.0,2.0,1.0,127.0,0.0,0.0,13.0,0.0,5.0,0.0,182.0,0.0,0.0,12.0,1.0,6.0,2.0,223.0,0.0,0.0,13.0,0.0,4.0,0.0,108.0,0.0,0.0
4288.0,13.0,0.0,0.0,0.0,0.0,0.0,0.0,0.0,13.0,0.0,3.0,1.0,127.0,0.0,0.0,13.0,0.0,4.0,1.0,182.0,0.0,0.0,13.0,0.0,7.0,2.0,223.0,0.0,0.0,12.0,1.0,4.0,0.0,108.0,0.0,0.0
4292.0,13.0,0.0,0.0,0.0,0.0,0.0,0.0,0.0,13.0,0.0,4.0,0.0,128.0,0.0,0.0,13.0,0.0,4.0,1.0,182.0,0.0,0.0,13.0,0.0,7.0,2.0,223.0,0.0,0.0,12.0,1.0,5.0,0.0,108.0,0.0,0.0
4296.0,13.0,0.0,0.0,0.0,0.0,0.0,0.0,0.0,13.0,0.0,3.0,0.0,128.0,0.0,0.0,13.0,0.0,5.0,0.0,183.0,0.0,0.0,12.0,1.0,7.0,2.0,223.0,0.0,0.0,13.0,0.0,7.0,0.0,108.0,0.0,0.0
4300.0,13.0,0.0,0.0,0.0,0.0,0.0,0.0,0.0,13.0,0.0,3.0,0.0,128.0,0.0,0.0,13.0,0.0,5.0,0.0,183.0,0.0,0.0,12.0,1.0,7.0,2.0,224.0,0.0,0.0,13.0,0.0,7.0,0.0,109.0,0.0,0.0
4304.0,13.0,0.0,0.0,0.0,0.0,0.0,0.0,0.0,13.0,0.0,3.0,0.0,128.0,0.0,0.0,13.0,0.0,5.0,0.0,183.0,0.0,0.0,12.0,1.0,8.0,0.0,226.0,0.0,0.0,13.0,0.0,7.0,0.0,109.0,0.0,0.0
4308.0,13.0,0.0,0.0,0.0,0.0,0.0,0.0,0.0,12.0,1.0,2.0,0.0,129.0,0.0,0.0,13.0,0.0,4.0,1.0,183.0,0.0,0.0,12.0,1.0,7.0,1.0,227.0,0.0,0.0,13.0,0.0,7.0,0.0,109.0,0.0,0.0
4312.0,13.0,0.0,0.0,0.0,0.0,0.0,0.0,0.0,12.0,1.0,2.0,0.0,129.0,0.0,0.0,13.0,0.0,4.0,1.0,183.0,0.0,0.0,12.0,1.0,7.0,1.0,227.0,0.0,0.0,13.0,0.0,7.0,0.0,109.0,0.0,0.0
4316.0,13.0,0.0,0.0,0.0,0.0,0.0,0.0,0.0,12.0,1.0,1.0,1.0,129.0,0.0,0.0,13.0,0.0,5.0,0.0,184.0,0.0,0.0,12.0,1.0,8.0,0.0,228.0,0.0,0.0,13.0,0.0,7.0,0.0,109.0,0.0,0.0
4320.0,13.0,0.0,0.0,0.0,0.0,0.0,0.0,0.0,13.0,0.0,2.0,1.0,129.0,0.0,0.0,13.0,0.0,4.0,1.0,184.0,0.0,0.0,12.0,1.0,8.0,0.0,228.0,0.0,0.0,13.0,0.0,6.0,0.0,109.0,0.0,0.0
4324.0,13.0,0.0,0.0,0.0,0.0,0.0,0.0,0.0,13.0,0.0,2.0,1.0,129.0,0.0,0.0,13.0,0.0,3.0,1.0,184.0,0.0,0.0,13.0,0.0,8.0,0.0,228.0,0.0,0.0,13.0,0.0,5.0,1.0,109.0,0.0,0.0
4328.0,13.0,0.0,0.0,0.0,0.0,0.0,0.0,0.0,13.0,0.0,2.0,1.0,130.0,0.0,0.0,13.0,0.0,3.0,1.0,184.0,0.0,0.0,13.0,0.0,8.0,0.0,228.0,0.0,0.0,13.0,0.0,5.0,1.0,109.0,0.0,0.0
4332.0,13.0,0.0,0.0,0.0,0.0,0.0,0.0,0.0,13.0,0.0,1.0,1.0,130.0,0.0,0.0,13.0,0.0,5.0,0.0,185.0,0.0,0.0,13.0,0.0,7.0,1.0,228.0,0.0,0.0,13.0,0.0,5.0,1.0,109.0,0.0,0.0
4336.0,13.0,0.0,0.0,0.0,0.0,0.0,0.0,0.0,13.0,0.0,1.0,1.0,130.0,0.0,0.0,12.0,1.0,5.0,0.0,185.0,0.0,0.0,13.0,0.0,7.0,1.0,228.0,0.0,0.0,13.0,0.0,5.0,1.0,109.0,0.0,0.0
4340.0,13.0,0.0,0.0,0.0,0.0,0.0,0.0,0.0,13.0,0.0,1.0,1.0,130.0,0.0,0.0,12.0,1.0,4.0,1.0,185.0,0.0,0.0,13.0,0.0,7.0,1.0,228.0,0.0,0.0,13.0,0.0,5.0,1.0,109.0,0.0,0.0
4344.0,13.0,0.0,0.0,0.0,0.0,0.0,0.0,0.0,13.0,0.0,1.0,1.0,130.0,0.0,0.0,12.0,1.0,3.0,2.0,185.0,0.0,0.0,13.0,0.0,8.0,0.0,229.0,0.0,0.0,13.0,0.0,5.0,1.0,109.0,0.0,0.0
4348.0,13.0,0.0,0.0,0.0,0.0,0.0,0.0,0.0,12.0,1.0,1.0,1.0,131.0,0.0,0.0,12.0,1.0,4.0,1.0,186.0,0.0,0.0,13.0,0.0,7.0,1.0,229.0,0.0,0.0,13.0,0.0,5.0,1.0,109.0,0.0,0.0
4352.0,13.0,0.0,0.0,0.0,0.0,0.0,0.0,0.0,13.0,0.0,2.0,1.0,131.0,0.0,0.0,12.0,1.0,4.0,1.0,186.0,0.0,0.0,13.0,0.0,6.0,2.0,229.0,0.0,0.0,13.0,0.0,5.0,1.0,109.0,0.0,0.0
4356.0,13.0,0.0,0.0,0.0,0.0,0.0,0.0,0.0,13.0,0.0,2.0,1.0,131.0,0.0,0.0,12.0,1.0,5.0,0.0,187.0,0.0,0.0,13.0,0.0,7.0,1.0,230.0,0.0,0.0,13.0,0.0,6.0,0.0,110.0,0.0,0.0
4360.0,13.0,0.0,0.0,0.0,0.0,0.0,0.0,0.0,13.0,0.0,2.0,1.0,131.0,0.0,0.0,12.0,1.0,5.0,0.0,187.0,0.0,0.0,13.0,0.0,6.0,2.0,230.0,0.0,0.0,13.0,0.0,6.0,0.0,110.0,0.0,0.0
4364.0,13.0,0.0,0.0,0.0,0.0,0.0,0.0,0.0,13.0,0.0,3.0,0.0,132.0,0.0,0.0,13.0,0.0,5.0,0.0,187.0,0.0,0.0,13.0,0.0,6.0,2.0,230.0,0.0,0.0,13.0,0.0,5.0,1.0,110.0,0.0,0.0
4368.0,13.0,0.0,0.0,0.0,0.0,0.0,0.0,0.0,13.0,0.0,3.0,0.0,132.0,0.0,0.0,13.0,0.0,5.0,0.0,187.0,0.0,0.0,13.0,0.0,7.0,1.0,231.0,0.0,0.0,13.0,0.0,4.0,2.0,110.0,0.0,0.0
4372.0,13.0,0.0,0.0,0.0,0.0,0.0,0.0,0.0,13.0,0.0,3.0,0.0,132.0,0.0,0.0,13.0,0.0,5.0,0.0,187.0,0.0,0.0,13.0,0.0,7.0,1.0,231.0,0.0,0.0,13.0,0.0,5.0,1.0,112.0,0.0,0.0
4376.0,13.0,0.0,0.0,0.0,0.0,0.0,0.0,0.0,13.0,0.0,3.0,0.0,132.0,0.0,0.0,13.0,0.0,5.0,0.0,187.0,0.0,0.0,13.0,0.0,7.0,1.0,231.0,0.0,0.0,13.0,0.0,6.0,0.0,113.0,0.0,0.0
4380.0,13.0,0.0,0.0,0.0,0.0,0.0,0.0,0.0,13.0,0.0,3.0,0.0,132.0,0.0,0.0,13.0,0.0,5.0,0.0,187.0,0.0,0.0,13.0,0.0,7.0,1.0,231.0,0.0,0.0,13.0,0.0,6.0,0.0,113.0,0.0,0.0
4384.0,13.0,0.0,0.0,0.0,0.0,0.0,0.0,0.0,12.0,1.0,3.0,0.0,132.0,0.0,0.0,13.0,0.0,5.0,0.0,187.0,0.0,0.0,12.0,1.0,7.0,1.0,231.0,0.0,0.0,13.0,0.0,5.0,1.0,113.0,0.0,0.0
4388.0,13.0,0.0,0.0,0.0,0.0,0.0,0.0,0.0,12.0,1.0,2.0,1.0,132.0,0.0,0.0,13.0,0.0,5.0,0.0,187.0,0.0,0.0,13.0,0.0,8.0,1.0,231.0,0.0,0.0,13.0,0.0,6.0,0.0,114.0,0.0,0.0
4392.0,13.0,0.0,0.0,0.0,0.0,0.0,0.0,0.0,12.0,1.0,2.0,1.0,132.0,0.0,0.0,13.0,0.0,5.0,0.0,187.0,0.0,0.0,13.0,0.0,7.0,2.0,231.0,0.0,0.0,13.0,0.0,5.0,1.0,114.0,0.0,0.0
4396.0,13.0,0.0,0.0,0.0,0.0,0.0,0.0,0.0,12.0,1.0,2.0,1.0,132.0,0.0,0.0,13.0,0.0,4.0,1.0,187.0,0.0,0.0,13.0,0.0,8.0,1.0,232.0,0.0,0.0,13.0,0.0,4.0,1.0,114.0,0.0,0.0
4400.0,14.0,0.0,0.0,0.0,0.0,0.0,0.0,0.0,13.0,1.0,1.0,2.0,132.0,0.0,0.0,14.0,0.0,4.0,0.0,188.0,0.0,0.0,13.0,1.0,9.0,1.0,234.0,0.0,0.0,13.0,1.0,4.0,1.0,114.0,0.0,0.0
4404.0,14.0,0.0,0.0,0.0,0.0,0.0,0.0,0.0,13.0,1.0,2.0,1.0,133.0,0.0,0.0,14.0,0.0,3.0,0.0,188.0,0.0,0.0,12.0,2.0,9.0,1.0,234.0,0.0,0.0,13.0,1.0,4.0,1.0,114.0,0.0,0.0
4408.0,14.0,0.0,0.0,0.0,0.0,0.0,0.0,0.0,13.0,1.0,2.0,1.0,133.0,0.0,0.0,14.0,0.0,3.0,0.0,188.0,0.0,0.0,12.0,2.0,9.0,0.0,235.0,0.0,0.0,13.0,1.0,5.0,0.0,115.0,0.0,0.0
4412.0,14.0,0.0,0.0,0.0,0.0,0.0,0.0,0.0,13.0,1.0,2.0,1.0,133.0,0.0,0.0,14.0,0.0,3.0,0.0,188.0,0.0,0.0,11.0,3.0,9.0,0.0,235.0,0.0,0.0,13.0,1.0,6.0,0.0,115.0,0.0,0.0
4416.0,14.0,0.0,0.0,0.0,0.0,0.0,0.0,0.0,13.0,1.0,3.0,0.0,134.0,0.0,0.0,14.0,0.0,3.0,1.0,188.0,0.0,0.0,13.0,1.0,11.0,0.0,236.0,0.0,0.0,13.0,1.0,5.0,0.0,115.0,0.0,0.0
4420.0,14.0,0.0,0.0,0.0,0.0,0.0,0.0,0.0,13.0,1.0,3.0,0.0,134.0,0.0,0.0,14.0,0.0,3.0,1.0,188.0,0.0,0.0,14.0,0.0,10.0,1.0,236.0,0.0,0.0,13.0,1.0,4.0,1.0,115.0,0.0,0.0
4424.0,14.0,0.0,0.0,0.0,0.0,0.0,0.0,0.0,13.0,1.0,2.0,1.0,134.0,0.0,0.0,13.0,1.0,2.0,1.0,189.0,0.0,0.0,14.0,0.0,10.0,1.0,237.0,0.0,0.0,12.0,2.0,4.0,1.0,115.0,0.0,0.0
4428.0,14.0,0.0,0.0,0.0,0.0,0.0,0.0,0.0,13.0,1.0,3.0,0.0,135.0,0.0,0.0,14.0,0.0,3.0,1.0,189.0,0.0,0.0,14.0,0.0,9.0,2.0,237.0,0.0,0.0,13.0,1.0,5.0,1.0,116.0,0.0,0.0
4432.0,14.0,0.0,0.0,0.0,0.0,0.0,0.0,0.0,13.0,1.0,3.0,0.0,135.0,0.0,0.0,14.0,0.0,3.0,1.0,189.0,0.0,0.0,13.0,1.0,9.0,2.0,237.0,0.0,0.0,13.0,1.0,5.0,1.0,116.0,0.0,0.0
4436.0,14.0,0.0,0.0,0.0,0.0,0.0,0.0,0.0,13.0,1.0,3.0,0.0,135.0,0.0,0.0,14.0,0.0,3.0,1.0,189.0,0.0,0.0,13.0,1.0,9.0,2.0,238.0,0.0,0.0,13.0,1.0,4.0,2.0,116.0,0.0,0.0
4440.0,14.0,0.0,0.0,0.0,0.0,0.0,0.0,0.0,13.0,1.0,2.0,1.0,135.0,0.0,0.0,14.0,0.0,4.0,0.0,190.0,0.0,0.0,13.0,1.0,8.0,3.0,238.0,0.0,0.0,13.0,1.0,5.0,1.0,117.0,0.0,0.0
4444.0,14.0,0.0,0.0,0.0,0.0,0.0,0.0,0.0,13.0,1.0,3.0,0.0,136.0,0.0,0.0,14.0,0.0,4.0,0.0,190.0,0.0,0.0,13.0,1.0,10.0,1.0,240.0,0.0,0.0,13.0,1.0,5.0,1.0,117.0,0.0,0.0
4448.0,14.0,0.0,0.0,0.0,0.0,0.0,0.0,0.0,13.0,1.0,3.0,0.0,136.0,0.0,0.0,14.0,0.0,4.0,0.0,190.0,0.0,0.0,13.0,1.0,10.0,1.0,240.0,0.0,0.0,13.0,1.0,4.0,2.0,117.0,0.0,0.0
4452.0,14.0,0.0,0.0,0.0,0.0,0.0,0.0,0.0,13.0,1.0,4.0,0.0,136.0,0.0,0.0,14.0,0.0,3.0,1.0,190.0,0.0,0.0,13.0,1.0,10.0,1.0,240.0,0.0,0.0,14.0,0.0,5.0,2.0,117.0,0.0,0.0
4456.0,14.0,0.0,0.0,0.0,0.0,0.0,0.0,0.0,13.0,1.0,4.0,0.0,136.0,0.0,0.0,13.0,1.0,3.0,1.0,190.0,0.0,0.0,13.0,1.0,10.0,1.0,240.0,0.0,0.0,14.0,0.0,6.0,1.0,118.0,0.0,0.0
4460.0,14.0,0.0,0.0,0.0,0.0,0.0,0.0,0.0,13.0,1.0,2.0,2.0,136.0,0.0,0.0,13.0,1.0,3.0,1.0,190.0,0.0,0.0,14.0,0.0,11.0,1.0,240.0,0.0,0.0,14.0,0.0,5.0,2.0,118.0,0.0,0.0
4464.0,15.0,0.0,0.0,0.0,0.0,0.0,0.0,0.0,14.0,1.0,2.0,3.0,136.0,0.0,0.0,15.0,0.0,3.0,1.0,190.0,0.0,0.0,15.0,0.0,11.0,1.0,240.0,0.0,0.0,15.0,0.0,6.0,1.0,119.0,0.0,0.0
4468.0,15.0,0.0,0.0,0.0,0.0,0.0,0.0,0.0,13.0,2.0,5.0,0.0,139.0,0.0,0.0,15.0,0.0,3.0,1.0,190.0,0.0,0.0,15.0,0.0,12.0,0.0,241.0,0.0,0.0,15.0,0.0,6.0,1.0,119.0,0.0,0.0
4472.0,15.0,0.0,0.0,0.0,0.0,0.0,0.0,0.0,13.0,2.0,5.0,0.0,139.0,0.0,0.0,15.0,0.0,4.0,0.0,191.0,0.0,0.0,15.0,0.0,9.0,1.0,241.0,0.0,0.0,15.0,0.0,6.0,1.0,119.0,0.0,0.0
4476.0,15.0,0.0,0.0,0.0,0.0,0.0,0.0,0.0,13.0,2.0,5.0,0.0,139.0,0.0,0.0,15.0,0.0,3.0,1.0,191.0,0.0,0.0,15.0,0.0,7.0,3.0,241.0,0.0,0.0,15.0,0.0,6.0,1.0,119.0,0.0,0.0
4480.0,15.0,0.0,0.0,0.0,0.0,0.0,0.0,0.0,13.0,2.0,4.0,0.0,139.0,0.0,0.0,15.0,0.0,4.0,0.0,192.0,0.0,0.0,15.0,0.0,8.0,2.0,242.0,0.0,0.0,15.0,0.0,6.0,1.0,119.0,0.0,0.0
4484.0,15.0,0.0,0.0,0.0,0.0,0.0,0.0,0.0,15.0,0.0,5.0,1.0,139.0,0.0,0.0,14.0,1.0,4.0,0.0,192.0,0.0,0.0,15.0,0.0,6.0,4.0,242.0,0.0,0.0,15.0,0.0,5.0,1.0,119.0,0.0,0.0
4488.0,15.0,0.0,0.0,0.0,0.0,0.0,0.0,0.0,15.0,0.0,3.0,3.0,139.0,0.0,0.0,14.0,1.0,3.0,1.0,192.0,0.0,0.0,14.0,1.0,5.0,5.0,242.0,0.0,0.0,15.0,0.0,4.0,2.0,119.0,0.0,0.0
4492.0,16.0,0.0,0.0,0.0,0.0,0.0,0.0,0.0,16.0,0.0,2.0,4.0,139.0,0.0,0.0,16.0,0.0,4.0,1.0,193.0,0.0,0.0,16.0,0.0,10.0,1.0,246.0,0.0,0.0,16.0,0.0,4.0,2.0,119.0,0.0,0.0
4496.0,16.0,0.0,0.0,0.0,0.0,0.0,0.0,0.0,16.0,0.0,3.0,2.0,141.0,0.0,0.0,16.0,0.0,4.0,1.0,193.0,0.0,0.0,16.0,0.0,10.0,1.0,247.0,0.0,0.0,16.0,0.0,4.0,2.0,120.0,0.0,0.0
4500.0,16.0,0.0,0.0,0.0,0.0,0.0,0.0,0.0,16.0,0.0,3.0,2.0,141.0,0.0,0.0,16.0,0.0,4.0,1.0,193.0,0.0,0.0,16.0,0.0,9.0,2.0,247.0,0.0,0.0,16.0,0.0,6.0,0.0,122.0,0.0,0.0
4504.0,16.0,0.0,0.0,0.0,0.0,0.0,0.0,0.0,16.0,0.0,3.0,2.0,141.0,0.0,0.0,15.0,1.0,4.0,1.0,193.0,0.0,0.0,16.0,0.0,9.0,2.0,247.0,0.0,0.0,16.0,0.0,5.0,1.0,122.0,0.0,0.0
4508.0,16.0,0.0,0.0,0.0,0.0,0.0,0.0,0.0,16.0,0.0,3.0,2.0,141.0,0.0,0.0,15.0,1.0,5.0,0.0,194.0,0.0,0.0,16.0,0.0,10.0,1.0,248.0,0.0,0.0,16.0,0.0,5.0,1.0,122.0,0.0,0.0
4512.0,16.0,0.0,0.0,0.0,0.0,0.0,0.0,0.0,16.0,0.0,3.0,2.0,141.0,0.0,0.0,14.0,2.0,5.0,0.0,194.0,0.0,0.0,16.0,0.0,10.0,1.0,248.0,0.0,0.0,16.0,0.0,5.0,1.0,122.0,0.0,0.0
4516.0,16.0,0.0,0.0,0.0,0.0,0.0,0.0,0.0,15.0,1.0,3.0,2.0,141.0,0.0,0.0,16.0,0.0,6.0,0.0,194.0,0.0,0.0,16.0,0.0,10.0,1.0,248.0,0.0,0.0,15.0,1.0,5.0,1.0,122.0,0.0,0.0
4520.0,16.0,0.0,0.0,0.0,0.0,0.0,0.0,0.0,15.0,1.0,2.0,3.0,141.0,0.0,0.0,16.0,0.0,6.0,0.0,194.0,0.0,0.0,16.0,0.0,10.0,1.0,248.0,0.0,0.0,15.0,1.0,5.0,1.0,123.0,0.0,0.0
4524.0,16.0,0.0,0.0,0.0,0.0,0.0,0.0,0.0,15.0,1.0,3.0,2.0,143.0,0.0,0.0,16.0,0.0,6.0,0.0,194.0,0.0,0.0,15.0,1.0,9.0,1.0,248.0,0.0,0.0,15.0,1.0,4.0,2.0,123.0,0.0,0.0
4528.0,16.0,0.0,0.0,0.0,0.0,0.0,0.0,0.0,16.0,0.0,5.0,1.0,144.0,0.0,0.0,16.0,0.0,6.0,0.0,194.0,0.0,0.0,15.0,1.0,9.0,1.0,248.0,0.0,0.0,15.0,1.0,5.0,1.0,125.0,0.0,0.0
4532.0,16.0,0.0,0.0,0.0,0.0,0.0,0.0,0.0,16.0,0.0,4.0,2.0,144.0,0.0,0.0,16.0,0.0,5.0,1.0,194.0,0.0,0.0,16.0,0.0,10.0,1.0,248.0,0.0,0.0,15.0,1.0,5.0,0.0,126.0,0.0,0.0
4536.0,16.0,0.0,0.0,0.0,0.0,0.0,0.0,0.0,16.0,0.0,5.0,1.0,145.0,0.0,0.0,16.0,0.0,6.0,0.0,195.0,0.0,0.0,16.0,0.0,9.0,1.0,248.0,0.0,0.0,16.0,0.0,6.0,0.0,126.0,0.0,0.0
4540.0,16.0,0.0,0.0,0.0,0.0,0.0,0.0,0.0,16.0,0.0,5.0,1.0,146.0,0.0,0.0,16.0,0.0,6.0,0.0,195.0,0.0,0.0,15.0,1.0,7.0,3.0,249.0,0.0,0.0,16.0,0.0,6.0,0.0,126.0,0.0,0.0
4544.0,16.0,0.0,0.0,0.0,0.0,0.0,0.0,0.0,15.0,1.0,5.0,1.0,146.0,0.0,0.0,16.0,0.0,6.0,0.0,195.0,0.0,0.0,15.0,1.0,8.0,2.0,250.0,0.0,0.0,16.0,0.0,5.0,0.0,126.0,0.0,0.0
4548.0,16.0,0.0,0.0,0.0,0.0,0.0,0.0,0.0,15.0,1.0,6.0,0.0,147.0,0.0,0.0,16.0,0.0,6.0,0.0,195.0,0.0,0.0,15.0,1.0,8.0,2.0,250.0,0.0,0.0,16.0,0.0,4.0,1.0,126.0,0.0,0.0
4552.0,16.0,0.0,0.0,0.0,0.0,0.0,0.0,0.0,15.0,1.0,5.0,1.0,148.0,0.0,0.0,16.0,0.0,6.0,0.0,195.0,0.0,0.0,16.0,0.0,10.0,1.0,253.0,0.0,0.0,16.0,0.0,4.0,1.0,127.0,0.0,0.0
4556.0,16.0,0.0,0.0,0.0,0.0,0.0,0.0,0.0,16.0,0.0,7.0,0.0,149.0,0.0,0.0,16.0,0.0,5.0,1.0,195.0,0.0,0.0,16.0,0.0,10.0,1.0,253.0,0.0,0.0,16.0,0.0,4.0,1.0,127.0,0.0,0.0
4560.0,16.0,0.0,0.0,0.0,0.0,0.0,0.0,0.0,16.0,0.0,6.0,1.0,149.0,0.0,0.0,14.0,2.0,6.0,0.0,196.0,0.0,0.0,16.0,0.0,11.0,1.0,253.0,0.0,0.0,16.0,0.0,4.0,1.0,127.0,0.0,0.0
4564.0,16.0,0.0,0.0,0.0,0.0,0.0,0.0,0.0,16.0,0.0,5.0,2.0,149.0,0.0,0.0,15.0,1.0,7.0,0.0,196.0,0.0,0.0,16.0,0.0,11.0,1.0,253.0,0.0,0.0,16.0,0.0,4.0,1.0,127.0,0.0,0.0
4568.0,16.0,0.0,0.0,0.0,0.0,0.0,0.0,0.0,16.0,0.0,5.0,2.0,149.0,0.0,0.0,15.0,1.0,6.0,0.0,196.0,0.0,0.0,16.0,0.0,12.0,0.0,254.0,0.0,0.0,16.0,0.0,4.0,1.0,127.0,0.0,0.0
4572.0,16.0,0.0,0.0,0.0,0.0,0.0,0.0,0.0,16.0,0.0,5.0,2.0,149.0,0.0,0.0,15.0,1.0,6.0,0.0,196.0,0.0,0.0,16.0,0.0,11.0,0.0,254.0,0.0,0.0,16.0,0.0,4.0,1.0,128.0,0.0,0.0
4576.0,16.0,0.0,0.0,0.0,0.0,0.0,0.0,0.0,16.0,0.0,3.0,4.0,149.0,0.0,0.0,16.0,0.0,5.0,2.0,196.0,0.0,0.0,16.0,0.0,9.0,1.0,254.0,0.0,0.0,15.0,1.0,4.0,1.0,128.0,0.0,0.0
4580.0,16.0,0.0,0.0,0.0,0.0,0.0,0.0,0.0,16.0,0.0,3.0,4.0,149.0,0.0,0.0,16.0,0.0,5.0,2.0,196.0,0.0,0.0,16.0,0.0,9.0,1.0,254.0,0.0,0.0,15.0,1.0,4.0,2.0,128.0,0.0,0.0
4584.0,16.0,0.0,0.0,0.0,0.0,0.0,0.0,0.0,16.0,0.0,3.0,4.0,149.0,0.0,0.0,16.0,0.0,6.0,1.0,197.0,0.0,0.0,16.0,0.0,10.0,0.0,255.0,0.0,0.0,14.0,2.0,4.0,2.0,128.0,0.0,0.0
4588.0,16.0,0.0,0.0,0.0,0.0,0.0,0.0,0.0,16.0,0.0,5.0,2.0,151.0,0.0,0.0,16.0,0.0,5.0,2.0,197.0,0.0,0.0,16.0,0.0,9.0,1.0,255.0,0.0,0.0,14.0,2.0,4.0,2.0,128.0,0.0,0.0
4592.0,16.0,0.0,0.0,0.0,0.0,0.0,0.0,0.0,16.0,0.0,5.0,2.0,151.0,0.0,0.0,16.0,0.0,5.0,2.0,198.0,0.0,0.0,16.0,0.0,9.0,1.0,255.0,0.0,0.0,16.0,0.0,8.0,0.0,130.0,0.0,0.0
4596.0,16.0,0.0,0.0,0.0,0.0,0.0,0.0,0.0,16.0,0.0,6.0,1.0,152.0,0.0,0.0,16.0,0.0,6.0,1.0,200.0,0.0,0.0,16.0,0.0,9.0,1.0,255.0,0.0,0.0,16.0,0.0,8.0,0.0,130.0,0.0,0.0
4600.0,16.0,0.0,0.0,0.0,0.0,0.0,0.0,0.0,15.0,1.0,6.0,1.0,152.0,0.0,0.0,16.0,0.0,8.0,0.0,201.0,0.0,0.0,16.0,0.0,8.0,1.0,255.0,0.0,0.0,16.0,0.0,8.0,0.0,130.0,0.0,0.0
4604.0,16.0,0.0,0.0,0.0,0.0,0.0,0.0,0.0,15.0,1.0,6.0,1.0,152.0,0.0,0.0,16.0,0.0,5.0,2.0,201.0,0.0,0.0,16.0,0.0,8.0,1.0,255.0,0.0,0.0,16.0,0.0,8.0,0.0,130.0,0.0,0.0
4608.0,16.0,0.0,0.0,0.0,0.0,0.0,0.0,0.0,15.0,1.0,7.0,0.0,153.0,0.0,0.0,15.0,1.0,5.0,2.0,202.0,0.0,0.0,16.0,0.0,7.0,1.0,256.0,0.0,0.0,16.0,0.0,7.0,0.0,130.0,0.0,0.0
4612.0,16.0,0.0,0.0,0.0,0.0,0.0,0.0,0.0,15.0,1.0,6.0,0.0,153.0,0.0,0.0,15.0,1.0,7.0,0.0,204.0,0.0,0.0,16.0,0.0,7.0,1.0,257.0,0.0,0.0,16.0,0.0,6.0,1.0,130.0,0.0,0.0
4616.0,16.0,0.0,0.0,0.0,0.0,0.0,0.0,0.0,15.0,1.0,6.0,0.0,153.0,0.0,0.0,15.0,1.0,7.0,0.0,204.0,0.0,0.0,16.0,0.0,6.0,1.0,258.0,0.0,0.0,15.0,1.0,5.0,1.0,130.0,0.0,0.0
4620.0,16.0,0.0,0.0,0.0,0.0,0.0,0.0,0.0,15.0,1.0,5.0,1.0,153.0,0.0,0.0,16.0,0.0,7.0,1.0,205.0,0.0,0.0,16.0,0.0,5.0,2.0,258.0,0.0,0.0,15.0,1.0,5.0,1.0,130.0,0.0,0.0
4624.0,16.0,0.0,0.0,0.0,0.0,0.0,0.0,0.0,14.0,2.0,5.0,1.0,153.0,0.0,0.0,16.0,0.0,8.0,0.0,206.0,0.0,0.0,16.0,0.0,4.0,3.0,258.0,0.0,0.0,14.0,2.0,4.0,2.0,130.0,0.0,0.0
4628.0,16.0,0.0,0.0,0.0,0.0,0.0,0.0,0.0,14.0,2.0,4.0,1.0,153.0,0.0,0.0,16.0,0.0,7.0,0.0,206.0,0.0,0.0,16.0,0.0,3.0,3.0,258.0,0.0,0.0,14.0,2.0,4.0,2.0,131.0,0.0,0.0
4632.0,16.0,0.0,0.0,0.0,0.0,0.0,0.0,0.0,14.0,2.0,5.0,1.0,153.0,0.0,0.0,16.0,0.0,6.0,1.0,206.0,0.0,0.0,16.0,0.0,2.0,3.0,258.0,0.0,0.0,14.0,2.0,5.0,1.0,132.0,0.0,0.0
4636.0,16.0,0.0,0.0,0.0,0.0,0.0,0.0,0.0,15.0,1.0,6.0,1.0,153.0,0.0,0.0,16.0,0.0,5.0,1.0,206.0,0.0,0.0,16.0,0.0,1.0,4.0,258.0,0.0,0.0,14.0,2.0,4.0,2.0,132.0,0.0,0.0
4640.0,16.0,0.0,0.0,0.0,0.0,0.0,0.0,0.0,16.0,0.0,6.0,2.0,154.0,0.0,0.0,16.0,0.0,6.0,0.0,207.0,0.0,0.0,16.0,0.0,2.0,3.0,259.0,0.0,0.0,14.0,2.0,5.0,1.0,133.0,0.0,0.0
4644.0,16.0,0.0,0.0,0.0,0.0,0.0,0.0,0.0,16.0,0.0,7.0,1.0,155.0,0.0,0.0,16.0,0.0,6.0,0.0,207.0,0.0,0.0,16.0,0.0,2.0,3.0,260.0,0.0,0.0,14.0,2.0,6.0,0.0,134.0,0.0,0.0
4648.0,16.0,0.0,0.0,0.0,0.0,0.0,0.0,0.0,16.0,0.0,7.0,1.0,155.0,0.0,0.0,16.0,0.0,6.0,0.0,207.0,0.0,0.0,16.0,0.0,3.0,2.0,261.0,0.0,0.0,13.0,3.0,6.0,0.0,134.0,0.0,0.0
4652.0,16.0,0.0,0.0,0.0,0.0,0.0,0.0,0.0,16.0,0.0,6.0,1.0,155.0,0.0,0.0,16.0,0.0,5.0,1.0,207.0,0.0,0.0,16.0,0.0,3.0,2.0,261.0,0.0,0.0,16.0,0.0,8.0,1.0,134.0,0.0,0.0
4656.0,16.0,0.0,0.0,0.0,0.0,0.0,0.0,0.0,15.0,1.0,5.0,1.0,155.0,0.0,0.0,16.0,0.0,5.0,1.0,207.0,0.0,0.0,16.0,0.0,3.0,2.0,261.0,0.0,0.0,16.0,0.0,8.0,1.0,134.0,0.0,0.0
4660.0,16.0,0.0,0.0,0.0,0.0,0.0,0.0,0.0,15.0,1.0,5.0,1.0,155.0,0.0,0.0,16.0,0.0,6.0,0.0,208.0,0.0,0.0,15.0,1.0,3.0,2.0,261.0,0.0,0.0,16.0,0.0,8.0,1.0,134.0,0.0,0.0
4664.0,16.0,0.0,0.0,0.0,0.0,0.0,0.0,0.0,15.0,1.0,5.0,1.0,155.0,0.0,0.0,16.0,0.0,4.0,2.0,209.0,0.0,0.0,14.0,2.0,3.0,2.0,261.0,0.0,0.0,15.0,1.0,7.0,1.0,134.0,0.0,0.0
4668.0,16.0,0.0,0.0,0.0,0.0,0.0,0.0,0.0,16.0,0.0,7.0,0.0,156.0,0.0,0.0,16.0,0.0,5.0,1.0,210.0,0.0,0.0,15.0,1.0,1.0,2.0,261.0,0.0,0.0,15.0,1.0,7.0,1.0,134.0,0.0,0.0
4672.0,16.0,0.0,0.0,0.0,0.0,0.0,0.0,0.0,16.0,0.0,6.0,0.0,156.0,0.0,0.0,14.0,2.0,3.0,3.0,210.0,0.0,0.0,14.0,2.0,1.0,2.0,261.0,0.0,0.0,15.0,1.0,6.0,2.0,134.0,0.0,0.0
4676.0,16.0,0.0,0.0,0.0,0.0,0.0,0.0,0.0,16.0,0.0,5.0,0.0,156.0,0.0,0.0,15.0,1.0,6.0,1.0,212.0,0.0,0.0,15.0,1.0,2.0,2.0,261.0,0.0,0.0,15.0,1.0,7.0,1.0,135.0,0.0,0.0
4680.0,16.0,0.0,0.0,0.0,0.0,0.0,0.0,0.0,16.0,0.0,4.0,0.0,156.0,0.0,0.0,15.0,1.0,6.0,1.0,213.0,0.0,0.0,15.0,1.0,2.0,2.0,261.0,0.0,0.0,15.0,1.0,8.0,1.0,135.0,0.0,0.0
4684.0,16.0,0.0,0.0,0.0,0.0,0.0,0.0,0.0,16.0,0.0,4.0,0.0,156.0,0.0,0.0,16.0,0.0,7.0,1.0,214.0,0.0,0.0,15.0,1.0,2.0,2.0,261.0,0.0,0.0,14.0,2.0,9.0,0.0,136.0,0.0,0.0
4688.0,16.0,0.0,0.0,0.0,0.0,0.0,0.0,0.0,15.0,1.0,4.0,0.0,156.0,0.0,0.0,16.0,0.0,6.0,2.0,214.0,0.0,0.0,14.0,2.0,3.0,1.0,262.0,0.0,0.0,14.0,2.0,9.0,0.0,137.0,0.0,0.0
4692.0,16.0,0.0,0.0,0.0,0.0,0.0,0.0,0.0,15.0,1.0,4.0,0.0,156.0,0.0,0.0,16.0,0.0,6.0,2.0,214.0,0.0,0.0,15.0,1.0,5.0,0.0,263.0,0.0,0.0,15.0,1.0,10.0,0.0,137.0,0.0,0.0
4696.0,16.0,0.0,0.0,0.0,0.0,0.0,0.0,0.0,15.0,1.0,4.0,0.0,156.0,0.0,0.0,15.0,1.0,7.0,1.0,215.0,0.0,0.0,15.0,1.0,4.0,0.0,263.0,0.0,0.0,15.0,1.0,9.0,1.0,137.0,0.0,0.0
4700.0,16.0,0.0,0.0,0.0,0.0,0.0,0.0,0.0,15.0,1.0,4.0,0.0,156.0,0.0,0.0,15.0,1.0,7.0,1.0,215.0,0.0,0.0,15.0,1.0,4.0,0.0,263.0,0.0,0.0,15.0,1.0,8.0,2.0,137.0,0.0,0.0
4704.0,16.0,0.0,0.0,0.0,0.0,0.0,0.0,0.0,15.0,1.0,4.0,0.0,156.0,0.0,0.0,16.0,0.0,8.0,1.0,215.0,0.0,0.0,16.0,0.0,5.0,0.0,263.0,0.0,0.0,14.0,2.0,7.0,2.0,137.0,0.0,0.0
4708.0,16.0,0.0,0.0,0.0,0.0,0.0,0.0,0.0,16.0,0.0,4.0,1.0,156.0,0.0,0.0,16.0,0.0,8.0,1.0,215.0,0.0,0.0,16.0,0.0,5.0,0.0,263.0,0.0,0.0,14.0,2.0,6.0,3.0,137.0,0.0,0.0
4712.0,16.0,0.0,0.0,0.0,0.0,0.0,0.0,0.0,16.0,0.0,3.0,2.0,156.0,0.0,0.0,16.0,0.0,8.0,1.0,215.0,0.0,0.0,16.0,0.0,5.0,0.0,263.0,0.0,0.0,13.0,3.0,7.0,2.0,138.0,0.0,0.0
4716.0,16.0,0.0,0.0,0.0,0.0,0.0,0.0,0.0,16.0,0.0,2.0,3.0,156.0,0.0,0.0,15.0,1.0,7.0,2.0,215.0,0.0,0.0,16.0,0.0,5.0,0.0,263.0,0.0,0.0,12.0,4.0,7.0,2.0,139.0,0.0,0.0
4720.0,16.0,0.0,0.0,0.0,0.0,0.0,0.0,0.0,16.0,0.0,1.0,3.0,156.0,0.0,0.0,16.0,0.0,9.0,1.0,216.0,0.0,0.0,16.0,0.0,4.0,0.0,263.0,0.0,0.0,12.0,4.0,7.0,3.0,139.0,0.0,0.0
4724.0,16.0,0.0,0.0,0.0,0.0,0.0,0.0,0.0,15.0,1.0,1.0,3.0,156.0,0.0,0.0,16.0,0.0,9.0,1.0,216.0,0.0,0.0,16.0,0.0,4.0,0.0,263.0,0.0,0.0,11.0,5.0,7.0,3.0,139.0,0.0,0.0
4728.0,16.0,0.0,0.0,0.0,0.0,0.0,0.0,0.0,16.0,0.0,3.0,2.0,157.0,0.0,0.0,16.0,0.0,9.0,1.0,216.0,0.0,0.0,16.0,0.0,4.0,0.0,263.0,0.0,0.0,12.0,4.0,10.0,1.0,141.0,0.0,0.0
4732.0,16.0,0.0,0.0,0.0,0.0,0.0,0.0,0.0,16.0,0.0,3.0,2.0,157.0,0.0,0.0,16.0,0.0,8.0,1.0,217.0,0.0,0.0,16.0,0.0,3.0,1.0,263.0,0.0,0.0,13.0,3.0,10.0,1.0,141.0,0.0,0.0
4736.0,16.0,0.0,0.0,0.0,0.0,0.0,0.0,0.0,16.0,0.0,2.0,3.0,157.0,0.0,0.0,16.0,0.0,9.0,0.0,219.0,0.0,0.0,16.0,0.0,2.0,2.0,263.0,0.0,0.0,12.0,4.0,9.0,1.0,142.0,0.0,0.0
4740.0,16.0,0.0,0.0,0.0,0.0,0.0,0.0,0.0,16.0,0.0,2.0,3.0,157.0,0.0,0.0,16.0,0.0,9.0,0.0,219.0,0.0,0.0,16.0,0.0,3.0,1.0,264.0,0.0,0.0,12.0,4.0,8.0,1.0,142.0,0.0,0.0
4744.0,16.0,0.0,0.0,0.0,0.0,0.0,0.0,0.0,16.0,0.0,2.0,3.0,157.0,0.0,0.0,16.0,0.0,9.0,0.0,219.0,0.0,0.0,16.0,0.0,2.0,2.0,264.0,0.0,0.0,12.0,4.0,8.0,1.0,142.0,0.0,0.0
4748.0,16.0,0.0,0.0,0.0,0.0,0.0,0.0,0.0,16.0,0.0,2.0,3.0,157.0,0.0,0.0,16.0,0.0,8.0,1.0,219.0,0.0,0.0,16.0,0.0,3.0,1.0,265.0,0.0,0.0,14.0,2.0,9.0,1.0,142.0,0.0,0.0
4752.0,16.0,0.0,0.0,0.0,0.0,0.0,0.0,0.0,15.0,1.0,2.0,3.0,157.0,0.0,0.0,16.0,0.0,6.0,2.0,219.0,0.0,0.0,16.0,0.0,3.0,1.0,265.0,0.0,0.0,14.0,2.0,9.0,1.0,142.0,0.0,0.0
4756.0,16.0,0.0,0.0,0.0,0.0,0.0,0.0,0.0,15.0,1.0,2.0,3.0,157.0,0.0,0.0,15.0,1.0,6.0,2.0,220.0,0.0,0.0,16.0,0.0,3.0,1.0,266.0,0.0,0.0,15.0,1.0,8.0,3.0,142.0,0.0,0.0
4760.0,16.0,0.0,0.0,0.0,0.0,0.0,0.0,0.0,16.0,0.0,3.0,3.0,157.0,0.0,0.0,15.0,1.0,6.0,2.0,220.0,0.0,0.0,16.0,0.0,3.0,1.0,266.0,0.0,0.0,15.0,1.0,9.0,2.0,143.0,0.0,0.0
4764.0,16.0,0.0,0.0,0.0,0.0,0.0,0.0,0.0,16.0,0.0,3.0,2.0,158.0,0.0,0.0,16.0,0.0,8.0,0.0,222.0,0.0,0.0,16.0,0.0,3.0,1.0,268.0,0.0,0.0,16.0,0.0,8.0,3.0,143.0,0.0,0.0
4768.0,16.0,0.0,0.0,0.0,0.0,0.0,0.0,0.0,16.0,0.0,4.0,1.0,159.0,0.0,0.0,16.0,0.0,8.0,0.0,222.0,0.0,0.0,16.0,0.0,4.0,0.0,269.0,0.0,0.0,16.0,0.0,8.0,3.0,143.0,0.0,0.0
4772.0,16.0,0.0,0.0,0.0,0.0,0.0,0.0,0.0,16.0,0.0,3.0,1.0,159.0,0.0,0.0,16.0,0.0,8.0,1.0,222.0,0.0,0.0,16.0,0.0,4.0,0.0,269.0,0.0,0.0,15.0,1.0,8.0,3.0,143.0,0.0,0.0
4776.0,17.0,0.0,0.0,0.0,0.0,0.0,0.0,0.0,17.0,0.0,3.0,1.0,159.0,0.0,0.0,16.0,1.0,8.0,1.0,222.0,0.0,0.0,17.0,0.0,4.0,0.0,269.0,0.0,0.0,16.0,1.0,8.0,3.0,144.0,0.0,0.0
4780.0,17.0,0.0,0.0,0.0,0.0,0.0,0.0,0.0,17.0,0.0,3.0,1.0,159.0,0.0,0.0,16.0,1.0,8.0,1.0,222.0,0.0,0.0,17.0,0.0,4.0,0.0,269.0,0.0,0.0,16.0,1.0,8.0,3.0,144.0,0.0,0.0
4784.0,17.0,0.0,0.0,0.0,0.0,0.0,0.0,0.0,16.0,1.0,4.0,0.0,160.0,0.0,0.0,17.0,0.0,8.0,1.0,223.0,0.0,0.0,17.0,0.0,3.0,0.0,269.0,0.0,0.0,16.0,1.0,6.0,5.0,144.0,0.0,0.0
4788.0,17.0,0.0,0.0,0.0,0.0,0.0,0.0,0.0,16.0,1.0,4.0,0.0,160.0,0.0,0.0,16.0,1.0,9.0,1.0,223.0,0.0,0.0,15.0,2.0,3.0,0.0,269.0,0.0,0.0,17.0,0.0,6.0,6.0,145.0,0.0,0.0
4792.0,17.0,0.0,0.0,0.0,0.0,0.0,0.0,0.0,16.0,1.0,4.0,0.0,160.0,0.0,0.0,16.0,1.0,10.0,1.0,223.0,0.0,0.0,16.0,1.0,4.0,0.0,269.0,0.0,0.0,17.0,0.0,6.0,6.0,145.0,0.0,0.0
4796.0,17.0,0.0,0.0,0.0,0.0,0.0,0.0,0.0,17.0,0.0,3.0,1.0,160.0,0.0,0.0,16.0,1.0,11.0,0.0,224.0,0.0,0.0,15.0,2.0,4.0,0.0,269.0,0.0,0.0,17.0,0.0,7.0,5.0,146.0,0.0,0.0
4800.0,17.0,0.0,0.0,0.0,0.0,0.0,0.0,0.0,17.0,0.0,2.0,2.0,160.0,0.0,0.0,17.0,0.0,12.0,0.0,224.0,0.0,0.0,17.0,0.0,6.0,0.0,269.0,0.0,0.0,17.0,0.0,9.0,3.0,148.0,0.0,0.0
4804.0,17.0,0.0,0.0,0.0,0.0,0.0,0.0,0.0,17.0,0.0,2.0,2.0,160.0,0.0,0.0,17.0,0.0,11.0,0.0,224.0,0.0,0.0,17.0,0.0,6.0,0.0,269.0,0.0,0.0,17.0,0.0,9.0,1.0,150.0,0.0,0.0
4808.0,17.0,0.0,0.0,0.0,0.0,0.0,0.0,0.0,17.0,0.0,3.0,0.0,162.0,0.0,0.0,17.0,0.0,12.0,0.0,225.0,0.0,0.0,17.0,0.0,5.0,1.0,269.0,0.0,0.0,17.0,0.0,9.0,1.0,150.0,0.0,0.0
4812.0,18.0,0.0,0.0,0.0,0.0,0.0,0.0,0.0,17.0,1.0,3.0,0.0,162.0,0.0,0.0,18.0,0.0,10.0,2.0,225.0,0.0,0.0,18.0,0.0,5.0,1.0,269.0,0.0,0.0,18.0,0.0,10.0,0.0,151.0,0.0,0.0
4816.0,18.0,0.0,0.0,0.0,0.0,0.0,0.0,0.0,17.0,1.0,3.0,1.0,162.0,0.0,0.0,18.0,0.0,11.0,1.0,226.0,0.0,0.0,18.0,0.0,5.0,1.0,269.0,0.0,0.0,18.0,0.0,10.0,0.0,151.0,0.0,0.0
4820.0,18.0,0.0,0.0,0.0,0.0,0.0,0.0,0.0,16.0,2.0,4.0,0.0,163.0,0.0,0.0,18.0,0.0,11.0,1.0,226.0,0.0,0.0,18.0,0.0,5.0,1.0,269.0,0.0,0.0,18.0,0.0,9.0,1.0,151.0,0.0,0.0
4824.0,18.0,0.0,0.0,0.0,0.0,0.0,0.0,0.0,16.0,2.0,4.0,0.0,163.0,0.0,0.0,18.0,0.0,12.0,0.0,227.0,0.0,0.0,18.0,0.0,6.0,0.0,270.0,0.0,0.0,18.0,0.0,9.0,1.0,151.0,0.0,0.0
4828.0,18.0,0.0,0.0,0.0,0.0,0.0,0.0,0.0,16.0,2.0,4.0,1.0,163.0,0.0,0.0,18.0,0.0,11.0,0.0,227.0,0.0,0.0,17.0,1.0,6.0,0.0,270.0,0.0,0.0,18.0,0.0,9.0,1.0,152.0,0.0,0.0
4832.0,18.0,0.0,0.0,0.0,0.0,0.0,0.0,0.0,18.0,0.0,6.0,1.0,163.0,0.0,0.0,18.0,0.0,10.0,1.0,227.0,0.0,0.0,17.0,1.0,6.0,0.0,270.0,0.0,0.0,18.0,0.0,8.0,2.0,152.0,0.0,0.0
4836.0,18.0,0.0,0.0,0.0,0.0,0.0,0.0,0.0,18.0,0.0,6.0,1.0,163.0,0.0,0.0,18.0,0.0,8.0,2.0,227.0,0.0,0.0,17.0,1.0,5.0,0.0,270.0,0.0,0.0,18.0,0.0,8.0,2.0,153.0,0.0,0.0
4840.0,18.0,0.0,0.0,0.0,0.0,0.0,0.0,0.0,18.0,0.0,5.0,2.0,163.0,0.0,0.0,18.0,0.0,9.0,1.0,229.0,0.0,0.0,17.0,1.0,5.0,0.0,270.0,0.0,0.0,18.0,0.0,8.0,2.0,153.0,0.0,0.0
4844.0,18.0,0.0,0.0,0.0,0.0,0.0,0.0,0.0,18.0,0.0,5.0,2.0,164.0,0.0,0.0,18.0,0.0,9.0,1.0,229.0,0.0,0.0,17.0,1.0,5.0,0.0,270.0,0.0,0.0,18.0,0.0,7.0,3.0,153.0,0.0,0.0
4848.0,18.0,0.0,0.0,0.0,0.0,0.0,0.0,0.0,18.0,0.0,4.0,3.0,164.0,0.0,0.0,16.0,2.0,10.0,0.0,230.0,0.0,0.0,17.0,1.0,6.0,0.0,270.0,0.0,0.0,18.0,0.0,7.0,2.0,154.0,0.0,0.0
4852.0,18.0,0.0,0.0,0.0,0.0,0.0,0.0,0.0,18.0,0.0,3.0,4.0,164.0,0.0,0.0,16.0,2.0,10.0,0.0,230.0,0.0,0.0,17.0,1.0,5.0,1.0,271.0,0.0,0.0,18.0,0.0,8.0,1.0,155.0,0.0,0.0
4856.0,18.0,0.0,0.0,0.0,0.0,0.0,0.0,0.0,18.0,0.0,3.0,4.0,165.0,0.0,0.0,18.0,0.0,11.0,1.0,230.0,0.0,0.0,17.0,1.0,6.0,0.0,272.0,0.0,0.0,18.0,0.0,9.0,0.0,156.0,0.0,0.0
4860.0,18.0,0.0,0.0,0.0,0.0,0.0,0.0,0.0,18.0,0.0,4.0,3.0,166.0,0.0,0.0,17.0,1.0,11.0,1.0,230.0,0.0,0.0,18.0,0.0,6.0,1.0,272.0,0.0,0.0,18.0,0.0,9.0,1.0,156.0,0.0,0.0
4864.0,18.0,0.0,0.0,0.0,0.0,0.0,0.0,0.0,18.0,0.0,6.0,1.0,168.0,0.0,0.0,18.0,0.0,12.0,1.0,230.0,0.0,0.0,18.0,0.0,7.0,0.0,273.0,0.0,0.0,18.0,0.0,10.0,0.0,157.0,0.0,0.0
4868.0,18.0,0.0,0.0,0.0,0.0,0.0,0.0,0.0,18.0,0.0,7.0,0.0,169.0,0.0,0.0,18.0,0.0,12.0,1.0,230.0,0.0,0.0,17.0,1.0,4.0,1.0,273.0,0.0,0.0,17.0,1.0,7.0,3.0,158.0,0.0,0.0
4872.0,18.0,0.0,0.0,0.0,0.0,0.0,0.0,0.0,18.0,0.0,7.0,0.0,169.0,0.0,0.0,18.0,0.0,11.0,2.0,230.0,0.0,0.0,18.0,0.0,4.0,1.0,273.0,0.0,0.0,17.0,1.0,6.0,3.0,158.0,0.0,0.0
4876.0,18.0,0.0,0.0,0.0,0.0,0.0,0.0,0.0,18.0,0.0,6.0,0.0,169.0,0.0,0.0,18.0,0.0,12.0,1.0,232.0,0.0,0.0,17.0,1.0,4.0,1.0,273.0,0.0,0.0,17.0,1.0,8.0,1.0,160.0,0.0,0.0
4880.0,18.0,0.0,0.0,0.0,0.0,0.0,0.0,0.0,18.0,0.0,6.0,0.0,169.0,0.0,0.0,18.0,0.0,10.0,3.0,233.0,0.0,0.0,17.0,1.0,5.0,1.0,273.0,0.0,0.0,16.0,2.0,6.0,1.0,160.0,0.0,0.0
4884.0,18.0,0.0,0.0,0.0,0.0,0.0,0.0,0.0,18.0,0.0,6.0,0.0,169.0,0.0,0.0,18.0,0.0,11.0,2.0,234.0,0.0,0.0,17.0,1.0,4.0,2.0,273.0,0.0,0.0,17.0,1.0,7.0,1.0,160.0,0.0,0.0
4888.0,18.0,0.0,0.0,0.0,0.0,0.0,0.0,0.0,18.0,0.0,6.0,0.0,169.0,0.0,0.0,18.0,0.0,13.0,0.0,236.0,0.0,0.0,18.0,0.0,6.0,1.0,275.0,0.0,0.0,17.0,1.0,8.0,1.0,160.0,0.0,0.0
4892.0,18.0,0.0,0.0,0.0,0.0,0.0,0.0,0.0,18.0,0.0,6.0,0.0,169.0,0.0,0.0,18.0,0.0,12.0,1.0,236.0,0.0,0.0,18.0,0.0,5.0,2.0,275.0,0.0,0.0,17.0,1.0,7.0,2.0,160.0,0.0,0.0
4896.0,18.0,0.0,0.0,0.0,0.0,0.0,0.0,0.0,18.0,0.0,6.0,0.0,169.0,0.0,0.0,18.0,0.0,13.0,0.0,237.0,0.0,0.0,17.0,1.0,6.0,1.0,276.0,0.0,0.0,17.0,1.0,8.0,1.0,161.0,0.0,0.0
4900.0,18.0,0.0,0.0,0.0,0.0,0.0,0.0,0.0,18.0,0.0,5.0,0.0,169.0,0.0,0.0,17.0,1.0,10.0,3.0,237.0,0.0,0.0,17.0,1.0,7.0,0.0,277.0,0.0,0.0,17.0,1.0,8.0,1.0,161.0,0.0,0.0
4904.0,18.0,0.0,0.0,0.0,0.0,0.0,0.0,0.0,18.0,0.0,5.0,0.0,169.0,0.0,0.0,17.0,1.0,11.0,2.0,239.0,0.0,0.0,17.0,1.0,6.0,0.0,277.0,0.0,0.0,17.0,1.0,9.0,0.0,162.0,0.0,0.0
4908.0,18.0,0.0,0.0,0.0,0.0,0.0,0.0,0.0,18.0,0.0,5.0,0.0,169.0,0.0,0.0,17.0,1.0,12.0,1.0,240.0,0.0,0.0,16.0,2.0,6.0,0.0,277.0,0.0,0.0,18.0,0.0,10.0,0.0,162.0,0.0,0.0
4912.0,18.0,0.0,0.0,0.0,0.0,0.0,0.0,0.0,17.0,1.0,5.0,0.0,169.0,0.0,0.0,17.0,1.0,12.0,1.0,241.0,0.0,0.0,16.0,2.0,6.0,0.0,277.0,0.0,0.0,18.0,0.0,10.0,0.0,162.0,0.0,0.0
4916.0,18.0,0.0,0.0,0.0,0.0,0.0,0.0,0.0,18.0,0.0,5.0,1.0,169.0,0.0,0.0,17.0,1.0,13.0,0.0,242.0,0.0,0.0,17.0,1.0,5.0,1.0,278.0,0.0,0.0,18.0,0.0,9.0,1.0,162.0,0.0,0.0
4920.0,18.0,0.0,0.0,0.0,0.0,0.0,0.0,0.0,18.0,0.0,5.0,1.0,169.0,0.0,0.0,17.0,1.0,12.0,0.0,242.0,0.0,0.0,17.0,1.0,6.0,0.0,279.0,0.0,0.0,17.0,1.0,8.0,2.0,162.0,0.0,0.0
4924.0,18.0,0.0,0.0,0.0,0.0,0.0,0.0,0.0,18.0,0.0,5.0,1.0,169.0,0.0,0.0,18.0,0.0,13.0,0.0,242.0,0.0,0.0,15.0,3.0,6.0,0.0,279.0,0.0,0.0,17.0,1.0,8.0,2.0,163.0,0.0,0.0
4928.0,18.0,0.0,0.0,0.0,0.0,0.0,0.0,0.0,18.0,0.0,6.0,0.0,170.0,0.0,0.0,17.0,1.0,12.0,0.0,242.0,0.0,0.0,16.0,2.0,7.0,0.0,279.0,0.0,0.0,18.0,0.0,9.0,2.0,163.0,0.0,0.0
4932.0,18.0,0.0,0.0,0.0,0.0,0.0,0.0,0.0,18.0,0.0,6.0,0.0,170.0,0.0,0.0,18.0,0.0,12.0,0.0,242.0,0.0,0.0,16.0,2.0,7.0,0.0,279.0,0.0,0.0,17.0,1.0,9.0,2.0,164.0,0.0,0.0
4936.0,18.0,0.0,0.0,0.0,0.0,0.0,0.0,0.0,17.0,1.0,4.0,2.0,170.0,0.0,0.0,18.0,0.0,11.0,1.0,242.0,0.0,0.0,16.0,2.0,6.0,1.0,279.0,0.0,0.0,17.0,1.0,9.0,1.0,165.0,0.0,0.0
4940.0,19.0,0.0,0.0,0.0,0.0,0.0,0.0,0.0,18.0,1.0,3.0,2.0,170.0,0.0,0.0,19.0,0.0,12.0,0.0,243.0,0.0,0.0,18.0,1.0,6.0,2.0,279.0,0.0,0.0,19.0,0.0,9.0,2.0,165.0,0.0,0.0
4944.0,19.0,0.0,0.0,0.0,0.0,0.0,0.0,0.0,18.0,1.0,4.0,1.0,171.0,0.0,0.0,19.0,0.0,11.0,1.0,243.0,0.0,0.0,18.0,1.0,5.0,2.0,279.0,0.0,0.0,19.0,0.0,9.0,2.0,165.0,0.0,0.0
