time_s,source_key,value
13,TX_MpP1p08,1
14,TX_MpP1p04,1
18,TX_MpP1p10,1
24,TX_MpP1p04,1
25,TL_MpP1p04,1
27,TX_MpP1p05,1
27,TL_MpP1p08,1
28,TX_MpP1p07,1
32,TL_MpP1p07,1
36,TL_MpP1p07,1
39,TL_MpP1p05,1
40,TX_MpP1p11,1
41,TX_MpP1p07,1
42,TL_MpP1p04,1
42,TL_MpP1p07,1
42,TX_MpP1p10,1
44,TX_MpP1p02,1
44,TL_MpP1p04,1
46,TL_MpP1p04,1
47,TL_MpP1p05,1
48,TL_MpP1p07,1
50,TL_MpP1p10,1
51,TL_MpP1p04,1
53,TL_MpP1p07,1
53,TL_MpP1p10,1
55,TL_MpP1p11,1
57,TX_MpP1p04,1
59,TL_MpP1p04,1
60,TL_MpP1p04,1
61,TX_MpP1p10,1
62,TX_MpP1p06,1
62,TX_MpP1p08,1
64,TX_MpP1p01,1
64,TL_MpP1p11,1
65,TL_MpP1p02,1
66,TX_MpP1p04,1
66,TL_MpP1p06,1
69,TL_MpP1p05,1
69,TL_MpP1p08,1
72,TL_MpP1p04,1
72,TX_MpP1p09,1
73,TL_MpP1p05,1
73,TL_MpP1p07,2
76,TL_MpP1p06,1
76,TL_MpP1p10,1
77,TL_MpP1p04,1
77,TL_MpP1p07,1
78,TL_MpP1p02,1
79,TL_MpP1p04,2
80,TL_MpP1p08,1
81,TL_MpP1p04,1
82,TL_MpP1p04,1
82,TL_MpP1p11,1
84,TL_MpP1p04,2
86,TL_MpP1p07,1
87,TL_MpP1p10,1
88,TL_MpP1p02,1
88,TL_MpP1p08,1
92,TX_MpP1p04,1
93,TL_MpP1p02,1
95,TL_MpP1p02,1
95,TX_MpP1p11,1
96,TL_MpP1p11,1
98,TL_MpP1p05,1
99,TL_MpP1p04,1
100,TL_MpP1p07,1
101,TL_MpP1p07,1
101,TL_MpP1p11,1
102,TL_MpP1p11,1
103,TL_MpP1p11,1
107,TL_MpP1p04,1
107,TX_MpP1p08,1
108,TL_MpP1p05,1
109,TX_MpP1p02,1
109,TL_MpP1p02,1
110,TL_MpP1p04,1
110,TX_MpP1p05,1
111,TL_MpP1p10,1
111,TL_MpP1p11,1
112,TL_MpP1p08,1
114,TX_MpP1p03,1
114,TL_MpP1p09,1
114,TX_MpP1p11,1
114,TL_MpP1p11,1
115,TL_MpP1p04,1
116,TL_MpP1p04,1
118,TL_MpP1p04,1
119,TL_MpP1p11,1
120,TL_MpP1p08,1
121,TL_MpP1p04,1
122,TL_MpP1p02,1
123,TL_MpP1p04,1
123,TL_MpP1p11,1
126,TL_MpP1p08,1
129,TL_MpP1p09,1
132,TL_MpP1p07,1
132,TL_MpP1p11,1
133,TX_MpP1p05,1
135,TL_MpP1p02,1
135,TL_MpP1p04,1
135,TL_MpP1p05,2
137,TL_MpP1p05,1
137,TL_MpP1p11,1
139,TL_MpP1p09,1
140,TL_MpP1p05,1
141,TL_MpP1p11,1
142,TL_MpP1p02,1
142,TL_MpP1p05,1
143,TL_MpP1p07,1
144,TL_MpP1p05,1
146,TL_MpP1p04,1
146,TL_MpP1p11,2
147,TL_MpP1p04,1
147,TL_MpP1p11,1
148,TX_MpP1p04,1
149,TL_MpP1p02,1
149,TL_MpP1p08,1
150,TL_MpP1p05,2
151,TL_MpP1p02,2
151,TX_MpP1p06,1
151,TL_MpP1p10,1
152,TL_MpP1p04,1
153,TL_MpP1p11,1
155,TL_MpP1p04,2
155,TL_MpP1p08,1
157,TL_MpP1p02,1
158,TX_MpP1p11,1
159,TL_MpP1p02,1
159,TL_MpP1p05,1
159,TL_MpP1p11,2
161,TL_MpP1p04,1
163,TX_MpP1p02,1
163,TL_MpP1p04,1
163,TL_MpP1p07,1
165,TL_MpP1p02,1
165,TL_MpP1p05,1
166,TL_MpP1p05,1
166,TL_MpP1p06,1
166,TL_MpP1p08,1
167,TL_MpP1p11,1
169,TL_MpP1p05,1
170,TL_MpP1p04,1
170,TL_MpP1p05,1
171,TX_MpP1p03,1
171,TL_MpP1p10,1
172,TL_MpP1p06,1
172,TX_MpP1p10,1
173,TL_MpP1p02,1
174,TL_MpP1p10,1
174,TL_MpP1p11,1
175,TL_MpP1p09,1
176,TL_MpP1p02,1
176,TL_MpP1p04,1
176,TL_MpP1p05,1
176,TL_MpP1p08,1
176,TL_MpP1p11,1
177,TL_MpP1p02,1
178,TL_MpP1p04,1
179,TL_MpP1p11,2
180,TX_MpP1p05,1
181,TL_MpP1p06,1
182,TL_MpP1p05,1
182,TL_MpP1p08,1
182,TL_MpP1p11,1
183,TL_MpP1p04,1
183,TL_MpP1p05,1
183,TX_MpP1p09,1
184,TX_MpP1p01,1
184,TL_MpP1p04,1
185,TL_MpP1p05,1
186,TL_MpP1p10,1
187,TL_MpP1p04,1
187,TL_MpP1p05,1
187,TX_MpP1p11,1
188,TL_MpP1p04,1
190,TL_MpP1p04,1
190,TL_MpP1p11,1
191,TL_MpP1p06,1
191,TL_MpP1p11,1
192,TL_MpP1p05,1
193,TL_MpP1p04,1
193,TL_MpP1p11,1
194,TL_MpP1p02,1
194,TL_MpP1p03,1
194,TL_MpP1p05,1
194,TL_MpP1p11,2
195,TL_MpP1p04,2
196,TX_MpP1p04,1
196,TL_MpP1p05,1
196,TL_MpP1p08,1
197,TL_MpP1p11,1
198,TL_MpP1p04,1
198,TL_MpP1p06,1
199,TL_MpP1p05,1
200,TL_MpP1p04,1
200,TL_MpP1p11,1
201,TX_MpP1p01,1
201,TL_MpP1p05,1
201,TX_MpP1p06,1
202,TL_MpP1p07,1
202,TL_MpP1p10,1
203,TL_MpP1p02,1
203,TL_MpP1p05,1
203,TL_MpP1p11,1
204,TX_MpP1p03,1
204,TL_MpP1p05,1
204,TL_MpP1p06,1
205,TL_MpP1p03,1
205,TL_MpP1p09,1
206,TL_MpP1p04,1
206,TL_MpP1p08,1
207,TL_MpP1p05,2
208,TL_MpP1p04,2
209,TL_MpP1p01,1
209,TL_MpP1p06,1
209,TL_MpP1p10,1
209,TL_MpP1p11,1
210,TL_MpP1p03,1
210,TL_MpP1p07,1
211,TL_MpP1p03,1
211,TL_MpP1p11,1
212,TL_MpP1p08,1
212,TL_MpP1p10,1
212,TL_MpP1p11,2
213,TL_MpP1p04,1
213,TL_MpP1p06,1
214,TL_MpP1p03,1
214,TL_MpP1p05,1
215,TL_MpP1p02,1
215,TL_MpP1p07,1
216,TL_MpP1p02,1
217,TL_MpP1p11,1
218,TL_MpP1p04,1
218,TL_MpP1p11,2
219,TL_MpP1p04,1
219,TL_MpP1p11,1
220,TL_MpP1p05,1
221,TL_MpP1p02,1
221,TL_MpP1p11,1
222,TL_MpP1p05,1
222,TX_MpP1p07,1
222,TL_MpP1p07,1
223,TL_MpP1p06,1
223,TL_MpP1p11,1
224,TL_MpP1p05,2
225,TL_MpP1p05,2
225,TL_MpP1p06,1
225,TL_MpP1p07,1
226,TL_MpP1p04,2
226,TL_MpP1p10,1
227,TL_MpP1p10,1
228,TL_MpP1p02,2
228,TL_MpP1p07,1
228,TL_MpP1p08,1
230,TL_MpP1p05,1
231,TL_MpP1p05,1
232,TL_MpP1p04,1
232,TL_MpP1p07,1
232,TL_MpP1p09,2
232,TL_MpP1p11,1
233,TX_MpP1p02,1
233,TL_MpP1p10,1
233,TL_MpP1p11,1
234,TL_MpP1p02,1
234,TL_MpP1p09,1
234,TL_MpP1p10,1
234,TL_MpP1p11,1
235,TX_MpP1p05,1
235,TL_MpP1p11,1
236,TL_MpP1p04,1
236,TL_MpP1p11,1
237,TL_MpP1p04,1
238,TL_MpP1p07,1
238,TL_MpP1p11,1
239,TL_MpP1p04,1
239,TL_MpP1p05,2
241,TL_MpP1p08,1
241,TL_MpP1p09,1
241,TL_MpP1p11,1
242,TL_MpP1p02,1
242,TL_MpP1p05,1
243,TL_MpP1p02,1
243,TL_MpP1p04,1
243,TL_MpP1p05,1
243,TL_MpP1p06,1
243,TL_MpP1p07,1
243,TL_MpP1p09,1
244,TL_MpP1p05,1
244,TL_MpP1p10,1
244,TL_MpP1p11,1
245,TX_MpP1p02,1
245,TL_MpP1p06,1
245,TL_MpP1p11,1
246,TL_MpP1p11,1
247,TL_MpP1p02,1
247,TL_MpP1p05,1
247,TX_MpP1p09,1
247,TL_MpP1p11,1
248,TL_MpP1p08,1
248,TL_MpP1p11,1
249,TL_MpP1p02,1
249,TL_MpP1p03,1
249,TL_MpP1p05,1
250,TL_MpP1p02,1
250,TX_MpP1p04,1
250,TL_MpP1p07,1
252,TL_MpP1p02,1
252,TL_MpP1p03,1
252,TL_MpP1p04,1
253,TL_MpP1p04,1
253,TL_MpP1p09,1
253,TL_MpP1p11,1
254,TX_MpP1p08,1
255,TL_MpP1p02,2
255,TL_MpP1p05,1
255,TL_MpP1p06,1
256,TL_MpP1p03,1
256,TL_MpP1p09,1
256,TX_MpP1p11,1
257,TL_MpP1p04,1
257,TL_MpP1p05,1
257,TL_MpP1p07,1
258,TX_MpP1p03,1
258,TL_MpP1p04,1
258,TL_MpP1p05,1
259,TL_MpP1p03,1
260,TL_MpP1p04,1
260,TL_MpP1p05,3
260,TL_MpP1p06,1
260,TL_MpP1p07,1
261,TL_MpP1p04,1
261,TL_MpP1p05,1
261,TL_MpP1p08,1
262,TL_MpP1p03,1
262,TL_MpP1p11,1
263,TL_MpP1p04,1
264,TL_MpP1p02,1
265,TL_MpP1p02,2
265,TL_MpP1p05,1
265,TL_MpP1p06,1
266,TL_MpP1p04,1
266,TL_MpP1p09,1
267,TL_MpP1p05,1
267,TL_MpP1p11,1
268,TX_MpP1p05,1
268,TL_MpP1p05,1
269,TL_MpP1p04,1
269,TL_MpP1p05,1
269,TL_MpP1p08,1
270,TL_MpP1p03,1
270,TL_MpP1p04,1
270,TL_MpP1p05,1
270,TL_MpP1p08,1
271,TX_MpP1p04,1
271,TL_MpP1p06,1
271,TL_MpP1p11,1
272,TL_MpP1p04,1
272,TL_MpP1p07,1
272,TL_MpP1p11,1
273,TL_MpP1p02,1
273,TL_MpP1p06,1
273,TL_MpP1p11,1
274,TL_MpP1p04,1
274,TL_MpP1p05,1
274,TL_MpP1p11,1
275,TL_MpP1p02,2
275,TL_MpP1p05,1
275,TL_MpP1p09,1
276,TL_MpP1p11,1
277,TL_MpP1p08,1
278,TL_MpP1p02,2
278,TL_MpP1p05,1
278,TL_MpP1p11,1
279,TL_MpP1p02,1
279,TL_MpP1p08,1
280,TL_MpP1p02,2
280,TL_MpP1p04,2
280,TL_MpP1p10,1
281,TL_MpP1p04,1
281,TL_MpP1p06,1
282,TL_MpP1p09,1
283,TL_MpP1p05,1
283,TL_MpP1p11,1
284,TL_MpP1p04,1
284,TL_MpP1p09,1
284,TL_MpP1p11,1
285,TL_MpP1p07,1
285,TL_MpP1p11,1
286,TL_MpP1p11,1
287,TL_MpP1p02,1
287,TX_MpP1p06,1
288,TL_MpP1p08,1
289,TL_MpP1p03,1
289,TX_MpP1p11,1
290,TL_MpP1p02,1
290,TL_MpP1p04,2
291,TL_MpP1p04,1
291,TX_MpP1p05,1
291,TL_MpP1p08,1
291,TL_MpP1p11,1
292,TL_MpP1p04,1
292,TL_MpP1p06,1
292,TL_MpP1p11,1
294,TX_MpP1p05,1
294,TL_MpP1p05,1
294,TL_MpP1p08,1
295,TL_MpP1p07,1
296,TX_MpP1p04,1
296,TL_MpP1p04,1
296,TL_MpP1p05,1
296,TL_MpP1p06,1
297,TL_MpP1p03,1
297,TL_MpP1p07,1
297,TL_MpP1p11,1
298,TL_MpP1p10,1
299,TX_MpP1p01,1
299,TL_MpP1p05,1
299,TL_MpP1p08,2
299,TL_MpP1p11,1
301,TL_MpP1p02,1
301,TL_MpP1p04,1
301,TL_MpP1p05,2
302,TL_MpP1p05,1
302,TL_MpP1p06,1
303,TL_MpP1p02,1
303,TL_MpP1p03,1
303,TL_MpP1p04,1
303,TL_MpP1p05,1
304,TL_MpP1p04,1
304,TL_MpP1p09,1
304,TL_MpP1p11,1
305,TL_MpP1p01,1
305,TL_MpP1p05,1
305,TX_MpP1p08,1
305,TL_MpP1p10,1
305,TL_MpP1p11,2
306,TL_MpP1p05,1
306,TL_MpP1p07,1
306,TL_MpP1p09,1
306,TL_MpP1p11,1
307,TL_MpP1p01,1
307,TL_MpP1p04,2
307,TL_MpP1p09,1
307,TL_MpP1p10,1
307,TL_MpP1p11,1
308,TL_MpP1p04,1
308,TL_MpP1p08,1
309,TL_MpP1p06,1
309,TL_MpP1p08,1
309,TL_MpP1p11,3
310,TL_MpP1p03,1
310,TL_MpP1p08,1
310,TL_MpP1p11,2
311,TL_MpP1p03,1
311,TL_MpP1p04,1
311,TL_MpP1p05,1
311,TL_MpP1p06,1
311,TL_MpP1p11,1
312,TL_MpP1p05,1
312,TL_MpP1p11,1
313,TL_MpP1p04,1
314,TL_MpP1p04,3
314,TL_MpP1p05,1
314,TL_MpP1p06,1
314,TL_MpP1p08,1
314,TX_MpP1p09,1
316,TL_MpP1p07,1
316,TL_MpP1p11,1
317,TL_MpP1p05,1
317,TL_MpP1p07,1
317,TL_MpP1p11,1
318,TL_MpP1p04,2
320,TL_MpP1p03,1
320,TL_MpP1p04,2
320,TL_MpP1p08,1
321,TL_MpP1p02,1
321,TL_MpP1p04,1
321,TL_MpP1p11,1
322,TL_MpP1p04,1
322,TL_MpP1p07,1
322,TL_MpP1p09,1
323,TL_MpP1p02,1
323,TL_MpP1p11,1
324,TL_MpP1p02,1
324,TL_MpP1p05,1
325,TL_MpP1p05,1
326,TL_MpP1p06,1
326,TL_MpP1p11,1
327,TL_MpP1p04,1
327,TL_MpP1p09,1
328,TL_MpP1p03,1
328,TX_MpP1p04,1
328,TX_MpP1p06,1
329,TL_MpP1p05,1
329,TL_MpP1p07,1
330,TL_MpP1p04,1
330,TL_MpP1p05,1
330,TL_MpP1p06,1
331,TL_MpP1p02,1
331,TL_MpP1p08,2
331,TL_MpP1p09,1
332,TL_MpP1p01,1
332,TL_MpP1p11,2
333,TL_MpP1p03,1
333,TL_MpP1p05,2
333,TL_MpP1p06,2
333,TL_MpP1p11,1
334,TL_MpP1p02,1
334,TL_MpP1p03,2
334,TL_MpP1p04,1
334,TL_MpP1p07,1
334,TL_MpP1p08,1
334,TL_MpP1p11,1
335,TL_MpP1p04,1
335,TX_MpP1p07,1
335,TL_MpP1p11,1
336,TL_MpP1p08,1
337,TL_MpP1p10,2
338,TL_MpP1p04,3
338,TL_MpP1p06,1
338,TL_MpP1p07,1
339,TL_MpP1p07,1
340,TL_MpP1p05,1
341,TL_MpP1p03,1
341,TL_MpP1p04,2
341,TL_MpP1p05,1
341,TL_MpP1p11,1
342,TL_MpP1p02,1
342,TL_MpP1p05,2
342,TL_MpP1p11,2
343,TL_MpP1p02,1
343,TL_MpP1p04,1
343,TL_MpP1p07,1
343,TL_MpP1p11,1
344,TL_MpP1p02,1
344,TL_MpP1p05,1
344,TL_MpP1p07,1
345,TL_MpP1p07,1
346,TX_MpP1p03,1
346,TL_MpP1p03,1
346,TL_MpP1p05,1
348,TL_MpP1p02,1
348,TL_MpP1p05,1
348,TL_MpP1p08,1
348,TL_MpP1p09,1
349,TL_MpP1p04,2
349,TL_MpP1p05,1
349,TL_MpP1p06,1
349,TL_MpP1p11,2
350,TL_MpP1p04,2
350,TL_MpP1p05,1
351,TL_MpP1p04,2
351,TL_MpP1p07,1
351,TL_MpP1p08,1
352,TL_MpP1p05,1
353,TL_MpP1p04,2
353,TL_MpP1p11,2
354,TL_MpP1p03,1
354,TL_MpP1p04,1
355,TL_MpP1p05,1
355,TL_MpP1p07,1
356,TL_MpP1p08,2
357,TL_MpP1p02,1
357,TL_MpP1p06,1
357,TL_MpP1p10,1
358,TL_MpP1p03,1
358,TL_MpP1p04,2
358,TL_MpP1p06,1
359,TX_MpP1p02,1
359,TL_MpP1p03,1
359,TL_MpP1p04,1
359,TX_MpP1p05,1
359,TL_MpP1p09,1
359,TL_MpP1p11,1
360,TL_MpP1p02,1
360,TL_MpP1p04,1
360,TL_MpP1p07,1
361,TL_MpP1p08,1
361,TL_MpP1p09,1
361,TL_MpP1p11,1
362,TL_MpP1p10,1
363,TL_MpP1p02,1
363,TL_MpP1p03,1
364,TL_MpP1p04,1
364,TL_MpP1p05,1
364,TL_MpP1p06,2
364,TX_MpP1p08,1
364,TL_MpP1p08,1
364,TL_MpP1p11,1
365,TL_MpP1p03,1
365,TL_MpP1p05,2
366,TL_MpP1p04,1
366,TL_MpP1p09,1
367,TL_MpP1p04,1
367,TL_MpP1p07,1
368,TL_MpP1p04,2
368,TL_MpP1p08,1
368,TL_MpP1p11,1
369,TL_MpP1p03,1
370,TL_MpP1p02,1
370,TL_MpP1p04,1
370,TL_MpP1p07,1
370,TL_MpP1p09,1
371,TL_MpP1p03,1
371,TX_MpP1p05,1
371,TL_MpP1p05,1
371,TL_MpP1p06,1
372,TL_MpP1p05,1
372,TL_MpP1p11,2
373,TL_MpP1p01,1
374,TL_MpP1p02,1
374,TL_MpP1p05,3
374,TL_MpP1p06,1
375,TX_MpP1p02,1
375,TL_MpP1p03,1
375,TL_MpP1p06,1
375,TL_MpP1p08,1
375,TL_MpP1p09,1
376,TL_MpP1p05,1
376,TL_MpP1p07,2
376,TL_MpP1p09,1
376,TL_MpP1p10,1
376,TL_MpP1p11,1
377,TL_MpP1p01,1
377,TL_MpP1p05,1
377,TL_MpP1p06,1
377,TX_MpP1p07,1
377,TL_MpP1p07,1
377,TL_MpP1p08,1
378,TL_MpP1p05,1
378,TL_MpP1p06,1
378,TL_MpP1p08,1
378,TL_MpP1p11,2
379,TL_MpP1p04,1
380,TL_MpP1p03,1
380,TL_MpP1p04,3
381,TL_MpP1p02,2
381,TX_MpP1p08,1
381,TL_MpP1p08,1
382,TL_MpP1p05,2
382,TL_MpP1p06,1
382,TL_MpP1p11,1
383,TL_MpP1p05,1
383,TL_MpP1p07,1
383,TL_MpP1p08,1
384,TL_MpP1p05,1
384,TL_MpP1p08,1
385,TL_MpP1p04,1
385,TL_MpP1p05,1
386,TL_MpP1p02,1
386,TL_MpP1p04,1
386,TL_MpP1p05,1
386,TL_MpP1p11,1
387,TL_MpP1p07,1
388,TL_MpP1p07,1
389,TL_MpP1p04,1
389,TL_MpP1p06,1
389,TL_MpP1p11,1
390,TL_MpP1p08,1
390,TL_MpP1p11,1
391,TL_MpP1p04,2
392,TL_MpP1p01,1
392,TL_MpP1p05,1
393,TX_MpP1p01,1
393,TL_MpP1p04,1
393,TL_MpP1p05,1
394,TL_MpP1p02,1
394,TL_MpP1p05,1
394,TL_MpP1p07,1
395,TL_MpP1p07,1
396,TL_MpP1p02,1
396,TL_MpP1p04,1
396,TL_MpP1p05,1
396,TL_MpP1p09,1
397,TL_MpP1p02,1
397,TL_MpP1p03,1
397,TL_MpP1p04,1
397,TL_MpP1p11,1
398,TL_MpP1p06,1
399,TL_MpP1p02,1
399,TL_MpP1p04,1
399,TX_MpP1p06,1
399,TL_MpP1p08,2
400,TL_MpP1p04,1
400,TL_MpP1p05,1
400,TL_MpP1p08,1
401,TL_MpP1p06,1
401,TL_MpP1p09,1
401,TL_MpP1p11,1
402,TL_MpP1p03,1
402,TL_MpP1p05,1
402,TL_MpP1p06,1
402,TL_MpP1p10,1
403,TL_MpP1p04,2
403,TL_MpP1p05,1
404,TL_MpP1p02,1
404,TL_MpP1p06,1
404,TL_MpP1p09,1
405,TL_MpP1p05,3
405,TL_MpP1p06,1
405,TL_MpP1p07,1
406,TL_MpP1p01,1
406,TL_MpP1p02,1
406,TL_MpP1p05,1
406,TL_MpP1p08,1
406,TL_MpP1p11,1
407,TL_MpP1p04,1
407,TL_MpP1p05,2
407,TL_MpP1p07,1
408,TL_MpP1p05,1
408,TL_MpP1p11,1
409,TX_MpP1p03,1
409,TL_MpP1p04,1
411,TL_MpP1p02,1
411,TL_MpP1p05,2
411,TL_MpP1p06,1
411,TL_MpP1p07,1
412,TL_MpP1p02,1
412,TL_MpP1p05,1
412,TL_MpP1p08,1
412,TL_MpP1p11,1
413,TL_MpP1p04,1
413,TL_MpP1p05,2
413,TL_MpP1p11,2
414,TL_MpP1p03,1
414,TL_MpP1p04,1
414,TL_MpP1p06,1
416,TL_MpP1p02,1
416,TL_MpP1p05,2
416,TL_MpP1p10,1
417,TL_MpP1p02,1
417,TL_MpP1p05,1
417,TL_MpP1p09,1
417,TL_MpP1p11,1
419,TL_MpP1p05,1
419,TL_MpP1p07,1
420,TL_MpP1p04,1
421,TL_MpP1p02,1
421,TL_MpP1p03,1
422,TL_MpP1p06,1
422,TL_MpP1p07,1
422,TL_MpP1p08,1
423,TL_MpP1p03,1
423,TL_MpP1p04,1
423,TL_MpP1p05,1
423,TL_MpP1p06,1
423,TL_MpP1p09,1
423,TL_MpP1p11,2
424,TL_MpP1p04,1
424,TL_MpP1p11,2
425,TL_MpP1p04,2
425,TL_MpP1p05,1
425,TL_MpP1p08,1
426,TL_MpP1p02,1
426,TL_MpP1p03,1
426,TL_MpP1p04,1
426,TL_MpP1p05,1
426,TL_MpP1p07,1
427,TL_MpP1p02,1
427,TL_MpP1p07,1
427,TL_MpP1p10,1
427,TL_MpP1p11,2
428,TL_MpP1p04,1
428,TL_MpP1p09,2
429,TL_MpP1p01,1
429,TL_MpP1p07,1
430,TL_MpP1p02,1
430,TL_MpP1p04,1
430,TL_MpP1p06,1
430,TL_MpP1p08,1
431,TL_MpP1p04,1
431,TL_MpP1p05,1
431,TX_MpP1p08,1
432,TL_MpP1p05,1
432,TL_MpP1p08,1
433,TL_MpP1p04,2
433,TL_MpP1p08,1
434,TL_MpP1p02,1
434,TL_MpP1p03,1
434,TL_MpP1p09,1
435,TL_MpP1p02,1
435,TL_MpP1p04,1
435,TL_MpP1p11,1
436,TL_MpP1p02,1
436,TL_MpP1p04,1
436,TL_MpP1p05,1
436,TX_MpP1p07,1
436,TX_MpP1p09,1
437,TL_MpP1p05,1
437,TL_MpP1p07,1
438,TL_MpP1p01,1
438,TL_MpP1p06,1
439,TL_MpP1p02,2
439,TL_MpP1p04,1
439,TL_MpP1p06,3
439,TL_MpP1p08,1
439,TL_MpP1p11,1
440,TL_MpP1p03,1
440,TL_MpP1p07,1
440,TL_MpP1p08,1
441,TL_MpP1p02,1
441,TL_MpP1p04,1
441,TL_MpP1p05,2
442,TX_MpP1p01,1
442,TL_MpP1p07,1
442,TL_MpP1p08,2
442,TL_MpP1p09,1
442,TL_MpP1p10,1
443,TL_MpP1p05,1
443,TL_MpP1p07,1
444,TL_MpP1p02,2
444,TL_MpP1p04,1
444,TL_MpP1p08,1
444,TL_MpP1p10,1
445,TL_MpP1p04,1
445,TL_MpP1p05,1
445,TL_MpP1p11,1
446,TL_MpP1p02,2
446,TL_MpP1p06,1
446,TL_MpP1p11,1
447,TL_MpP1p05,1
447,TX_MpP1p10,1
448,TL_MpP1p08,1
448,TL_MpP1p09,1
448,TL_MpP1p11,1
449,TL_MpP1p02,1
449,TL_MpP1p07,1
449,TL_MpP1p10,1
450,TL_MpP1p03,1
450,TL_MpP1p05,1
450,TL_MpP1p07,1
451,TL_MpP1p05,1
451,TL_MpP1p08,1
452,TL_MpP1p04,1
452,TL_MpP1p05,1
453,TL_MpP1p11,1
455,TL_MpP1p02,2
455,TX_MpP1p04,1
455,TX_MpP1p05,1
455,TL_MpP1p05,1
455,TL_MpP1p06,1
455,TL_MpP1p07,1
455,TL_MpP1p11,1
456,TL_MpP1p02,1
456,TL_MpP1p07,2
456,TL_MpP1p08,1
457,TL_MpP1p03,1
458,TL_MpP1p04,1
458,TL_MpP1p06,1
458,TL_MpP1p09,1
458,TL_MpP1p10,1
459,TL_MpP1p04,1
459,TL_MpP1p08,2
459,TL_MpP1p09,1
459,TL_MpP1p10,1
460,TL_MpP1p02,1
460,TL_MpP1p05,1
460,TL_MpP1p07,2
460,TL_MpP1p09,1
460,TL_MpP1p11,1
462,TL_MpP1p01,1
462,TL_MpP1p05,1
462,TL_MpP1p06,1
463,TL_MpP1p04,2
463,TL_MpP1p06,1
464,TL_MpP1p01,1
464,TL_MpP1p02,2
464,TL_MpP1p05,1
464,TX_MpP1p06,1
465,TL_MpP1p02,1
465,TL_MpP1p06,1
465,TL_MpP1p08,1
466,TL_MpP1p04,2
467,TL_MpP1p01,1
467,TL_MpP1p04,1
467,TL_MpP1p07,1
467,TL_MpP1p10,1
468,TL_MpP1p04,1
468,TL_MpP1p06,1
468,TL_MpP1p08,1
468,TL_MpP1p11,1
469,TL_MpP1p04,1
469,TL_MpP1p05,2
469,TL_MpP1p07,2
469,TL_MpP1p08,1
470,TL_MpP1p01,1
470,TL_MpP1p05,1
471,TL_MpP1p03,1
471,TL_MpP1p04,1
471,TL_MpP1p05,1
471,TL_MpP1p06,1
471,TL_MpP1p11,1
472,TL_MpP1p03,1
472,TL_MpP1p04,1
472,TL_MpP1p11,1
474,TL_MpP1p02,1
474,TL_MpP1p05,2
474,TL_MpP1p06,1
475,TL_MpP1p01,1
475,TX_MpP1p04,1
475,TL_MpP1p04,2
476,TL_MpP1p04,1
478,TL_MpP1p02,1
478,TL_MpP1p03,1
478,TL_MpP1p10,1
479,TL_MpP1p06,1
480,TL_MpP1p05,2
481,TL_MpP1p04,2
481,TL_MpP1p06,1
481,TL_MpP1p09,1
481,TL_MpP1p11,1
482,TX_MpP1p04,1
482,TL_MpP1p04,1
482,TL_MpP1p07,1
482,TL_MpP1p08,1
482,TL_MpP1p11,1
483,TL_MpP1p04,1
484,TL_MpP1p03,1
484,TL_MpP1p05,1
484,TL_MpP1p06,1
484,TL_MpP1p07,1
485,TL_MpP1p04,1
485,TL_MpP1p06,1
485,TL_MpP1p08,1
486,TL_MpP1p01,1
486,TL_MpP1p06,1
486,TL_MpP1p07,1
486,TL_MpP1p08,1
486,TL_MpP1p10,1
487,TL_MpP1p05,1
487,TL_MpP1p08,1
488,TL_MpP1p08,1
489,TL_MpP1p04,4
489,TX_MpP1p11,1
489,TL_MpP1p11,1
490,TX_MpP1p06,1
491,TX_MpP1p02,1
491,TL_MpP1p02,1
492,TL_MpP1p07,1
493,TL_MpP1p03,1
493,TL_MpP1p08,1
493,TL_MpP1p11,1
494,TX_MpP1p05,1
494,TL_MpP1p05,1
495,TL_MpP1p02,1
495,TL_MpP1p11,1
496,TL_MpP1p04,1
496,TL_MpP1p08,1
496,TL_MpP1p09,1
497,TL_MpP1p02,1
497,TL_MpP1p04,1
497,TL_MpP1p05,1
497,TL_MpP1p06,1
497,TL_MpP1p07,1
497,TL_MpP1p08,2
497,TL_MpP1p10,1
498,TL_MpP1p05,2
498,TX_MpP1p06,1
498,TL_MpP1p06,1
498,TL_MpP1p09,1
499,TX_MpP1p05,1
499,TL_MpP1p06,2
500,TL_MpP1p02,1
500,TL_MpP1p03,1
500,TL_MpP1p04,2
500,TX_MpP1p08,1
501,TL_MpP1p01,1
502,TL_MpP1p04,1
502,TL_MpP1p07,1
503,TL_MpP1p05,2
503,TL_MpP1p10,1
504,TL_MpP1p02,1
504,TL_MpP1p03,1
504,TL_MpP1p04,2
504,TL_MpP1p09,1
505,TL_MpP1p05,1
505,TL_MpP1p07,1
505,TL_MpP1p11,1
506,TL_MpP1p02,1
506,TL_MpP1p04,2
506,TL_MpP1p06,1
506,TL_MpP1p08,1
507,TL_MpP1p05,1
507,TL_MpP1p09,1
508,TL_MpP1p02,2
508,TL_MpP1p04,1
508,TL_MpP1p05,2
508,TL_MpP1p06,1
509,TL_MpP1p09,1
509,TL_MpP1p11,1
510,TL_MpP1p03,1
510,TL_MpP1p04,1
510,TL_MpP1p05,2
510,TL_MpP1p09,1
511,TL_MpP1p05,2
513,TL_MpP1p04,1
513,TL_MpP1p05,2
513,TL_MpP1p06,1
513,TL_MpP1p08,1
513,TX_MpP1p10,1
513,TL_MpP1p11,1
514,TL_MpP1p03,1
514,TL_MpP1p04,1
514,TX_MpP1p09,1
515,TL_MpP1p06,1
515,TL_MpP1p07,2
516,TL_MpP1p05,1
516,TL_MpP1p11,1
517,TL_MpP1p05,1
517,TL_MpP1p06,1
517,TL_MpP1p07,1
517,TL_MpP1p11,2
518,TL_MpP1p02,1
518,TL_MpP1p05,1
518,TL_MpP1p08,1
518,TL_MpP1p09,1
519,TL_MpP1p02,1
519,TL_MpP1p04,1
519,TL_MpP1p06,1
519,TL_MpP1p07,2
519,TL_MpP1p08,1
520,TL_MpP1p02,1
520,TL_MpP1p03,1
520,TL_MpP1p05,1
521,TL_MpP1p02,1
521,TX_MpP1p04,1
522,TX_MpP1p05,1
522,TL_MpP1p09,1
523,TL_MpP1p05,1
523,TL_MpP1p08,1
523,TL_MpP1p10,1
523,TL_MpP1p11,1
524,TL_MpP1p02,1
524,TX_MpP1p03,1
524,TL_MpP1p05,1
524,TL_MpP1p07,3
524,TL_MpP1p09,1
525,TL_MpP1p04,1
525,TL_MpP1p06,1
526,TL_MpP1p02,1
526,TL_MpP1p03,1
526,TL_MpP1p06,1
527,TX_MpP1p02,1
527,TL_MpP1p02,1
527,TL_MpP1p04,1
527,TL_MpP1p05,1
527,TL_MpP1p09,1
527,TL_MpP1p10,2
528,TL_MpP1p03,1
529,TL_MpP1p06,3
530,TL_MpP1p11,1
531,TL_MpP1p05,2
531,TL_MpP1p10,1
532,TL_MpP1p02,1
532,TL_MpP1p04,1
532,TL_MpP1p06,1
532,TX_MpP1p11,1
532,TL_MpP1p11,1
533,TL_MpP1p01,1
533,TL_MpP1p03,1
533,TX_MpP1p04,1
533,TL_MpP1p04,2
533,TL_MpP1p05,1
533,TX_MpP1p06,1
533,TL_MpP1p10,1
534,TL_MpP1p07,1
534,TL_MpP1p11,1
535,TL_MpP1p03,1
535,TL_MpP1p05,1
535,TL_MpP1p06,1
536,TL_MpP1p02,1
536,TL_MpP1p05,1
536,TL_MpP1p06,1
536,TL_MpP1p07,1
536,TL_MpP1p08,1
537,TL_MpP1p02,1
537,TL_MpP1p03,1
537,TL_MpP1p04,3
537,TL_MpP1p08,1
538,TL_MpP1p05,1
538,TL_MpP1p07,1
538,TL_MpP1p09,1
539,TL_MpP1p02,2
539,TL_MpP1p04,1
539,TX_MpP1p05,1
539,TL_MpP1p05,1
539,TL_MpP1p06,1
540,TL_MpP1p02,1
540,TL_MpP1p05,2
540,TL_MpP1p07,1
541,TL_MpP1p05,1
541,TL_MpP1p10,1
541,TL_MpP1p11,1
542,TL_MpP1p03,1
542,TL_MpP1p05,2
542,TL_MpP1p06,1
543,TL_MpP1p01,1
543,TL_MpP1p03,1
543,TL_MpP1p04,1
543,TL_MpP1p07,1
543,TL_MpP1p08,1
544,TL_MpP1p01,2
544,TL_MpP1p05,1
544,TL_MpP1p06,2
545,TL_MpP1p04,1
545,TL_MpP1p05,1
545,TL_MpP1p08,1
546,TX_MpP1p05,1
546,TL_MpP1p11,1
547,TL_MpP1p11,1
548,TL_MpP1p04,1
548,TL_MpP1p05,1
548,TX_MpP1p11,1
549,TL_MpP1p01,1
549,TL_MpP1p04,1
549,TL_MpP1p07,1
550,TL_MpP1p02,1
550,TL_MpP1p04,1
550,TL_MpP1p06,1
551,TL_MpP1p01,1
551,TL_MpP1p02,2
551,TL_MpP1p04,1
552,TL_MpP1p04,1
552,TL_MpP1p05,2
553,TL_MpP1p02,1
553,TL_MpP1p05,1
553,TL_MpP1p11,1
554,TL_MpP1p01,1
554,TL_MpP1p05,1
554,TL_MpP1p08,1
555,TL_MpP1p02,1
555,TL_MpP1p05,1
555,TL_MpP1p10,2
555,TL_MpP1p11,1
556,TX_MpP1p02,1
556,TL_MpP1p02,1
556,TL_MpP1p04,1
556,TL_MpP1p05,2
557,TL_MpP1p04,1
557,TL_MpP1p05,1
557,TL_MpP1p06,1
558,TL_MpP1p05,1
558,TL_MpP1p10,1
559,TL_MpP1p02,2
559,TL_MpP1p04,1
559,TX_MpP1p05,1
559,TL_MpP1p05,1
560,TL_MpP1p04,1
560,TL_MpP1p05,1
560,TX_MpP1p06,1
560,TL_MpP1p07,1
560,TL_MpP1p10,1
561,TL_MpP1p07,1
561,TL_MpP1p08,1
562,TL_MpP1p03,1
562,TL_MpP1p04,1
562,TL_MpP1p05,3
562,TL_MpP1p06,1
562,TL_MpP1p11,1
563,TL_MpP1p02,1
563,TL_MpP1p05,2
563,TL_MpP1p06,1
563,TL_MpP1p08,1
563,TL_MpP1p10,1
563,TL_MpP1p11,1
564,TL_MpP1p04,3
564,TL_MpP1p06,1
565,TL_MpP1p02,1
565,TL_MpP1p05,1
566,TL_MpP1p10,1
567,TL_MpP1p04,2
567,TL_MpP1p08,1
567,TL_MpP1p11,1
568,TL_MpP1p02,2
568,TL_MpP1p05,1
568,TL_MpP1p07,2
568,TL_MpP1p08,1
569,TX_MpP1p03,1
569,TL_MpP1p04,1
569,TL_MpP1p05,2
569,TL_MpP1p07,1
570,TL_MpP1p02,1
570,TL_MpP1p03,2
570,TL_MpP1p04,1
570,TL_MpP1p05,1
571,TL_MpP1p02,1
571,TL_MpP1p04,1
571,TL_MpP1p05,1
571,TL_MpP1p06,2
571,TL_MpP1p08,1
571,TL_MpP1p09,1
572,TL_MpP1p05,1
572,TL_MpP1p08,1
572,TL_MpP1p11,1
573,TL_MpP1p05,2
573,TL_MpP1p08,1
574,TL_MpP1p02,1
574,TL_MpP1p04,1
574,TL_MpP1p06,1
574,TL_MpP1p07,1
574,TL_MpP1p11,1
575,TL_MpP1p03,1
575,TL_MpP1p04,1
575,TL_MpP1p05,3
575,TL_MpP1p06,1
576,TL_MpP1p05,2
577,TL_MpP1p02,1
577,TL_MpP1p04,1
577,TX_MpP1p10,1
578,TL_MpP1p02,1
578,TL_MpP1p04,1
578,TL_MpP1p05,1
578,TL_MpP1p06,1
578,TL_MpP1p07,2
578,TL_MpP1p08,1
579,TL_MpP1p05,2
580,TL_MpP1p02,1
580,TL_MpP1p04,1
580,TL_MpP1p05,1
580,TL_MpP1p09,1
581,TL_MpP1p05,1
581,TL_MpP1p09,1
581,TL_MpP1p11,1
582,TL_MpP1p02,1
582,TL_MpP1p03,2
582,TL_MpP1p05,1
582,TL_MpP1p06,2
582,TL_MpP1p11,1
583,TL_MpP1p06,1
584,TL_MpP1p04,1
585,TL_MpP1p05,2
585,TL_MpP1p06,1
585,TL_MpP1p08,2
586,TL_MpP1p02,2
586,TL_MpP1p06,1
587,TL_MpP1p01,1
587,TL_MpP1p05,1
588,TL_MpP1p02,1
588,TL_MpP1p03,1
588,TX_MpP1p09,1
588,TL_MpP1p11,1
589,TL_MpP1p09,1
589,TL_MpP1p11,1
590,TL_MpP1p04,1
590,TX_MpP1p07,1
590,TL_MpP1p08,1
590,TL_MpP1p09,1
591,TL_MpP1p02,1
591,TL_MpP1p05,1
592,TL_MpP1p05,1
592,TL_MpP1p08,2
593,TX_MpP1p01,1
593,TL_MpP1p02,1
593,TL_MpP1p05,3
593,TL_MpP1p06,1
593,TL_MpP1p07,2
593,TL_MpP1p09,1
593,TL_MpP1p11,1
594,TL_MpP1p04,1
594,TL_MpP1p07,1
595,TL_MpP1p04,2
595,TL_MpP1p05,1
595,TL_MpP1p06,2
595,TL_MpP1p07,1
595,TL_MpP1p11,1
596,TL_MpP1p05,1
597,TL_MpP1p01,1
597,TL_MpP1p05,1
597,TL_MpP1p07,1
598,TL_MpP1p01,1
598,TL_MpP1p04,1
599,TL_MpP1p05,1
599,TL_MpP1p06,2
599,TL_MpP1p07,1
599,TL_MpP1p09,1
600,TL_MpP1p01,1
600,TL_MpP1p04,1
601,TL_MpP1p04,1
601,TL_MpP1p08,1
602,TL_MpP1p03,1
602,TL_MpP1p04,3
602,TL_MpP1p05,1
602,TL_MpP1p06,1
602,TL_MpP1p07,1
603,TL_MpP1p02,1
603,TL_MpP1p07,1
603,TL_MpP1p10,1
604,TL_MpP1p02,1
604,TL_MpP1p04,1
604,TL_MpP1p05,1
604,TX_MpP1p10,1
604,TL_MpP1p10,1
604,TL_MpP1p11,1
605,TL_MpP1p01,1
605,TL_MpP1p06,1
605,TL_MpP1p08,1
605,TL_MpP1p11,1
606,TL_MpP1p04,1
606,TL_MpP1p07,1
606,TX_MpP1p11,1
606,TL_MpP1p11,1
607,TL_MpP1p05,1
607,TL_MpP1p10,1
607,TL_MpP1p11,2
608,TL_MpP1p04,1
608,TX_MpP1p05,1
608,TL_MpP1p05,1
608,TL_MpP1p07,1
609,TL_MpP1p03,1
609,TL_MpP1p04,1
609,TL_MpP1p05,2
610,TL_MpP1p02,1
610,TL_MpP1p04,1
610,TL_MpP1p05,2
610,TL_MpP1p07,1
612,TL_MpP1p03,1
612,TL_MpP1p06,1
612,TL_MpP1p07,2
612,TL_MpP1p08,1
612,TL_MpP1p11,1
613,TL_MpP1p05,1
614,TL_MpP1p04,2
614,TL_MpP1p06,1
615,TL_MpP1p04,1
615,TL_MpP1p05,1
616,TL_MpP1p02,2
616,TL_MpP1p05,1
617,TL_MpP1p02,2
617,TL_MpP1p04,2
617,TL_MpP1p05,2
617,TL_MpP1p07,1
617,TL_MpP1p10,1
618,TL_MpP1p05,1
618,TL_MpP1p09,3
619,TL_MpP1p03,1
619,TL_MpP1p04,3
619,TL_MpP1p05,1
619,TL_MpP1p06,1
620,TL_MpP1p05,2
620,TL_MpP1p07,1
621,TL_MpP1p06,1
621,TL_MpP1p08,1
621,TL_MpP1p10,1
621,TL_MpP1p11,1
622,TL_MpP1p02,1
622,TL_MpP1p05,3
622,TL_MpP1p09,1
623,TL_MpP1p02,1
623,TL_MpP1p03,1
623,TX_MpP1p04,1
623,TL_MpP1p08,1
623,TL_MpP1p11,2
624,TX_MpP1p02,1
624,TL_MpP1p03,1
624,TL_MpP1p04,1
624,TL_MpP1p09,1
625,TX_MpP1p07,1
625,TL_MpP1p10,2
625,TL_MpP1p11,2
627,TL_MpP1p02,1
627,TL_MpP1p03,1
627,TL_MpP1p04,1
627,TL_MpP1p05,1
627,TL_MpP1p06,1
627,TL_MpP1p08,1
627,TL_MpP1p10,1
627,TL_MpP1p11,1
628,TL_MpP1p07,1
628,TL_MpP1p11,1
629,TL_MpP1p02,1
629,TL_MpP1p05,1
630,TL_MpP1p03,1
630,TL_MpP1p09,1
630,TX_MpP1p11,1
630,TL_MpP1p11,1
631,TL_MpP1p02,1
631,TL_MpP1p04,1
631,TL_MpP1p05,1
632,TL_MpP1p02,1
632,TL_MpP1p03,1
632,TL_MpP1p07,1
632,TX_MpP1p09,1
632,TL_MpP1p11,2
633,TL_MpP1p04,2
633,TL_MpP1p11,1
634,TL_MpP1p05,1
634,TL_MpP1p07,1
634,TL_MpP1p10,2
635,TL_MpP1p03,1
635,TL_MpP1p04,1
635,TL_MpP1p05,2
636,TL_MpP1p03,1
636,TL_MpP1p05,3
637,TL_MpP1p01,1
637,TL_MpP1p02,1
637,TL_MpP1p07,1
637,TL_MpP1p09,1
637,TL_MpP1p11,2
638,TL_MpP1p01,1
638,TL_MpP1p02,2
638,TX_MpP1p03,1
638,TL_MpP1p04,1
638,TL_MpP1p05,2
638,TL_MpP1p09,1
639,TL_MpP1p01,1
639,TL_MpP1p02,2
639,TL_MpP1p05,1
639,TL_MpP1p10,1
640,TL_MpP1p01,1
640,TL_MpP1p04,1
640,TL_MpP1p05,1
640,TL_MpP1p06,1
640,TL_MpP1p07,2
641,TL_MpP1p07,1
641,TL_MpP1p11,1
642,TL_MpP1p04,1
642,TL_MpP1p07,1
643,TL_MpP1p02,1
643,TL_MpP1p05,1
644,TL_MpP1p02,2
644,TL_MpP1p03,1
644,TL_MpP1p04,1
644,TL_MpP1p11,2
645,TL_MpP1p03,1
645,TL_MpP1p05,1
645,TL_MpP1p06,1
646,TL_MpP1p05,1
647,TL_MpP1p02,1
647,TL_MpP1p04,1
647,TL_MpP1p05,1
648,TL_MpP1p01,1
649,TL_MpP1p03,1
649,TL_MpP1p05,1
649,TL_MpP1p11,2
650,TL_MpP1p03,2
650,TL_MpP1p04,1
650,TL_MpP1p05,1
650,TL_MpP1p11,1
651,TL_MpP1p05,1
651,TX_MpP1p07,1
651,TL_MpP1p07,1
651,TL_MpP1p09,1
651,TL_MpP1p10,1
652,TL_MpP1p02,1
652,TL_MpP1p04,1
652,TL_MpP1p07,1
653,TL_MpP1p05,1
653,TL_MpP1p11,1
654,TL_MpP1p08,1
654,TL_MpP1p09,1
655,TL_MpP1p03,1
655,TL_MpP1p04,1
655,TL_MpP1p05,1
656,TL_MpP1p03,1
656,TL_MpP1p05,2
656,TL_MpP1p06,1
656,TL_MpP1p09,1
656,TL_MpP1p11,1
657,TL_MpP1p05,1
657,TL_MpP1p07,2
657,TL_MpP1p10,1
658,TL_MpP1p05,1
658,TL_MpP1p06,2
658,TL_MpP1p07,1
658,TL_MpP1p11,1
659,TX_MpP1p02,1
659,TL_MpP1p03,1
660,TL_MpP1p04,2
661,TL_MpP1p02,1
661,TL_MpP1p07,1
661,TL_MpP1p09,1
662,TL_MpP1p01,1
662,TL_MpP1p02,1
662,TL_MpP1p03,1
662,TL_MpP1p05,1
662,TL_MpP1p06,1
662,TL_MpP1p07,2
663,TL_MpP1p02,2
663,TL_MpP1p04,1
663,TL_MpP1p05,1
663,TL_MpP1p11,1
664,TL_MpP1p02,1
664,TL_MpP1p05,1
664,TL_MpP1p10,1
665,TL_MpP1p03,1
665,TL_MpP1p11,1
666,TL_MpP1p03,1
666,TL_MpP1p05,1
666,TL_MpP1p08,1
667,TL_MpP1p02,2
668,TL_MpP1p01,1
668,TL_MpP1p09,1
668,TL_MpP1p10,1
669,TL_MpP1p04,1
669,TL_MpP1p05,1
669,TL_MpP1p06,1
669,TL_MpP1p07,1
670,TL_MpP1p02,2
670,TL_MpP1p03,1
671,TL_MpP1p04,1
671,TL_MpP1p09,1
671,TL_MpP1p10,1
671,TL_MpP1p11,1
672,TL_MpP1p05,1
672,TL_MpP1p11,2
673,TL_MpP1p05,1
673,TL_MpP1p07,1
674,TL_MpP1p02,1
675,TL_MpP1p04,1
675,TL_MpP1p05,1
675,TL_MpP1p08,1
675,TL_MpP1p11,1
676,TL_MpP1p05,1
676,TL_MpP1p10,1
677,TL_MpP1p02,1
678,TL_MpP1p07,1
678,TX_MpP1p09,1
678,TL_MpP1p11,3
679,TL_MpP1p01,1
679,TL_MpP1p02,2
679,TL_MpP1p04,3
679,TL_MpP1p07,1
679,TL_MpP1p08,1
679,TL_MpP1p11,1
680,TL_MpP1p05,1
680,TL_MpP1p07,1
681,TL_MpP1p02,1
681,TL_MpP1p03,1
681,TL_MpP1p04,1
681,TL_MpP1p10,1
682,TL_MpP1p04,1
682,TL_MpP1p06,1
683,TL_MpP1p05,3
683,TL_MpP1p09,1
684,TL_MpP1p02,1
684,TX_MpP1p05,1
685,TL_MpP1p01,2
685,TL_MpP1p05,1
686,TL_MpP1p02,1
686,TL_MpP1p03,1
686,TL_MpP1p04,1
686,TL_MpP1p06,2
687,TL_MpP1p02,1
687,TL_MpP1p03,1
687,TL_MpP1p05,2
687,TL_MpP1p07,1
688,TL_MpP1p02,1
688,TL_MpP1p05,1
688,TL_MpP1p07,2
688,TL_MpP1p08,1
688,TL_MpP1p10,1
689,TL_MpP1p04,1
689,TL_MpP1p05,1
689,TX_MpP1p06,1
689,TL_MpP1p11,1
690,TL_MpP1p10,1
691,TX_MpP1p02,1
691,TL_MpP1p02,3
691,TL_MpP1p05,3
691,TX_MpP1p07,1
691,TL_MpP1p11,1
692,TL_MpP1p02,1
692,TX_MpP1p08,1
693,TL_MpP1p05,2
693,TX_MpP1p10,1
694,TL_MpP1p07,1
695,TL_MpP1p02,1
695,TL_MpP1p07,2
695,TL_MpP1p08,1
696,TL_MpP1p02,1
696,TL_MpP1p03,1
696,TL_MpP1p05,1
696,TL_MpP1p06,1
696,TL_MpP1p07,1
697,TL_MpP1p04,1
697,TL_MpP1p05,1
697,TL_MpP1p06,1
698,TL_MpP1p08,1
699,TL_MpP1p04,1
699,TL_MpP1p07,1
699,TL_MpP1p10,1
700,TL_MpP1p04,1
700,TL_MpP1p05,1
700,TX_MpP1p06,1
700,TL_MpP1p07,1
700,TL_MpP1p08,1
701,TL_MpP1p01,1
701,TL_MpP1p06,2
701,TL_MpP1p07,1
701,TL_MpP1p11,1
702,TL_MpP1p02,2
702,TL_MpP1p05,1
703,TL_MpP1p05,1
703,TL_MpP1p06,1
704,TL_MpP1p02,1
704,TL_MpP1p04,1
704,TL_MpP1p05,4
704,TL_MpP1p06,1
704,TL_MpP1p09,1
704,TL_MpP1p10,1
704,TL_MpP1p11,1
705,TL_MpP1p02,1
705,TL_MpP1p04,1
705,TL_MpP1p11,1
706,TL_MpP1p02,1
706,TL_MpP1p03,1
706,TL_MpP1p04,2
706,TL_MpP1p10,1
706,TL_MpP1p11,1
707,TL_MpP1p05,2
707,TL_MpP1p06,1
707,TL_MpP1p09,1
708,TL_MpP1p02,1
708,TL_MpP1p07,4
708,TL_MpP1p09,1
709,TL_MpP1p02,1
709,TL_MpP1p04,1
709,TL_MpP1p05,1
709,TL_MpP1p09,1
710,TX_MpP1p04,1
710,TL_MpP1p04,1
710,TL_MpP1p05,1
710,TL_MpP1p06,1
710,TL_MpP1p09,1
711,TL_MpP1p02,1
711,TL_MpP1p05,1
711,TL_MpP1p10,1
711,TL_MpP1p11,1
712,TL_MpP1p04,1
712,TL_MpP1p05,1
712,TL_MpP1p08,1
713,TL_MpP1p03,1
713,TL_MpP1p05,2
714,TL_MpP1p05,1
714,TL_MpP1p06,1
715,TL_MpP1p02,2
716,TL_MpP1p04,1
716,TL_MpP1p05,1
716,TX_MpP1p06,1
716,TL_MpP1p09,1
716,TL_MpP1p10,1
716,TL_MpP1p11,1
717,TL_MpP1p01,1
717,TL_MpP1p05,1
717,TL_MpP1p06,3
717,TL_MpP1p07,4
717,TL_MpP1p08,1
718,TX_MpP1p05,1
718,TL_MpP1p05,1
718,TL_MpP1p08,2
718,TL_MpP1p09,1
719,TL_MpP1p02,1
719,TL_MpP1p04,1
719,TL_MpP1p06,1
719,TL_MpP1p07,1
720,TL_MpP1p02,1
720,TL_MpP1p04,1
720,TL_MpP1p05,2
720,TL_MpP1p06,1
721,TL_MpP1p06,1
721,TL_MpP1p07,2
721,TL_MpP1p10,1
721,TL_MpP1p11,2
722,TL_MpP1p05,2
723,TL_MpP1p02,1
723,TL_MpP1p05,1
723,TL_MpP1p07,1
723,TL_MpP1p09,1
723,TL_MpP1p11,1
724,TL_MpP1p02,1
724,TL_MpP1p04,2
724,TL_MpP1p08,1
725,TL_MpP1p02,1
725,TL_MpP1p04,2
725,TL_MpP1p05,3
725,TL_MpP1p08,1
725,TX_MpP1p11,1
726,TL_MpP1p03,1
726,TX_MpP1p04,1
726,TL_MpP1p05,1
726,TL_MpP1p08,1
727,TL_MpP1p02,1
727,TL_MpP1p06,2
727,TL_MpP1p11,1
728,TL_MpP1p02,2
728,TL_MpP1p04,1
728,TL_MpP1p05,1
728,TL_MpP1p09,1
729,TL_MpP1p05,1
729,TL_MpP1p06,1
729,TL_MpP1p08,1
729,TL_MpP1p11,1
730,TL_MpP1p02,2
730,TL_MpP1p05,1
731,TL_MpP1p02,2
731,TL_MpP1p04,1
731,TL_MpP1p05,1
732,TL_MpP1p02,1
732,TL_MpP1p08,2
733,TL_MpP1p02,1
733,TL_MpP1p05,2
734,TL_MpP1p04,1
734,TL_MpP1p05,1
734,TL_MpP1p06,1
734,TX_MpP1p09,1
735,TL_MpP1p04,1
735,TL_MpP1p05,1
735,TL_MpP1p07,1
735,TL_MpP1p10,1
736,TL_MpP1p02,1
736,TL_MpP1p05,1
736,TL_MpP1p06,1
736,TL_MpP1p08,1
736,TL_MpP1p11,1
737,TL_MpP1p04,1
737,TL_MpP1p05,2
737,TX_MpP1p07,1
737,TL_MpP1p07,1
738,TL_MpP1p02,2
738,TL_MpP1p04,1
738,TX_MpP1p06,1
738,TL_MpP1p06,1
739,TL_MpP1p05,1
739,TL_MpP1p11,2
740,TL_MpP1p02,1
740,TL_MpP1p09,1
741,TL_MpP1p04,2
741,TL_MpP1p08,1
742,TL_MpP1p10,1
743,TL_MpP1p04,1
743,TL_MpP1p07,2
743,TL_MpP1p08,1
744,TL_MpP1p02,1
744,TL_MpP1p05,3
744,TL_MpP1p08,2
744,TL_MpP1p09,1
745,TL_MpP1p02,1
745,TL_MpP1p04,1
745,TL_MpP1p05,1
745,TL_MpP1p06,1
745,TL_MpP1p07,1
745,TL_MpP1p11,1
746,TL_MpP1p05,2
746,TL_MpP1p06,1
746,TL_MpP1p10,1
748,TL_MpP1p05,2
748,TL_MpP1p06,1
749,TX_MpP1p05,1
749,TL_MpP1p05,1
750,TL_MpP1p02,1
750,TX_MpP1p03,1
750,TL_MpP1p05,1
750,TL_MpP1p08,1
750,TL_MpP1p09,1
751,TL_MpP1p04,1
751,TL_MpP1p11,2
752,TL_MpP1p02,1
752,TL_MpP1p07,1
752,TL_MpP1p11,2
753,TL_MpP1p01,1
753,TL_MpP1p03,1
753,TL_MpP1p06,1
753,TL_MpP1p07,1
754,TX_MpP1p02,1
754,TL_MpP1p02,1
754,TL_MpP1p03,1
754,TL_MpP1p05,2
754,TL_MpP1p07,1
754,TL_MpP1p11,1
755,TL_MpP1p02,2
755,TL_MpP1p04,1
755,TL_MpP1p06,1
756,TL_MpP1p02,1
756,TL_MpP1p06,2
756,TL_MpP1p08,1
757,TL_MpP1p02,1
757,TL_MpP1p05,2
757,TL_MpP1p09,1
758,TL_MpP1p02,2
758,TL_MpP1p03,1
758,TL_MpP1p05,2
758,TL_MpP1p09,1
758,TL_MpP1p11,1
759,TL_MpP1p06,3
760,TL_MpP1p01,1
760,TL_MpP1p04,1
760,TL_MpP1p05,1
760,TL_MpP1p09,1
761,TL_MpP1p02,2
761,TL_MpP1p04,2
761,TL_MpP1p05,1
761,TL_MpP1p06,1
762,TL_MpP1p06,1
763,TL_MpP1p02,1
763,TL_MpP1p07,1
763,TL_MpP1p10,1
763,TL_MpP1p11,1
764,TL_MpP1p02,1
764,TL_MpP1p03,1
764,TL_MpP1p06,1
765,TL_MpP1p02,1
765,TL_MpP1p04,1
765,TL_MpP1p05,1
765,TL_MpP1p07,1
765,TL_MpP1p09,1
765,TX_MpP1p10,1
766,TL_MpP1p03,1
766,TL_MpP1p04,1
766,TL_MpP1p05,1
767,TX_MpP1p01,1
767,TL_MpP1p02,1
767,TL_MpP1p05,1
767,TL_MpP1p06,1
767,TL_MpP1p08,1
768,TL_MpP1p01,1
768,TL_MpP1p02,2
768,TL_MpP1p04,1
768,TL_MpP1p05,1
768,TL_MpP1p06,1
768,TL_MpP1p07,1
769,TL_MpP1p02,1
769,TL_MpP1p03,1
769,TL_MpP1p11,2
770,TX_MpP1p03,1
770,TL_MpP1p09,2
771,TL_MpP1p04,1
771,TL_MpP1p06,1
772,TL_MpP1p02,1
772,TL_MpP1p05,1
772,TL_MpP1p08,1
772,TL_MpP1p11,1
773,TL_MpP1p05,2
773,TL_MpP1p08,1
773,TL_MpP1p09,1
774,TL_MpP1p06,1
774,TL_MpP1p11,1
775,TL_MpP1p02,1
775,TL_MpP1p06,1
775,TL_MpP1p07,1
775,TL_MpP1p10,1
776,TL_MpP1p02,1
776,TL_MpP1p04,1
776,TL_MpP1p06,1
776,TL_MpP1p11,1
777,TL_MpP1p06,1
777,TL_MpP1p08,1
777,TL_MpP1p09,1
778,TX_MpP1p01,1
778,TL_MpP1p05,1
778,TL_MpP1p08,1
778,TL_MpP1p09,1
778,TL_MpP1p11,1
779,TL_MpP1p02,3
779,TL_MpP1p03,1
779,TL_MpP1p06,1
780,TL_MpP1p03,1
780,TL_MpP1p04,1
781,TL_MpP1p04,1
781,TL_MpP1p05,1
781,TL_MpP1p06,1
782,TL_MpP1p05,2
782,TL_MpP1p06,2
783,TL_MpP1p02,1
783,TL_MpP1p11,1
784,TL_MpP1p03,1
784,TL_MpP1p07,1
785,TL_MpP1p04,2
785,TL_MpP1p05,1
785,TL_MpP1p07,1
785,TL_MpP1p10,1
785,TL_MpP1p11,1
786,TL_MpP1p07,1
787,TL_MpP1p02,2
787,TL_MpP1p03,1
787,TL_MpP1p04,1
787,TX_MpP1p05,1
787,TL_MpP1p05,1
787,TL_MpP1p07,1
788,TX_MpP1p02,1
788,TL_MpP1p05,1
788,TX_MpP1p06,1
788,TL_MpP1p06,1
788,TL_MpP1p08,1
788,TL_MpP1p11,1
790,TL_MpP1p02,1
790,TL_MpP1p03,1
790,TX_MpP1p10,1
791,TL_MpP1p02,3
791,TL_MpP1p04,1
791,TL_MpP1p05,2
791,TL_MpP1p06,2
791,TL_MpP1p08,1
791,TL_MpP1p10,1
792,TL_MpP1p02,1
792,TL_MpP1p10,1
793,TL_MpP1p02,1
793,TL_MpP1p05,1
793,TL_MpP1p06,2
793,TL_MpP1p07,1
794,TL_MpP1p02,2
794,TL_MpP1p04,1
794,TL_MpP1p05,1
795,TL_MpP1p02,1
795,TL_MpP1p04,1
795,TL_MpP1p05,1
795,TL_MpP1p09,1
795,TL_MpP1p11,2
796,TX_MpP1p02,1
796,TL_MpP1p05,2
796,TL_MpP1p06,3
796,TX_MpP1p11,1
796,TL_MpP1p11,1
797,TL_MpP1p02,1
797,TL_MpP1p07,1
797,TL_MpP1p09,1
798,TL_MpP1p02,1
798,TL_MpP1p06,1
798,TL_MpP1p10,1
799,TX_MpP1p04,1
799,TL_MpP1p06,1
799,TL_MpP1p08,1
799,TL_MpP1p11,1
800,TL_MpP1p05,3
800,TL_MpP1p07,1
800,TL_MpP1p10,1
801,TL_MpP1p02,1
801,TL_MpP1p09,2
802,TL_MpP1p05,1
802,TL_MpP1p07,1
803,TL_MpP1p02,1
803,TL_MpP1p05,1
803,TL_MpP1p06,1
804,TL_MpP1p01,1
804,TL_MpP1p04,1
804,TL_MpP1p05,2
804,TL_MpP1p08,1
805,TL_MpP1p03,1
805,TL_MpP1p06,1
805,TL_MpP1p07,1
805,TL_MpP1p11,1
806,TL_MpP1p05,1
806,TX_MpP1p08,1
806,TL_MpP1p09,1
807,TL_MpP1p03,1
807,TL_MpP1p05,1
807,TL_MpP1p07,1
807,TL_MpP1p10,1
807,TX_MpP1p11,1
808,TX_MpP1p01,1
808,TL_MpP1p05,1
808,TL_MpP1p06,1
808,TL_MpP1p07,1
809,TL_MpP1p05,1
809,TL_MpP1p06,1
809,TL_MpP1p10,1
810,TL_MpP1p05,1
810,TL_MpP1p11,2
811,TL_MpP1p02,3
811,TL_MpP1p05,1
812,TL_MpP1p02,1
812,TL_MpP1p06,1
813,TL_MpP1p02,1
813,TL_MpP1p05,1
813,TL_MpP1p07,1
813,TL_MpP1p08,1
813,TL_MpP1p09,1
814,TL_MpP1p02,1
814,TL_MpP1p04,1
814,TL_MpP1p05,1
814,TL_MpP1p07,1
814,TL_MpP1p11,1
815,TL_MpP1p04,1
815,TL_MpP1p05,3
815,TL_MpP1p06,1
815,TX_MpP1p11,1
816,TL_MpP1p06,1
817,TL_MpP1p02,1
817,TL_MpP1p03,1
817,TL_MpP1p04,1
817,TL_MpP1p10,1
818,TL_MpP1p02,1
818,TL_MpP1p03,1
818,TL_MpP1p05,2
819,TL_MpP1p01,2
819,TL_MpP1p02,2
819,TL_MpP1p06,1
819,TL_MpP1p07,2
819,TL_MpP1p09,1
819,TL_MpP1p11,1
820,TL_MpP1p01,1
820,TL_MpP1p05,1
820,TL_MpP1p09,1
821,TL_MpP1p05,1
821,TL_MpP1p07,1
821,TX_MpP1p10,1
822,TL_MpP1p02,1
822,TL_MpP1p03,1
822,TL_MpP1p04,1
822,TL_MpP1p08,1
822,TL_MpP1p11,2
823,TL_MpP1p02,1
823,TL_MpP1p04,2
823,TL_MpP1p05,1
823,TL_MpP1p08,1
823,TL_MpP1p11,1
824,TL_MpP1p03,1
824,TL_MpP1p06,1
824,TL_MpP1p07,1
824,TL_MpP1p10,1
825,TL_MpP1p04,1
825,TL_MpP1p05,2
825,TL_MpP1p06,1
825,TX_MpP1p10,1
825,TX_MpP1p11,1
826,TL_MpP1p02,1
826,TL_MpP1p04,1
826,TL_MpP1p07,1
827,TL_MpP1p05,1
828,TL_MpP1p01,1
828,TL_MpP1p02,2
828,TL_MpP1p10,1
829,TL_MpP1p02,1
829,TX_MpP1p05,1
829,TL_MpP1p05,1
829,TL_MpP1p07,1
829,TL_MpP1p08,1
829,TL_MpP1p09,1
830,TL_MpP1p02,2
830,TL_MpP1p04,1
830,TL_MpP1p05,1
830,TL_MpP1p06,1
830,TL_MpP1p07,1
830,TL_MpP1p09,1
830,TL_MpP1p10,1
831,TL_MpP1p05,1
832,TX_MpP1p05,1
832,TL_MpP1p09,1
832,TL_MpP1p10,1
833,TL_MpP1p03,1
833,TL_MpP1p11,1
834,TL_MpP1p04,1
834,TL_MpP1p05,1
834,TL_MpP1p06,1
834,TL_MpP1p07,1
834,TL_MpP1p08,1
835,TL_MpP1p02,1
835,TL_MpP1p04,1
835,TL_MpP1p08,2
836,TL_MpP1p02,1
836,TX_MpP1p05,1
836,TL_MpP1p11,1
837,TL_MpP1p03,1
837,TL_MpP1p05,1
837,TL_MpP1p07,2
838,TL_MpP1p04,1
838,TL_MpP1p05,1
838,TL_MpP1p08,1
838,TL_MpP1p09,1
838,TL_MpP1p11,2
839,TL_MpP1p02,1
839,TL_MpP1p04,2
839,TL_MpP1p05,1
839,TL_MpP1p11,1
840,TL_MpP1p02,1
840,TL_MpP1p03,1
840,TL_MpP1p04,1
840,TL_MpP1p05,1
840,TL_MpP1p06,1
840,TL_MpP1p10,1
841,TL_MpP1p02,1
841,TL_MpP1p05,1
841,TL_MpP1p08,1
841,TL_MpP1p11,1
842,TL_MpP1p01,2
842,TL_MpP1p04,1
842,TL_MpP1p06,1
842,TL_MpP1p09,1
843,TL_MpP1p02,1
843,TL_MpP1p04,1
843,TL_MpP1p05,1
843,TL_MpP1p07,1
844,TL_MpP1p07,2
846,TL_MpP1p04,1
846,TL_MpP1p05,1
847,TL_MpP1p03,2
847,TL_MpP1p04,1
847,TL_MpP1p05,2
847,TL_MpP1p08,1
847,TX_MpP1p09,1
848,TL_MpP1p02,1
848,TL_MpP1p05,1
849,TL_MpP1p02,1
849,TL_MpP1p05,1
849,TL_MpP1p06,1
850,TL_MpP1p02,1
850,TL_MpP1p05,1
850,TL_MpP1p10,1
850,TL_MpP1p11,1
851,TX_MpP1p01,1
851,TL_MpP1p02,1
851,TL_MpP1p05,1
851,TL_MpP1p06,1
851,TL_MpP1p11,1
852,TL_MpP1p04,1
852,TL_MpP1p05,2
852,TL_MpP1p11,2
853,TL_MpP1p01,1
853,TL_MpP1p02,1
853,TL_MpP1p10,1
853,TL_MpP1p11,1
854,TL_MpP1p02,4
854,TL_MpP1p08,1
854,TL_MpP1p11,1
855,TL_MpP1p04,1
855,TL_MpP1p05,2
855,TL_MpP1p07,1
855,TL_MpP1p08,2
856,TL_MpP1p03,1
856,TL_MpP1p11,1
857,TX_MpP1p02,1
857,TL_MpP1p04,1
857,TL_MpP1p05,1
857,TL_MpP1p06,1
857,TL_MpP1p10,1
858,TX_MpP1p02,1
858,TL_MpP1p02,3
859,TX_MpP1p03,1
859,TL_MpP1p05,2
859,TL_MpP1p10,1
859,TL_MpP1p11,3
860,TL_MpP1p11,1
861,TL_MpP1p06,1
861,TL_MpP1p10,1
861,TL_MpP1p11,1
862,TL_MpP1p02,1
862,TL_MpP1p04,1
862,TL_MpP1p06,1
862,TL_MpP1p11,2
863,TL_MpP1p01,1
863,TL_MpP1p05,2
863,TL_MpP1p07,1
863,TX_MpP1p09,1
863,TL_MpP1p11,1
864,TL_MpP1p02,1
864,TL_MpP1p05,1
864,TL_MpP1p06,1
864,TX_MpP1p10,1
864,TL_MpP1p10,1
865,TL_MpP1p02,1
865,TL_MpP1p03,1
865,TL_MpP1p06,1
865,TL_MpP1p08,1
866,TL_MpP1p02,2
866,TL_MpP1p05,1
866,TL_MpP1p11,1
867,TL_MpP1p02,2
867,TL_MpP1p04,1
867,TL_MpP1p05,1
867,TL_MpP1p06,2
867,TL_MpP1p08,1
867,TL_MpP1p09,2
868,TL_MpP1p02,1
868,TL_MpP1p10,1
868,TL_MpP1p11,2
869,TL_MpP1p03,1
869,TL_MpP1p08,1
870,TL_MpP1p02,1
870,TL_MpP1p05,1
870,TL_MpP1p10,1
871,TL_MpP1p01,1
871,TL_MpP1p02,1
871,TL_MpP1p03,1
871,TL_MpP1p04,1
871,TL_MpP1p05,1
872,TL_MpP1p02,2
872,TL_MpP1p06,1
873,TL_MpP1p03,1
873,TX_MpP1p04,1
873,TL_MpP1p04,1
873,TL_MpP1p10,1
874,TX_MpP1p03,1
874,TX_MpP1p04,1
874,TL_MpP1p05,2
874,TL_MpP1p10,1
875,TL_MpP1p02,2
875,TL_MpP1p08,1
875,TL_MpP1p11,1
876,TL_MpP1p09,1
877,TL_MpP1p02,1
877,TL_MpP1p03,2
877,TL_MpP1p07,1
877,TL_MpP1p11,1
878,TL_MpP1p03,1
878,TL_MpP1p04,1
879,TL_MpP1p02,2
879,TL_MpP1p05,3
879,TL_MpP1p06,1
880,TL_MpP1p02,1
881,TL_MpP1p02,1
881,TL_MpP1p03,1
882,TL_MpP1p08,1
882,TL_MpP1p10,1
883,TL_MpP1p02,2
883,TL_MpP1p05,1
883,TL_MpP1p07,1
883,TX_MpP1p08,1
883,TL_MpP1p09,1
884,TX_MpP1p09,1
884,TL_MpP1p09,1
885,TL_MpP1p02,1
885,TX_MpP1p04,1
885,TL_MpP1p04,1
885,TL_MpP1p10,1
886,TL_MpP1p02,1
886,TL_MpP1p03,1
886,TL_MpP1p04,1
886,TL_MpP1p06,1
886,TL_MpP1p08,1
887,TL_MpP1p01,1
887,TL_MpP1p03,1
887,TL_MpP1p05,2
887,TL_MpP1p07,1
887,TL_MpP1p09,1
888,TL_MpP1p05,1
888,TL_MpP1p06,1
889,TX_MpP1p05,1
889,TL_MpP1p05,1
889,TL_MpP1p11,1
890,TL_MpP1p02,1
890,TL_MpP1p05,1
890,TX_MpP1p09,1
891,TL_MpP1p04,1
891,TL_MpP1p09,1
892,TL_MpP1p03,1
892,TL_MpP1p04,1
892,TL_MpP1p05,2
892,TL_MpP1p10,1
892,TX_MpP1p11,1
892,TL_MpP1p11,2
893,TX_MpP1p04,1
893,TL_MpP1p06,1
893,TL_MpP1p11,1
894,TL_MpP1p04,2
894,TL_MpP1p08,1
894,TL_MpP1p10,2
894,TX_MpP1p11,1
894,TL_MpP1p11,2
895,TL_MpP1p02,2
895,TL_MpP1p06,2
895,TL_MpP1p09,1
896,TL_MpP1p04,1
896,TL_MpP1p06,1
896,TL_MpP1p11,1
897,TL_MpP1p05,2
897,TL_MpP1p10,1
898,TX_MpP1p01,1
898,TX_MpP1p02,1
898,TL_MpP1p02,1
898,TL_MpP1p05,1
898,TL_MpP1p07,1
898,TL_MpP1p09,1
899,TL_MpP1p04,3
899,TX_MpP1p06,1
899,TL_MpP1p11,2
900,TL_MpP1p02,3
900,TL_MpP1p06,1
901,TL_MpP1p04,1
901,TL_MpP1p06,1
901,TL_MpP1p09,1
902,TL_MpP1p02,1
902,TL_MpP1p03,1
902,TL_MpP1p04,1
902,TL_MpP1p05,1
902,TX_MpP1p07,1
902,TL_MpP1p09,2
903,TL_MpP1p01,2
904,TL_MpP1p04,1
904,TL_MpP1p06,1
904,TX_MpP1p11,1
904,TL_MpP1p11,1
905,TL_MpP1p02,2
905,TL_MpP1p03,2
905,TX_MpP1p11,1
906,TL_MpP1p05,2
906,TX_MpP1p08,1
906,TL_MpP1p09,1
907,TL_MpP1p02,3
907,TL_MpP1p04,2
908,TL_MpP1p08,1
908,TL_MpP1p09,1
909,TL_MpP1p01,1
909,TX_MpP1p02,1
909,TL_MpP1p02,2
909,TL_MpP1p03,2
910,TL_MpP1p04,1
910,TL_MpP1p06,1
910,TX_MpP1p10,1
910,TL_MpP1p10,1
911,TL_MpP1p02,1
911,TL_MpP1p04,2
911,TL_MpP1p06,1
911,TL_MpP1p10,1
912,TL_MpP1p05,1
912,TL_MpP1p06,1
912,TL_MpP1p09,1
912,TL_MpP1p11,1
913,TL_MpP1p01,1
913,TL_MpP1p06,1
913,TL_MpP1p08,1
913,TL_MpP1p10,1
913,TL_MpP1p11,1
914,TL_MpP1p03,1
914,TL_MpP1p04,2
915,TL_MpP1p02,2
915,TX_MpP1p05,1
915,TL_MpP1p06,1
915,TL_MpP1p07,1
915,TL_MpP1p11,1
916,TL_MpP1p04,1
917,TL_MpP1p02,1
917,TL_MpP1p06,2
918,TL_MpP1p02,1
918,TL_MpP1p03,1
918,TL_MpP1p04,1
918,TL_MpP1p05,1
918,TL_MpP1p08,3
919,TX_MpP1p02,1
919,TL_MpP1p02,1
919,TL_MpP1p04,1
919,TL_MpP1p05,1
919,TX_MpP1p06,1
919,TL_MpP1p06,2
919,TL_MpP1p07,1
919,TL_MpP1p10,1
920,TL_MpP1p02,1
920,TL_MpP1p03,1
920,TL_MpP1p05,1
920,TL_MpP1p06,1
920,TL_MpP1p08,1
920,TL_MpP1p10,1
920,TL_MpP1p11,3
921,TL_MpP1p02,2
921,TL_MpP1p04,1
921,TL_MpP1p05,1
921,TX_MpP1p07,1
921,TX_MpP1p08,1
922,TX_MpP1p01,1
922,TX_MpP1p02,1
922,TL_MpP1p02,1
922,TL_MpP1p05,1
922,TL_MpP1p06,1
922,TL_MpP1p08,1
922,TL_MpP1p09,1
922,TL_MpP1p10,1
922,TL_MpP1p11,2
923,TX_MpP1p02,1
923,TL_MpP1p02,2
923,TL_MpP1p04,2
923,TX_MpP1p06,1
924,TL_MpP1p02,3
924,TL_MpP1p06,2
924,TL_MpP1p07,1
924,TL_MpP1p10,1
925,TX_MpP1p02,1
925,TL_MpP1p04,1
925,TL_MpP1p05,1
925,TL_MpP1p09,1
925,TL_MpP1p10,1
926,TL_MpP1p03,1
926,TL_MpP1p04,3
926,TL_MpP1p05,1
927,TX_MpP1p04,1
927,TL_MpP1p05,1
927,TL_MpP1p09,1
927,TX_MpP1p11,1
927,TL_MpP1p11,1
928,TL_MpP1p02,2
928,TX_MpP1p03,2
928,TL_MpP1p04,1
928,TL_MpP1p05,1
929,TL_MpP1p02,2
930,TL_MpP1p02,1
930,TL_MpP1p03,1
930,TL_MpP1p04,1
930,TX_MpP1p08,1
930,TL_MpP1p11,1
931,TL_MpP1p02,2
931,TL_MpP1p07,1
931,TX_MpP1p11,1
932,TL_MpP1p01,1
932,TL_MpP1p02,2
932,TL_MpP1p04,1
932,TL_MpP1p06,2
932,TL_MpP1p07,1
933,TX_MpP1p02,1
933,TL_MpP1p02,1
933,TL_MpP1p06,1
933,TL_MpP1p08,1
933,TL_MpP1p11,2
934,TL_MpP1p02,2
934,TL_MpP1p04,2
934,TX_MpP1p05,1
934,TL_MpP1p08,1
934,TL_MpP1p09,1
935,TL_MpP1p02,1
935,TX_MpP1p04,1
935,TL_MpP1p04,1
935,TL_MpP1p08,1
935,TX_MpP1p10,1
936,TL_MpP1p03,1
936,TL_MpP1p04,1
936,TX_MpP1p06,1
936,TL_MpP1p06,1
936,TL_MpP1p07,1
936,TL_MpP1p08,1
936,TL_MpP1p11,1
937,TL_MpP1p01,1
937,TL_MpP1p05,1
937,TX_MpP1p06,1
937,TL_MpP1p07,1
937,TX_MpP1p09,1
937,TL_MpP1p10,2
938,TL_MpP1p02,1
938,TL_MpP1p04,2
938,TL_MpP1p05,1
938,TL_MpP1p10,1
938,TL_MpP1p11,1
939,TL_MpP1p02,1
939,TL_MpP1p03,1
939,TL_MpP1p05,2
939,TL_MpP1p06,2
939,TL_MpP1p10,1
939,TL_MpP1p11,1
940,TX_MpP1p03,1
940,TL_MpP1p03,1
940,TL_MpP1p05,1
940,TL_MpP1p10,2
941,TL_MpP1p01,1
941,TL_MpP1p02,1
941,TL_MpP1p03,1
941,TL_MpP1p08,1
941,TL_MpP1p11,1
942,TL_MpP1p02,6
942,TL_MpP1p09,1
943,TL_MpP1p02,1
943,TL_MpP1p03,1
943,TL_MpP1p05,1
943,TL_MpP1p06,4
943,TL_MpP1p09,1
943,TL_MpP1p10,1
944,TX_MpP1p06,1
944,TL_MpP1p07,1
945,TL_MpP1p01,2
945,TL_MpP1p02,1
945,TX_MpP1p04,1
945,TL_MpP1p04,1
945,TL_MpP1p08,1
945,TX_MpP1p09,1
945,TL_MpP1p11,1
946,TX_MpP1p05,1
946,TL_MpP1p05,1
946,TL_MpP1p06,2
946,TL_MpP1p08,1
947,TL_MpP1p02,1
947,TL_MpP1p03,1
947,TL_MpP1p07,1
947,TX_MpP1p09,1
948,TL_MpP1p08,1
948,TX_MpP1p11,1
948,TL_MpP1p11,1
949,TL_MpP1p02,1
949,TX_MpP1p03,1
949,TL_MpP1p04,3
949,TL_MpP1p05,1
949,TL_MpP1p06,3
949,TX_MpP1p10,1
949,TL_MpP1p11,1
950,TL_MpP1p01,1
950,TL_MpP1p02,1
950,TL_MpP1p03,1
950,TL_MpP1p05,1
950,TX_MpP1p10,1
950,TL_MpP1p11,2
951,TL_MpP1p02,4
951,TL_MpP1p04,1
951,TL_MpP1p08,1
951,TL_MpP1p10,1
952,TL_MpP1p01,1
952,TL_MpP1p02,2
952,TL_MpP1p04,1
952,TL_MpP1p07,2
952,TL_MpP1p09,1
952,TL_MpP1p11,1
953,TX_MpP1p06,1
953,TL_MpP1p06,3
953,TL_MpP1p10,1
953,TL_MpP1p11,3
954,TX_MpP1p01,1
954,TL_MpP1p02,1
954,TL_MpP1p04,1
954,TL_MpP1p05,1
955,TL_MpP1p02,1
955,TL_MpP1p04,1
955,TL_MpP1p05,1
955,TL_MpP1p06,1
956,TL_MpP1p02,2
956,TL_MpP1p03,1
956,TL_MpP1p05,2
956,TL_MpP1p06,2
957,TL_MpP1p02,1
957,TL_MpP1p05,1
957,TX_MpP1p11,1
957,TL_MpP1p11,1
958,TL_MpP1p02,2
958,TL_MpP1p04,1
958,TL_MpP1p06,1
958,TL_MpP1p07,1
958,TL_MpP1p08,1
958,TL_MpP1p09,2
958,TL_MpP1p10,1
959,TL_MpP1p02,1
959,TL_MpP1p04,1
959,TL_MpP1p05,1
959,TX_MpP1p06,1
959,TL_MpP1p06,1
959,TL_MpP1p09,1
960,TL_MpP1p02,3
960,TL_MpP1p04,1
960,TL_MpP1p05,1
960,TX_MpP1p08,1
960,TL_MpP1p11,3
961,TL_MpP1p02,1
961,TL_MpP1p06,3
961,TL_MpP1p07,1
961,TX_MpP1p09,1
961,TL_MpP1p10,1
962,TX_MpP1p01,1
962,TL_MpP1p04,1
962,TL_MpP1p05,1
962,TL_MpP1p06,1
962,TL_MpP1p09,1
962,TL_MpP1p11,1
963,TL_MpP1p02,1
963,TL_MpP1p03,1
963,TX_MpP1p04,1
963,TL_MpP1p04,2
963,TL_MpP1p05,1
963,TX_MpP1p07,2
963,TX_MpP1p08,1
963,TL_MpP1p09,1
963,TX_MpP1p10,1
963,TL_MpP1p11,2
964,TL_MpP1p02,1
964,TL_MpP1p04,1
964,TL_MpP1p05,2
964,TL_MpP1p06,1
964,TL_MpP1p08,1
965,TL_MpP1p03,1
965,TL_MpP1p09,1
965,TL_MpP1p11,2
966,TL_MpP1p02,2
966,TL_MpP1p06,1
966,TX_MpP1p10,1
967,TL_MpP1p01,1
967,TL_MpP1p04,1
967,TL_MpP1p05,1
967,TL_MpP1p06,2
967,TL_MpP1p09,2
967,TL_MpP1p10,2
967,TX_MpP1p11,1
968,TL_MpP1p01,1
968,TL_MpP1p04,1
968,TL_MpP1p06,3
968,TL_MpP1p07,1
968,TL_MpP1p08,1
968,TL_MpP1p11,1
969,TL_MpP1p01,1
969,TL_MpP1p03,2
969,TL_MpP1p07,1
969,TL_MpP1p09,1
969,TL_MpP1p10,1
969,TX_MpP1p11,1
970,TL_MpP1p02,3
970,TL_MpP1p06,3
970,TX_MpP1p11,1
971,TL_MpP1p03,1
971,TL_MpP1p04,1
971,TX_MpP1p06,1
971,TL_MpP1p06,1
971,TL_MpP1p07,1
971,TL_MpP1p08,1
971,TL_MpP1p09,1
971,TL_MpP1p11,2
972,TL_MpP1p02,1
972,TL_MpP1p04,1
972,TX_MpP1p06,1
973,TL_MpP1p03,1
973,TX_MpP1p04,1
973,TL_MpP1p04,1
973,TL_MpP1p06,1
973,TX_MpP1p10,2
973,TL_MpP1p11,1
974,TL_MpP1p02,1
974,TL_MpP1p04,1
974,TL_MpP1p06,1
974,TL_MpP1p08,1
974,TL_MpP1p10,1
974,TL_MpP1p11,1
975,TL_MpP1p04,1
975,TL_MpP1p06,1
975,TL_MpP1p08,2
975,TL_MpP1p09,2
975,TL_MpP1p10,1
975,TL_MpP1p11,1
976,TL_MpP1p01,2
976,TL_MpP1p02,2
976,TL_MpP1p03,2
976,TX_MpP1p04,1
976,TL_MpP1p04,1
976,TL_MpP1p06,1
976,TL_MpP1p09,1
976,TL_MpP1p11,1
977,TL_MpP1p02,1
977,TX_MpP1p06,1
977,TL_MpP1p08,1
977,TL_MpP1p10,1
978,TL_MpP1p05,2
978,TL_MpP1p06,1
978,TX_MpP1p09,1
978,TL_MpP1p11,1
979,TX_MpP1p04,1
979,TL_MpP1p04,1
979,TX_MpP1p05,1
979,TL_MpP1p05,1
979,TL_MpP1p06,1
979,TL_MpP1p07,1
979,TL_MpP1p08,1
979,TL_MpP1p09,1
979,TL_MpP1p11,4
980,TL_MpP1p01,1
980,TL_MpP1p02,1
980,TL_MpP1p03,1
980,TL_MpP1p04,1
980,TL_MpP1p06,2
980,TL_MpP1p07,1
980,TL_MpP1p09,1
980,TL_MpP1p10,1
980,TX_MpP1p11,1
981,TL_MpP1p01,1
981,TL_MpP1p02,4
981,TL_MpP1p03,1
981,TL_MpP1p04,2
981,TL_MpP1p06,1
981,TX_MpP1p07,1
981,TL_MpP1p11,2
982,TX_MpP1p02,1
982,TL_MpP1p02,1
982,TL_MpP1p05,2
982,TL_MpP1p08,1
982,TX_MpP1p11,1
982,TL_MpP1p11,1
983,TL_MpP1p06,1
983,TL_MpP1p07,1
983,TL_MpP1p08,1
983,TL_MpP1p10,1
983,TL_MpP1p11,1
984,TL_MpP1p02,1
984,TL_MpP1p03,1
984,TL_MpP1p04,1
984,TL_MpP1p05,1
984,TL_MpP1p06,1
984,TL_MpP1p07,1
984,TL_MpP1p09,1
984,TL_MpP1p11,1
985,TL_MpP1p04,1
985,TL_MpP1p07,2
985,TL_MpP1p08,1
985,TL_MpP1p10,2
986,TL_MpP1p01,1
986,TX_MpP1p10,1
986,TL_MpP1p11,1
987,TL_MpP1p02,1
987,TX_MpP1p04,1
987,TL_MpP1p05,1
987,TL_MpP1p06,2
987,TL_MpP1p07,1
987,TL_MpP1p11,4
988,TL_MpP1p02,1
988,TL_MpP1p06,2
988,TL_MpP1p08,1
988,TL_MpP1p11,1
989,TL_MpP1p02,1
989,TL_MpP1p05,2
989,TL_MpP1p06,1
990,TL_MpP1p02,2
990,TX_MpP1p06,1
990,TL_MpP1p06,1
990,TL_MpP1p10,1
990,TL_MpP1p11,1
991,TL_MpP1p01,1
991,TL_MpP1p02,1
991,TX_MpP1p05,1
991,TL_MpP1p06,1
991,TL_MpP1p07,1
991,TX_MpP1p09,1
991,TL_MpP1p09,1
991,TL_MpP1p10,2
991,TL_MpP1p11,2
992,TL_MpP1p04,4
992,TL_MpP1p05,2
992,TL_MpP1p06,1
992,TL_MpP1p11,4
993,TL_MpP1p02,4
993,TL_MpP1p03,1
993,TL_MpP1p04,2
993,TL_MpP1p05,1
993,TL_MpP1p06,1
993,TX_MpP1p09,1
993,TX_MpP1p10,1
993,TL_MpP1p11,2
994,TL_MpP1p02,2
994,TL_MpP1p03,2
994,TX_MpP1p04,1
994,TL_MpP1p05,2
994,TL_MpP1p07,1
994,TL_MpP1p08,2
994,TL_MpP1p10,1
994,TL_MpP1p11,1
995,TX_MpP1p01,1
995,TL_MpP1p02,1
995,TL_MpP1p04,1
995,TX_MpP1p05,1
995,TL_MpP1p07,1
995,TL_MpP1p10,1
995,TL_MpP1p11,1
996,TL_MpP1p04,1
996,TL_MpP1p05,2
996,TL_MpP1p06,2
996,TL_MpP1p09,1
996,TL_MpP1p10,1
996,TL_MpP1p11,3
997,TL_MpP1p02,1
997,TL_MpP1p03,1
997,TX_MpP1p06,1
997,TL_MpP1p06,1
997,TL_MpP1p08,1
997,TL_MpP1p09,2
997,TL_MpP1p10,1
998,TX_MpP1p01,1
998,TL_MpP1p06,1
998,TL_MpP1p07,1
998,TL_MpP1p08,1
998,TL_MpP1p10,2
999,TX_MpP1p01,1
999,TX_MpP1p05,1
999,TX_MpP1p10,1
999,TL_MpP1p11,1
1000,TL_MpP1p01,1
1000,TX_MpP1p03,1
1000,TL_MpP1p05,1
1000,TX_MpP1p07,1
1000,TL_MpP1p10,1
1000,TL_MpP1p11,2
1001,TL_MpP1p02,3
1001,TL_MpP1p05,4
1001,TL_MpP1p06,4
1001,TL_MpP1p07,1
1001,TL_MpP1p08,1
1001,TL_MpP1p11,1
1002,TL_MpP1p02,1
1002,TL_MpP1p04,1
1002,TL_MpP1p05,1
1002,TL_MpP1p07,1
1002,TL_MpP1p09,1
1003,TL_MpP1p02,1
1003,TL_MpP1p04,1
1003,TL_MpP1p06,1
1003,TL_MpP1p09,1
1003,TL_MpP1p11,1
1004,TL_MpP1p06,2
1004,TX_MpP1p08,1
1004,TL_MpP1p09,1
1004,TL_MpP1p11,1
1005,TL_MpP1p02,1
1005,TL_MpP1p03,1
1005,TL_MpP1p04,1
1005,TX_MpP1p05,1
1005,TL_MpP1p05,1
1005,TL_MpP1p06,2
1005,TL_MpP1p07,1
1005,TX_MpP1p09,2
1005,TL_MpP1p11,3
1006,TL_MpP1p05,2
1006,TL_MpP1p06,2
1006,TL_MpP1p09,1
1006,TL_MpP1p10,1
1007,TL_MpP1p02,1
1007,TL_MpP1p04,1
1007,TL_MpP1p05,2
1007,TX_MpP1p06,1
1007,TL_MpP1p06,1
1007,TL_MpP1p09,1
1007,TL_MpP1p10,1
1007,TL_MpP1p11,1
1008,TL_MpP1p02,1
1008,TL_MpP1p05,3
1008,TL_MpP1p06,2
1008,TL_MpP1p07,1
1008,TL_MpP1p09,2
1008,TL_MpP1p10,1
1008,TL_MpP1p11,2
1009,TL_MpP1p02,2
1009,TL_MpP1p03,1
1009,TL_MpP1p04,2
1009,TL_MpP1p06,1
1009,TL_MpP1p07,1
1009,TX_MpP1p11,1
1009,TL_MpP1p11,2
1010,TX_MpP1p02,1
1010,TL_MpP1p02,3
1010,TL_MpP1p04,2
1010,TL_MpP1p05,2
1010,TL_MpP1p06,1
1010,TL_MpP1p07,1
1010,TL_MpP1p09,1
1011,TL_MpP1p02,2
1011,TL_MpP1p04,1
1011,TL_MpP1p05,2
1011,TL_MpP1p06,2
1011,TL_MpP1p07,1
1011,TX_MpP1p08,1
1011,TL_MpP1p08,2
1012,TL_MpP1p01,1
1012,TL_MpP1p04,1
1012,TL_MpP1p06,3
1012,TL_MpP1p08,1
1012,TL_MpP1p10,1
1012,TL_MpP1p11,1
1013,TL_MpP1p02,2
1013,TL_MpP1p04,1
1013,TX_MpP1p05,1
1013,TL_MpP1p05,1
1013,TX_MpP1p06,1
1013,TL_MpP1p07,1
1013,TL_MpP1p08,2
1013,TL_MpP1p09,1
1013,TX_MpP1p11,1
1013,TL_MpP1p11,1
1014,TX_MpP1p01,1
1014,TL_MpP1p02,2
1014,TX_MpP1p03,1
1014,TL_MpP1p08,2
1014,TX_MpP1p09,1
1014,TL_MpP1p10,1
1014,TL_MpP1p11,1
1015,TL_MpP1p02,1
1015,TL_MpP1p03,1
1015,TL_MpP1p05,1
1015,TX_MpP1p06,2
1015,TL_MpP1p10,1
1015,TL_MpP1p11,3
1016,TL_MpP1p01,1
1016,TL_MpP1p04,1
1016,TL_MpP1p07,1
1016,TL_MpP1p10,1
1016,TL_MpP1p11,1
1017,TL_MpP1p01,1
1017,TL_MpP1p02,3
1017,TL_MpP1p03,1
1017,TL_MpP1p04,1
1017,TL_MpP1p06,2
1017,TL_MpP1p08,1
1017,TL_MpP1p10,1
1018,TL_MpP1p02,1
1018,TL_MpP1p03,1
1018,TL_MpP1p05,3
1018,TL_MpP1p06,2
1018,TL_MpP1p07,1
1018,TL_MpP1p08,1
1018,TL_MpP1p09,1
1018,TL_MpP1p11,1
1019,TL_MpP1p02,1
1019,TL_MpP1p03,1
1019,TL_MpP1p04,1
1019,TL_MpP1p05,2
1019,TL_MpP1p06,2
1019,TL_MpP1p09,2
1019,TL_MpP1p10,1
1019,TL_MpP1p11,1
1020,TX_MpP1p01,1
1020,TL_MpP1p02,1
1020,TL_MpP1p05,1
1020,TL_MpP1p06,1
1020,TL_MpP1p08,1
1020,TL_MpP1p10,1
1020,TL_MpP1p11,1
1021,TL_MpP1p02,1
1021,TL_MpP1p03,1
1021,TL_MpP1p04,1
1021,TL_MpP1p05,1
1021,TL_MpP1p10,1
1021,TX_MpP1p11,1
1021,TL_MpP1p11,1
1022,TX_MpP1p02,1
1022,TL_MpP1p02,3
1022,TL_MpP1p04,1
1022,TX_MpP1p05,1
1022,TL_MpP1p05,2
1022,TL_MpP1p07,1
1022,TX_MpP1p08,1
1022,TL_MpP1p08,1
1023,TL_MpP1p03,1
1023,TL_MpP1p04,1
1023,TX_MpP1p05,1
1023,TL_MpP1p06,1
1023,TL_MpP1p09,1
1023,TL_MpP1p11,2
1024,TL_MpP1p03,2
1024,TL_MpP1p04,1
1024,TL_MpP1p06,1
1024,TL_MpP1p08,2
1024,TL_MpP1p10,1
1024,TX_MpP1p11,1
1024,TL_MpP1p11,2
1025,TX_MpP1p05,1
1025,TL_MpP1p05,1
1025,TL_MpP1p06,1
1025,TL_MpP1p08,1
1025,TX_MpP1p09,2
1026,TL_MpP1p02,1
1026,TL_MpP1p03,1
1026,TL_MpP1p04,1
1026,TX_MpP1p09,1
1026,TL_MpP1p10,1
1026,TL_MpP1p11,2
1027,TL_MpP1p02,3
1027,TL_MpP1p03,1
1027,TL_MpP1p04,1
1027,TL_MpP1p06,2
1027,TL_MpP1p11,2
1028,TL_MpP1p02,1
1028,TL_MpP1p06,1
1028,TL_MpP1p09,2
1028,TL_MpP1p10,2
1029,TL_MpP1p02,1
1029,TL_MpP1p05,2
1029,TX_MpP1p08,1
1029,TL_MpP1p08,1
1029,TX_MpP1p10,1
1029,TL_MpP1p11,2
1030,TL_MpP1p04,1
1030,TL_MpP1p05,1
1030,TL_MpP1p06,1
1030,TL_MpP1p08,1
1030,TX_MpP1p10,1
1030,TL_MpP1p11,1
1031,TL_MpP1p02,4
1031,TL_MpP1p04,1
1031,TL_MpP1p05,1
1031,TL_MpP1p06,2
1031,TL_MpP1p09,2
1031,TL_MpP1p11,1
1032,TL_MpP1p03,3
1032,TL_MpP1p04,2
1032,TL_MpP1p05,3
1032,TL_MpP1p07,1
1032,TL_MpP1p09,1
1032,TX_MpP1p11,1
1032,TL_MpP1p11,1
1033,TL_MpP1p02,1
1033,TX_MpP1p03,1
1033,TL_MpP1p03,1
1033,TL_MpP1p05,1
1033,TX_MpP1p06,1
1033,TL_MpP1p10,1
1033,TL_MpP1p11,2
1034,TX_MpP1p03,1
1034,TL_MpP1p04,1
1034,TL_MpP1p05,2
1034,TL_MpP1p06,1
1034,TL_MpP1p08,1
1034,TX_MpP1p09,1
1034,TL_MpP1p09,1
1034,TL_MpP1p10,1
1034,TL_MpP1p11,2
1035,TL_MpP1p01,2
1035,TL_MpP1p02,1
1035,TL_MpP1p04,1
1035,TL_MpP1p05,1
1035,TL_MpP1p06,4
1035,TL_MpP1p08,2
1035,TL_MpP1p11,1
1036,TL_MpP1p02,2
1036,TL_MpP1p03,1
1036,TL_MpP1p05,2
1036,TL_MpP1p06,1
1036,TL_MpP1p10,1
1037,TX_MpP1p04,1
1037,TL_MpP1p04,1
1037,TL_MpP1p06,2
1037,TL_MpP1p08,2
1037,TX_MpP1p10,1
1037,TL_MpP1p10,1
1038,TL_MpP1p01,1
1038,TX_MpP1p02,1
1038,TL_MpP1p02,1
1038,TL_MpP1p05,1
1038,TL_MpP1p08,2
1038,TL_MpP1p10,2
1038,TL_MpP1p11,1
1039,TX_MpP1p03,1
1039,TL_MpP1p03,1
1039,TL_MpP1p04,2
1039,TL_MpP1p05,1
1039,TX_MpP1p06,1
1039,TL_MpP1p06,1
1039,TL_MpP1p07,3
1039,TL_MpP1p08,1
1039,TX_MpP1p09,1
1039,TL_MpP1p11,1
1040,TL_MpP1p04,2
1040,TL_MpP1p05,1
1040,TL_MpP1p09,1
1040,TL_MpP1p10,1
1041,TL_MpP1p02,3
1041,TL_MpP1p03,1
1041,TL_MpP1p05,1
1041,TL_MpP1p06,1
1041,TX_MpP1p07,1
1041,TL_MpP1p10,1
1042,TL_MpP1p01,1
1042,TL_MpP1p02,1
1042,TX_MpP1p03,1
1042,TL_MpP1p04,1
1042,TX_MpP1p05,1
1042,TL_MpP1p06,2
1042,TL_MpP1p09,1
1042,TL_MpP1p10,1
1042,TX_MpP1p11,1
1042,TL_MpP1p11,2
1043,TL_MpP1p02,2
1043,TL_MpP1p03,1
1043,TL_MpP1p05,2
1043,TL_MpP1p06,1
1043,TX_MpP1p07,1
1043,TL_MpP1p07,1
1043,TL_MpP1p09,3
1043,TX_MpP1p11,1
1043,TL_MpP1p11,1
1044,TL_MpP1p02,1
1044,TL_MpP1p03,4
1044,TL_MpP1p04,1
1044,TL_MpP1p06,1
1044,TX_MpP1p08,1
1044,TL_MpP1p11,4
1045,TL_MpP1p01,1
1045,TX_MpP1p02,1
1045,TL_MpP1p02,2
1045,TL_MpP1p03,1
1045,TL_MpP1p04,3
1045,TL_MpP1p05,2
1045,TL_MpP1p06,1
1045,TL_MpP1p07,1
1045,TX_MpP1p08,1
1045,TL_MpP1p09,1
1046,TL_MpP1p04,1
1046,TL_MpP1p06,4
1046,TL_MpP1p09,1
1046,TL_MpP1p11,1
1047,TL_MpP1p02,2
1047,TL_MpP1p04,3
1047,TL_MpP1p05,2
1047,TL_MpP1p06,1
1047,TX_MpP1p07,1
1047,TX_MpP1p09,1
1047,TL_MpP1p09,2
1047,TX_MpP1p10,1
1047,TL_MpP1p11,1
1048,TL_MpP1p02,1
1048,TL_MpP1p06,3
1048,TL_MpP1p07,1
1048,TL_MpP1p08,1
1048,TL_MpP1p10,1
1048,TL_MpP1p11,3
1049,TL_MpP1p01,1
1049,TX_MpP1p02,1
1049,TL_MpP1p03,2
1049,TL_MpP1p04,1
1049,TL_MpP1p06,3
1049,TL_MpP1p10,1
1049,TL_MpP1p11,2
1050,TL_MpP1p02,1
1050,TL_MpP1p03,1
1050,TL_MpP1p05,2
1050,TX_MpP1p07,1
1050,TL_MpP1p09,1
1050,TL_MpP1p10,1
1050,TX_MpP1p11,1
1051,TL_MpP1p03,1
1051,TL_MpP1p05,1
1051,TL_MpP1p06,2
1051,TL_MpP1p10,1
1051,TL_MpP1p11,2
1052,TL_MpP1p02,1
1052,TL_MpP1p04,2
1052,TL_MpP1p05,1
1052,TL_MpP1p06,2
1052,TL_MpP1p08,2
1052,TL_MpP1p10,1
1052,TL_MpP1p11,1
1053,TL_MpP1p03,1
1053,TL_MpP1p04,2
1053,TL_MpP1p05,3
1053,TL_MpP1p06,2
1053,TX_MpP1p07,1
1053,TL_MpP1p08,2
1053,TL_MpP1p10,1
1053,TX_MpP1p11,2
1053,TL_MpP1p11,1
1054,TX_MpP1p02,1
1054,TL_MpP1p02,2
1054,TL_MpP1p03,1
1054,TL_MpP1p04,2
1054,TX_MpP1p06,1
1054,TL_MpP1p06,1
1054,TL_MpP1p07,3
1054,TL_MpP1p08,3
1054,TL_MpP1p09,1
1054,TL_MpP1p11,1
1055,TL_MpP1p02,1
1055,TL_MpP1p03,2
1055,TL_MpP1p05,2
1055,TL_MpP1p09,2
1055,TL_MpP1p10,1
1055,TX_MpP1p11,1
1055,TL_MpP1p11,1
1056,TL_MpP1p02,3
1056,TL_MpP1p04,3
1056,TL_MpP1p05,1
1056,TL_MpP1p06,3
1056,TL_MpP1p09,2
1056,TL_MpP1p10,1
1056,TL_MpP1p11,1
1057,TX_MpP1p03,1
1057,TL_MpP1p03,1
1057,TL_MpP1p05,1
1057,TX_MpP1p06,1
1057,TL_MpP1p06,2
1057,TL_MpP1p07,2
1057,TL_MpP1p08,1
1057,TL_MpP1p10,1
1057,TX_MpP1p11,1
1057,TL_MpP1p11,3
1058,TL_MpP1p02,1
1058,TL_MpP1p03,1
1058,TL_MpP1p04,1
1058,TL_MpP1p05,3
1058,TL_MpP1p10,1
1058,TL_MpP1p11,1
1059,TL_MpP1p02,1
1059,TL_MpP1p03,2
1059,TL_MpP1p04,1
1059,TL_MpP1p05,1
1059,TL_MpP1p06,2
1059,TL_MpP1p09,2
1059,TL_MpP1p10,1
1059,TL_MpP1p11,1
1060,TL_MpP1p02,1
1060,TX_MpP1p03,1
1060,TL_MpP1p06,1
1060,TX_MpP1p08,1
1060,TL_MpP1p08,2
1060,TL_MpP1p11,1
1061,TL_MpP1p01,1
1061,TL_MpP1p04,1
1061,TL_MpP1p05,1
1061,TX_MpP1p06,1
1061,TL_MpP1p06,2
1061,TL_MpP1p08,1
1061,TL_MpP1p09,1
1061,TL_MpP1p10,1
1061,TL_MpP1p11,4
1062,TL_MpP1p02,1
1062,TL_MpP1p03,2
1062,TL_MpP1p05,4
1062,TL_MpP1p07,1
1062,TX_MpP1p09,1
1062,TL_MpP1p09,2
1062,TX_MpP1p10,1
1062,TL_MpP1p10,1
1062,TL_MpP1p11,2
1063,TL_MpP1p02,3
1063,TL_MpP1p03,1
1063,TL_MpP1p05,5
1063,TL_MpP1p06,2
1063,TX_MpP1p09,1
1063,TL_MpP1p09,1
1064,TL_MpP1p02,1
1064,TL_MpP1p03,1
1064,TL_MpP1p06,2
1064,TL_MpP1p09,2
1064,TL_MpP1p11,1
1065,TX_MpP1p01,1
1065,TL_MpP1p02,2
1065,TL_MpP1p04,1
1065,TL_MpP1p05,1
1065,TL_MpP1p06,1
1065,TL_MpP1p07,1
1065,TL_MpP1p08,1
1065,TX_MpP1p09,1
1065,TL_MpP1p09,1
1065,TL_MpP1p10,1
1065,TX_MpP1p11,1
1066,TL_MpP1p02,1
1066,TL_MpP1p03,2
1066,TX_MpP1p06,1
1066,TL_MpP1p08,1
1066,TL_MpP1p11,2
1067,TL_MpP1p01,1
1067,TL_MpP1p03,1
1067,TL_MpP1p04,1
1067,TL_MpP1p05,1
1067,TL_MpP1p06,1
1067,TL_MpP1p07,3
1067,TX_MpP1p10,1
1067,TL_MpP1p11,1
1068,TX_MpP1p01,1
1068,TL_MpP1p02,1
1068,TL_MpP1p03,1
1068,TL_MpP1p04,2
1068,TX_MpP1p05,1
1068,TL_MpP1p05,2
1068,TL_MpP1p07,1
1068,TL_MpP1p08,1
1068,TL_MpP1p09,1
1068,TL_MpP1p11,2
1069,TL_MpP1p02,1
1069,TX_MpP1p03,1
1069,TL_MpP1p04,1
1069,TL_MpP1p06,1
1069,TL_MpP1p07,1
1069,TL_MpP1p09,1
1069,TL_MpP1p11,2
1070,TL_MpP1p02,3
1070,TL_MpP1p03,1
1070,TL_MpP1p06,3
1070,TL_MpP1p07,1
1070,TL_MpP1p09,1
1070,TL_MpP1p10,2
1070,TX_MpP1p11,1
1070,TL_MpP1p11,3
1071,TL_MpP1p01,2
1071,TL_MpP1p02,2
1071,TL_MpP1p03,2
1071,TL_MpP1p06,3
1071,TL_MpP1p08,2
1071,TL_MpP1p11,3
1072,TL_MpP1p01,1
1072,TL_MpP1p02,3
1072,TL_MpP1p03,2
1072,TL_MpP1p04,1
1072,TL_MpP1p05,5
1072,TL_MpP1p06,1
1072,TL_MpP1p09,1
1072,TL_MpP1p11,1
1073,TL_MpP1p02,2
1073,TL_MpP1p03,3
1073,TL_MpP1p04,2
1073,TL_MpP1p05,1
1073,TL_MpP1p06,2
1073,TL_MpP1p07,2
1073,TL_MpP1p08,1
1073,TL_MpP1p10,1
1073,TL_MpP1p11,1
1074,TL_MpP1p01,1
1074,TX_MpP1p02,1
1074,TX_MpP1p05,1
1074,TL_MpP1p05,2
1074,TL_MpP1p06,1
1074,TL_MpP1p07,1
1074,TL_MpP1p08,1
1074,TL_MpP1p09,1
1074,TL_MpP1p10,2
1074,TL_MpP1p11,5
1075,TX_MpP1p03,1
1075,TL_MpP1p03,1
1075,TX_MpP1p04,1
1075,TL_MpP1p05,2
1075,TL_MpP1p08,1
1075,TL_MpP1p09,1
1075,TX_MpP1p10,1
1076,TL_MpP1p01,1
1076,TL_MpP1p04,1
1076,TL_MpP1p05,2
1076,TL_MpP1p06,1
1076,TL_MpP1p08,3
1076,TL_MpP1p11,5
1077,TL_MpP1p02,1
1077,TL_MpP1p04,1
1077,TL_MpP1p05,2
1077,TL_MpP1p06,1
1077,TX_MpP1p10,1
1077,TL_MpP1p11,1
1078,TL_MpP1p04,1
1078,TX_MpP1p06,1
1078,TL_MpP1p06,2
1078,TL_MpP1p07,1
1078,TL_MpP1p09,1
1078,TL_MpP1p11,2
1079,TX_MpP1p01,1
1079,TL_MpP1p01,1
1079,TL_MpP1p04,1
1079,TL_MpP1p05,1
1079,TL_MpP1p06,3
1079,TL_MpP1p07,2
1079,TX_MpP1p08,1
1079,TL_MpP1p11,2
1080,TX_MpP1p01,1
1080,TL_MpP1p02,1
1080,TL_MpP1p03,2
1080,TX_MpP1p05,1
1080,TL_MpP1p05,1
1080,TL_MpP1p06,1
1080,TL_MpP1p07,1
1080,TL_MpP1p09,1
1080,TL_MpP1p10,1
1080,TL_MpP1p11,3
1081,TL_MpP1p02,4
1081,TX_MpP1p03,1
1081,TL_MpP1p03,2
1081,TL_MpP1p04,1
1081,TL_MpP1p05,1
1081,TL_MpP1p07,1
1081,TX_MpP1p08,2
1081,TX_MpP1p10,2
1081,TL_MpP1p10,1
1081,TX_MpP1p11,1
1081,TL_MpP1p11,3
1082,TL_MpP1p02,1
1082,TL_MpP1p04,1
1082,TL_MpP1p06,2
1082,TL_MpP1p07,1
1082,TL_MpP1p08,1
1082,TL_MpP1p09,1
1082,TL_MpP1p11,5
1083,TL_MpP1p02,2
1083,TL_MpP1p03,1
1083,TL_MpP1p04,1
1083,TL_MpP1p06,1
1083,TL_MpP1p07,2
1083,TL_MpP1p09,3
1083,TL_MpP1p11,3
1084,TX_MpP1p01,1
1084,TX_MpP1p05,1
1084,TL_MpP1p05,3
1084,TL_MpP1p07,1
1084,TL_MpP1p08,1
1084,TX_MpP1p09,1
1084,TX_MpP1p10,1
1084,TL_MpP1p11,1
1085,TL_MpP1p01,1
1085,TX_MpP1p02,1
1085,TL_MpP1p02,1
1085,TL_MpP1p05,2
1085,TL_MpP1p06,1
1085,TX_MpP1p09,1
1085,TL_MpP1p10,2
1085,TX_MpP1p11,1
1085,TL_MpP1p11,1
1086,TX_MpP1p02,1
1086,TL_MpP1p02,2
1086,TL_MpP1p04,1
1086,TL_MpP1p05,1
1086,TL_MpP1p06,3
1086,TL_MpP1p08,2
1086,TL_MpP1p09,1
1087,TL_MpP1p02,1
1087,TL_MpP1p03,1
1087,TX_MpP1p08,1
1087,TL_MpP1p08,1
1087,TL_MpP1p09,1
1087,TL_MpP1p10,1
1087,TL_MpP1p11,1
1088,TL_MpP1p02,1
1088,TL_MpP1p03,1
1088,TL_MpP1p06,2
1088,TL_MpP1p07,2
1088,TL_MpP1p10,2
1088,TL_MpP1p11,3
1089,TX_MpP1p02,1
1089,TX_MpP1p04,1
1089,TL_MpP1p06,2
1089,TX_MpP1p08,1
1089,TL_MpP1p09,1
1089,TL_MpP1p11,2
1090,TL_MpP1p02,2
1090,TL_MpP1p04,1
1090,TL_MpP1p05,1
1090,TL_MpP1p06,3
1090,TX_MpP1p07,1
1090,TL_MpP1p08,1
1090,TL_MpP1p10,1
1090,TL_MpP1p11,2
1091,TX_MpP1p01,1
1091,TL_MpP1p03,2
1091,TL_MpP1p05,3
1091,TL_MpP1p08,4
1091,TX_MpP1p09,2
1091,TL_MpP1p09,1
1091,TL_MpP1p10,1
1091,TL_MpP1p11,3
1092,TL_MpP1p03,1
1092,TL_MpP1p04,1
1092,TL_MpP1p05,1
1092,TL_MpP1p06,1
1092,TL_MpP1p08,2
1092,TL_MpP1p10,1
1092,TX_MpP1p11,1
1093,TX_MpP1p01,1
1093,TL_MpP1p02,1
1093,TL_MpP1p03,1
1093,TX_MpP1p04,1
1093,TL_MpP1p05,3
1093,TL_MpP1p06,2
1093,TL_MpP1p08,2
1093,TL_MpP1p09,2
1093,TL_MpP1p10,1
1093,TL_MpP1p11,1
1094,TL_MpP1p02,1
1094,TL_MpP1p03,1
1094,TL_MpP1p05,1
1094,TL_MpP1p06,1
1094,TL_MpP1p07,1
1094,TX_MpP1p08,1
1094,TL_MpP1p08,2
1094,TL_MpP1p09,1
1094,TL_MpP1p11,5
1095,TL_MpP1p01,1
1095,TL_MpP1p02,5
1095,TL_MpP1p04,1
1095,TX_MpP1p05,1
1095,TL_MpP1p05,2
1095,TL_MpP1p06,4
1095,TL_MpP1p07,2
1095,TL_MpP1p08,1
1095,TL_MpP1p09,1
1095,TL_MpP1p10,1
1095,TL_MpP1p11,5
1096,TL_MpP1p02,3
1096,TL_MpP1p03,1
1096,TL_MpP1p05,1
1096,TL_MpP1p09,1
1096,TL_MpP1p11,1
1097,TL_MpP1p02,1
1097,TL_MpP1p03,2
1097,TL_MpP1p04,2
1097,TL_MpP1p05,2
1097,TL_MpP1p06,1
1097,TL_MpP1p07,1
1097,TL_MpP1p08,1
1097,TL_MpP1p10,2
1098,TL_MpP1p02,3
1098,TX_MpP1p03,1
1098,TX_MpP1p05,1
1098,TL_MpP1p06,1
1098,TL_MpP1p11,2
1099,TL_MpP1p01,1
1099,TL_MpP1p02,3
1099,TX_MpP1p03,1
1099,TL_MpP1p03,1
1099,TX_MpP1p05,1
1099,TL_MpP1p05,1
1099,TL_MpP1p06,2
1099,TL_MpP1p08,1
1099,TL_MpP1p09,4
1099,TL_MpP1p11,2
1100,TX_MpP1p02,1
1100,TX_MpP1p03,1
1100,TL_MpP1p03,1
1100,TL_MpP1p05,2
1100,TX_MpP1p06,1
1100,TL_MpP1p06,2
1100,TX_MpP1p10,1
1100,TL_MpP1p11,3
1101,TL_MpP1p02,2
1101,TL_MpP1p03,1
1101,TX_MpP1p04,1
1101,TL_MpP1p05,1
1101,TX_MpP1p06,1
1101,TL_MpP1p07,1
1101,TL_MpP1p08,1
1101,TL_MpP1p09,1
1101,TL_MpP1p10,2
1101,TX_MpP1p11,1
1101,TL_MpP1p11,2
1102,TL_MpP1p02,1
1102,TL_MpP1p04,2
1102,TL_MpP1p05,2
1102,TL_MpP1p06,2
1102,TL_MpP1p07,1
1102,TL_MpP1p08,1
1102,TL_MpP1p09,2
1102,TL_MpP1p10,1
1102,TL_MpP1p11,2
1103,TL_MpP1p02,3
1103,TL_MpP1p04,1
1103,TX_MpP1p05,1
1103,TL_MpP1p06,1
1103,TL_MpP1p07,1
1103,TX_MpP1p10,1
1103,TL_MpP1p10,2
1103,TL_MpP1p11,2
1104,TX_MpP1p01,1
1104,TL_MpP1p01,2
1104,TX_MpP1p02,2
1104,TL_MpP1p02,1
1104,TL_MpP1p03,2
1104,TL_MpP1p04,1
1104,TX_MpP1p06,1
1104,TL_MpP1p06,1
1104,TL_MpP1p07,1
1104,TL_MpP1p08,1
1104,TL_MpP1p09,1
1105,TL_MpP1p02,3
1105,TX_MpP1p03,1
1105,TL_MpP1p03,2
1105,TL_MpP1p04,1
1105,TL_MpP1p06,3
1105,TL_MpP1p10,2
1106,TL_MpP1p02,4
1106,TL_MpP1p03,2
1106,TL_MpP1p04,1
1106,TL_MpP1p05,2
1106,TL_MpP1p06,1
1106,TL_MpP1p09,2
1106,TL_MpP1p11,2
1107,TL_MpP1p02,1
1107,TL_MpP1p03,1
1107,TX_MpP1p04,1
1107,TL_MpP1p05,2
1107,TX_MpP1p06,1
1107,TL_MpP1p09,2
1107,TL_MpP1p10,1
1107,TL_MpP1p11,4
1108,TL_MpP1p02,1
1108,TL_MpP1p03,2
1108,TL_MpP1p04,1
1108,TL_MpP1p05,1
1108,TL_MpP1p06,1
1108,TL_MpP1p08,1
1108,TL_MpP1p09,1
1108,TL_MpP1p11,1
1109,TL_MpP1p03,1
1109,TL_MpP1p05,2
1109,TL_MpP1p06,1
1109,TL_MpP1p07,1
1109,TL_MpP1p08,1
1109,TX_MpP1p09,1
1109,TX_MpP1p11,1
1109,TL_MpP1p11,1
1110,TL_MpP1p01,1
1110,TL_MpP1p02,1
1110,TL_MpP1p03,1
1110,TL_MpP1p05,3
1110,TL_MpP1p06,3
1110,TL_MpP1p08,1
1110,TL_MpP1p11,1
1111,TX_MpP1p02,1
1111,TL_MpP1p03,2
1111,TL_MpP1p05,2
1111,TX_MpP1p06,1
1111,TL_MpP1p06,4
1111,TL_MpP1p07,1
1111,TL_MpP1p08,1
1111,TL_MpP1p10,1
1111,TX_MpP1p11,1
1111,TL_MpP1p11,2
1112,TX_MpP1p02,1
1112,TL_MpP1p02,1
1112,TL_MpP1p03,2
1112,TL_MpP1p04,2
1112,TX_MpP1p05,1
1112,TL_MpP1p05,2
1112,TL_MpP1p06,3
1112,TL_MpP1p08,1
1112,TL_MpP1p11,1
1113,TL_MpP1p01,1
1113,TL_MpP1p02,3
1113,TL_MpP1p03,1
1113,TL_MpP1p06,2
1113,TL_MpP1p11,2
1114,TX_MpP1p01,1
1114,TL_MpP1p02,3
1114,TX_MpP1p03,1
1114,TL_MpP1p03,5
1114,TL_MpP1p04,1
1114,TL_MpP1p05,1
1114,TL_MpP1p09,1
1114,TL_MpP1p11,1
1115,TL_MpP1p02,4
1115,TL_MpP1p03,1
1115,TL_MpP1p05,2
1115,TX_MpP1p06,1
1115,TX_MpP1p07,1
1115,TL_MpP1p07,1
1115,TX_MpP1p08,1
1115,TL_MpP1p08,1
1115,TL_MpP1p09,3
1115,TL_MpP1p10,1
1115,TL_MpP1p11,2
1116,TL_MpP1p03,1
1116,TL_MpP1p04,2
1116,TL_MpP1p05,1
1116,TL_MpP1p06,1
1116,TL_MpP1p08,1
1116,TL_MpP1p09,2
1116,TL_MpP1p10,1
1117,TL_MpP1p01,2
1117,TL_MpP1p02,2
1117,TL_MpP1p03,1
1117,TL_MpP1p04,2
1117,TX_MpP1p05,1
1117,TL_MpP1p05,1
1117,TL_MpP1p06,3
1117,TL_MpP1p08,1
1117,TL_MpP1p09,2
1117,TL_MpP1p10,2
1117,TL_MpP1p11,2
1118,TL_MpP1p02,1
1118,TL_MpP1p05,4
1118,TL_MpP1p08,1
1118,TL_MpP1p10,3
1118,TL_MpP1p11,1
1119,TX_MpP1p01,1
1119,TL_MpP1p01,1
1119,TL_MpP1p02,2
1119,TL_MpP1p03,1
1119,TX_MpP1p05,1
1119,TL_MpP1p08,1
1119,TX_MpP1p10,2
1120,TL_MpP1p01,1
1120,TL_MpP1p02,1
1120,TL_MpP1p03,1
1120,TL_MpP1p04,1
1120,TX_MpP1p05,1
1120,TL_MpP1p05,1
1120,TL_MpP1p06,3
1120,TL_MpP1p07,1
1120,TL_MpP1p08,2
1120,TL_MpP1p10,1
1120,TL_MpP1p11,6
1121,TX_MpP1p01,1
1121,TL_MpP1p02,1
1121,TL_MpP1p03,2
1121,TX_MpP1p07,1
1121,TL_MpP1p08,1
1121,TL_MpP1p09,1
1121,TL_MpP1p11,1
1122,TL_MpP1p02,1
1122,TL_MpP1p03,1
1122,TL_MpP1p04,1
1122,TL_MpP1p05,2
1122,TL_MpP1p06,1
1122,TL_MpP1p08,1
1122,TL_MpP1p09,1
1122,TX_MpP1p10,1
1122,TL_MpP1p10,1
1123,TL_MpP1p02,2
1123,TL_MpP1p03,1
1123,TL_MpP1p05,2
1123,TL_MpP1p06,5
1123,TL_MpP1p07,1
1123,TX_MpP1p08,2
1123,TX_MpP1p09,1
1123,TL_MpP1p09,1
1123,TX_MpP1p10,1
1123,TL_MpP1p10,1
1123,TL_MpP1p11,2
1124,TL_MpP1p02,1
1124,TL_MpP1p03,2
1124,TL_MpP1p04,1
1124,TL_MpP1p05,2
1124,TL_MpP1p06,2
1124,TL_MpP1p08,1
1124,TL_MpP1p11,1
1125,TL_MpP1p02,3
1125,TL_MpP1p03,3
1125,TL_MpP1p04,2
1125,TL_MpP1p05,2
1125,TL_MpP1p06,2
1125,TL_MpP1p08,2
1125,TL_MpP1p09,3
1125,TL_MpP1p11,1
1126,TL_MpP1p03,2
1126,TL_MpP1p04,2
1126,TL_MpP1p05,2
1126,TX_MpP1p06,1
1126,TL_MpP1p06,1
1126,TL_MpP1p07,1
1126,TX_MpP1p10,1
1126,TL_MpP1p10,2
1126,TL_MpP1p11,3
1127,TL_MpP1p01,1
1127,TL_MpP1p04,1
1127,TL_MpP1p05,2
1127,TL_MpP1p10,1
1127,TL_MpP1p11,1
1128,TL_MpP1p01,1
1128,TL_MpP1p02,2
1128,TL_MpP1p03,4
1128,TL_MpP1p05,2
1128,TL_MpP1p06,3
1128,TL_MpP1p07,1
1128,TL_MpP1p08,1
1128,TL_MpP1p10,1
1128,TL_MpP1p11,2
1129,TL_MpP1p01,1
1129,TL_MpP1p02,2
1129,TX_MpP1p05,1
1129,TL_MpP1p05,2
1129,TL_MpP1p10,1
1129,TL_MpP1p11,3
1130,TL_MpP1p02,1
1130,TL_MpP1p03,3
1130,TL_MpP1p04,1
1130,TL_MpP1p05,1
1130,TX_MpP1p07,1
1130,TX_MpP1p08,1
1130,TL_MpP1p08,1
1130,TL_MpP1p10,1
1130,TL_MpP1p11,3
1131,TL_MpP1p01,1
1131,TL_MpP1p02,1
1131,TL_MpP1p03,2
1131,TL_MpP1p05,3
1131,TL_MpP1p06,3
1131,TL_MpP1p09,1
1131,TL_MpP1p10,1
1131,TL_MpP1p11,1
1132,TL_MpP1p01,1
1132,TL_MpP1p02,3
1132,TL_MpP1p03,1
1132,TL_MpP1p06,3
1132,TL_MpP1p08,2
1132,TL_MpP1p09,2
1132,TL_MpP1p11,2
1133,TX_MpP1p01,1
1133,TL_MpP1p01,1
1133,TX_MpP1p02,2
1133,TL_MpP1p02,3
1133,TX_MpP1p03,1
1133,TL_MpP1p03,1
1133,TL_MpP1p04,1
1133,TX_MpP1p05,1
1133,TL_MpP1p06,2
1133,TX_MpP1p08,1
1133,TL_MpP1p09,2
1133,TL_MpP1p10,2
1133,TL_MpP1p11,1
1134,TL_MpP1p02,1
1134,TL_MpP1p03,2
1134,TX_MpP1p04,1
1134,TX_MpP1p05,2
1134,TL_MpP1p05,4
1134,TX_MpP1p06,1
1134,TL_MpP1p06,2
1134,TL_MpP1p07,2
1134,TL_MpP1p08,2
1134,TL_MpP1p10,1
1134,TX_MpP1p11,1
1134,TL_MpP1p11,2
1135,TL_MpP1p02,3
1135,TL_MpP1p03,2
1135,TL_MpP1p04,1
1135,TL_MpP1p05,3
1135,TL_MpP1p08,2
1135,TL_MpP1p09,2
1135,TL_MpP1p11,2
1136,TL_MpP1p01,1
1136,TL_MpP1p02,3
1136,TL_MpP1p03,4
1136,TL_MpP1p06,1
1136,TX_MpP1p10,1
1137,TL_MpP1p02,2
1137,TX_MpP1p03,1
1137,TL_MpP1p03,1
1137,TL_MpP1p04,2
1137,TL_MpP1p05,2
1137,TL_MpP1p06,3
1137,TL_MpP1p07,1
1137,TL_MpP1p10,2
1137,TL_MpP1p11,2
1138,TX_MpP1p01,1
1138,TL_MpP1p01,1
1138,TL_MpP1p02,2
1138,TL_MpP1p05,2
1138,TL_MpP1p06,2
1138,TL_MpP1p09,1
1138,TL_MpP1p11,3
1139,TX_MpP1p01,1
1139,TL_MpP1p02,1
1139,TL_MpP1p04,2
1139,TX_MpP1p05,1
1139,TL_MpP1p05,1
1139,TL_MpP1p06,1
1139,TX_MpP1p10,1
1139,TL_MpP1p10,1
1139,TL_MpP1p11,1
1140,TL_MpP1p01,1
1140,TL_MpP1p03,3
1140,TL_MpP1p05,2
1140,TL_MpP1p06,2
1140,TL_MpP1p07,2
1140,TL_MpP1p08,1
1140,TL_MpP1p09,3
1140,TX_MpP1p11,1
1141,TL_MpP1p03,2
1141,TL_MpP1p05,3
1141,TL_MpP1p06,3
1141,TL_MpP1p08,1
1141,TL_MpP1p09,2
1141,TL_MpP1p10,1
1142,TL_MpP1p01,3
1142,TL_MpP1p02,1
1142,TX_MpP1p04,1
1142,TL_MpP1p04,1
1142,TL_MpP1p05,1
1142,TL_MpP1p06,2
1142,TL_MpP1p08,1
1142,TL_MpP1p09,1
1142,TL_MpP1p10,1
1142,TL_MpP1p11,3
1143,TL_MpP1p01,1
1143,TL_MpP1p02,3
1143,TL_MpP1p04,1
1143,TX_MpP1p05,1
1143,TX_MpP1p06,1
1143,TL_MpP1p06,3
1143,TL_MpP1p08,2
1143,TL_MpP1p09,1
1143,TL_MpP1p10,1
1143,TL_MpP1p11,3
1144,TL_MpP1p03,1
1144,TL_MpP1p05,3
1144,TX_MpP1p06,1
1144,TL_MpP1p08,2
1144,TL_MpP1p09,1
1144,TX_MpP1p10,2
1144,TL_MpP1p10,2
1144,TL_MpP1p11,1
1145,TL_MpP1p01,1
1145,TL_MpP1p02,3
1145,TL_MpP1p06,3
1145,TL_MpP1p07,2
1145,TL_MpP1p08,4
1145,TL_MpP1p10,1
1145,TL_MpP1p11,1
1146,TL_MpP1p01,1
1146,TL_MpP1p02,1
1146,TL_MpP1p03,2
1146,TL_MpP1p05,3
1146,TL_MpP1p06,2
1146,TL_MpP1p08,1
1146,TL_MpP1p09,1
1147,TL_MpP1p01,1
1147,TL_MpP1p02,2
1147,TL_MpP1p03,1
1147,TL_MpP1p04,1
1147,TX_MpP1p05,1
1147,TL_MpP1p05,2
1147,TL_MpP1p07,1
1147,TL_MpP1p08,2
1147,TL_MpP1p10,1
1147,TX_MpP1p11,1
1147,TL_MpP1p11,1
1148,TL_MpP1p02,2
1148,TL_MpP1p03,1
1148,TL_MpP1p04,1
1148,TX_MpP1p05,1
1148,TL_MpP1p05,3
1148,TL_MpP1p06,3
1148,TL_MpP1p07,1
1148,TL_MpP1p08,1
1148,TL_MpP1p09,1
1148,TL_MpP1p10,3
1148,TL_MpP1p11,1
1149,TL_MpP1p01,2
1149,TL_MpP1p02,1
1149,TL_MpP1p03,5
1149,TL_MpP1p05,3
1149,TX_MpP1p06,2
1149,TL_MpP1p07,1
1149,TL_MpP1p08,1
1149,TL_MpP1p09,2
1149,TX_MpP1p10,1
1149,TL_MpP1p10,1
1150,TL_MpP1p02,3
1150,TL_MpP1p03,1
1150,TL_MpP1p05,5
1150,TX_MpP1p06,1
1150,TL_MpP1p06,2
1150,TX_MpP1p07,1
1150,TL_MpP1p08,1
1150,TL_MpP1p11,1
1151,TL_MpP1p02,3
1151,TL_MpP1p03,1
1151,TL_MpP1p04,1
1151,TL_MpP1p05,1
1151,TL_MpP1p06,6
1151,TL_MpP1p07,1
1151,TX_MpP1p09,1
1151,TL_MpP1p10,1
1151,TX_MpP1p11,1
1151,TL_MpP1p11,4
1152,TL_MpP1p02,2
1152,TL_MpP1p03,1
1152,TL_MpP1p05,2
1152,TL_MpP1p06,1
1152,TL_MpP1p07,1
1152,TL_MpP1p08,2
1152,TL_MpP1p09,1
1152,TL_MpP1p10,1
1152,TL_MpP1p11,3
1153,TL_MpP1p03,1
1153,TL_MpP1p05,1
1153,TL_MpP1p06,3
1153,TL_MpP1p07,1
1153,TL_MpP1p08,1
1153,TL_MpP1p10,1
1153,TL_MpP1p11,2
1154,TL_MpP1p01,1
1154,TL_MpP1p03,1
1154,TL_MpP1p04,2
1154,TL_MpP1p05,4
1154,TL_MpP1p06,1
1154,TL_MpP1p07,1
1154,TL_MpP1p08,2
1154,TL_MpP1p09,1
1154,TL_MpP1p10,2
1154,TL_MpP1p11,2
1155,TL_MpP1p02,2
1155,TL_MpP1p03,3
1155,TX_MpP1p04,1
1155,TL_MpP1p04,1
1155,TL_MpP1p07,1
1155,TL_MpP1p10,1
1155,TX_MpP1p11,2
1155,TL_MpP1p11,1
1156,TL_MpP1p02,1
1156,TL_MpP1p03,1
1156,TL_MpP1p04,1
1156,TL_MpP1p05,2
1156,TL_MpP1p06,1
1156,TL_MpP1p07,2
1156,TL_MpP1p08,1
1156,TL_MpP1p09,1
1156,TL_MpP1p10,2
1156,TL_MpP1p11,2
1157,TX_MpP1p02,1
1157,TL_MpP1p02,1
1157,TX_MpP1p04,1
1157,TL_MpP1p04,1
1157,TL_MpP1p05,1
1157,TL_MpP1p08,2
1157,TX_MpP1p10,1
1157,TX_MpP1p11,1
1158,TL_MpP1p02,2
1158,TL_MpP1p03,2
1158,TL_MpP1p05,1
1158,TL_MpP1p06,3
1158,TL_MpP1p07,4
1158,TL_MpP1p08,1
1158,TL_MpP1p09,1
1158,TL_MpP1p11,3
1159,TX_MpP1p01,1
1159,TL_MpP1p01,1
1159,TL_MpP1p02,2
1159,TL_MpP1p03,1
1159,TL_MpP1p05,2
1159,TL_MpP1p06,3
1159,TL_MpP1p07,2
1159,TL_MpP1p09,1
1159,TL_MpP1p10,1
1159,TL_MpP1p11,2
1160,TX_MpP1p01,1
1160,TL_MpP1p01,1
1160,TL_MpP1p03,2
1160,TL_MpP1p11,3
1161,TL_MpP1p01,1
1161,TL_MpP1p02,2
1161,TL_MpP1p03,1
1161,TL_MpP1p04,1
1161,TL_MpP1p05,4
1161,TL_MpP1p06,2
1161,TX_MpP1p07,1
1161,TL_MpP1p07,1
1161,TL_MpP1p08,2
1161,TL_MpP1p09,1
1161,TX_MpP1p10,1
1161,TL_MpP1p10,1
1161,TX_MpP1p11,1
1161,TL_MpP1p11,2
1162,TL_MpP1p02,1
1162,TL_MpP1p03,1
1162,TL_MpP1p04,1
1162,TX_MpP1p05,2
1162,TL_MpP1p05,1
1162,TL_MpP1p06,1
1162,TL_MpP1p07,1
1162,TX_MpP1p08,1
1162,TL_MpP1p10,2
1162,TL_MpP1p11,1
1163,TL_MpP1p01,1
1163,TL_MpP1p02,1
1163,TL_MpP1p05,1
1163,TL_MpP1p06,4
1163,TX_MpP1p07,1
1163,TL_MpP1p10,1
1163,TL_MpP1p11,3
1164,TX_MpP1p01,1
1164,TL_MpP1p02,1
1164,TL_MpP1p03,1
1164,TL_MpP1p05,3
1164,TL_MpP1p08,1
1164,TL_MpP1p09,2
1164,TL_MpP1p10,2
1164,TL_MpP1p11,3
1165,TL_MpP1p02,3
1165,TL_MpP1p03,1
1165,TL_MpP1p05,3
1165,TX_MpP1p06,1
1165,TL_MpP1p06,2
1165,TL_MpP1p07,2
1165,TL_MpP1p08,2
1165,TL_MpP1p10,2
1165,TL_MpP1p11,2
1166,TX_MpP1p02,1
1166,TL_MpP1p02,1
1166,TL_MpP1p03,1
1166,TL_MpP1p05,2
1166,TL_MpP1p06,2
1166,TX_MpP1p07,1
1166,TL_MpP1p10,2
1166,TL_MpP1p11,3
1167,TL_MpP1p02,2
1167,TX_MpP1p03,1
1167,TL_MpP1p03,1
1167,TL_MpP1p04,1
1167,TX_MpP1p05,1
1167,TL_MpP1p05,2
1167,TL_MpP1p06,1
1167,TL_MpP1p07,2
1167,TL_MpP1p08,1
1167,TL_MpP1p09,1
1167,TL_MpP1p11,3
1168,TL_MpP1p01,1
1168,TX_MpP1p02,1
1168,TL_MpP1p02,3
1168,TL_MpP1p03,1
1168,TX_MpP1p04,2
1168,TL_MpP1p04,1
1168,TL_MpP1p05,1
1168,TL_MpP1p06,3
1168,TX_MpP1p07,1
1168,TL_MpP1p07,1
1168,TL_MpP1p09,1
1169,TL_MpP1p01,1
1169,TL_MpP1p02,1
1169,TL_MpP1p03,1
1169,TX_MpP1p04,1
1169,TX_MpP1p05,1
1169,TL_MpP1p05,2
1169,TL_MpP1p06,3
1169,TL_MpP1p08,3
1169,TL_MpP1p11,1
1170,TL_MpP1p01,1
1170,TL_MpP1p03,1
1170,TL_MpP1p04,2
1170,TL_MpP1p05,2
1170,TL_MpP1p06,3
1170,TL_MpP1p08,2
1170,TL_MpP1p10,1
1170,TL_MpP1p11,1
1171,TX_MpP1p01,1
1171,TL_MpP1p02,2
1171,TL_MpP1p03,2
1171,TL_MpP1p05,3
1171,TL_MpP1p06,1
1171,TL_MpP1p07,1
1171,TL_MpP1p08,1
1171,TL_MpP1p09,1
1171,TL_MpP1p10,1
1171,TL_MpP1p11,2
1172,TL_MpP1p02,2
1172,TL_MpP1p03,2
1172,TL_MpP1p06,2
1172,TX_MpP1p07,2
1172,TL_MpP1p08,2
1172,TL_MpP1p09,1
1173,TX_MpP1p02,2
1173,TL_MpP1p02,1
1173,TL_MpP1p04,2
1173,TL_MpP1p05,2
1173,TL_MpP1p06,1
1173,TL_MpP1p08,1
1173,TL_MpP1p09,2
1173,TL_MpP1p10,1
1173,TL_MpP1p11,1
1174,TL_MpP1p01,1
1174,TX_MpP1p02,1
1174,TL_MpP1p02,2
1174,TL_MpP1p03,1
1174,TL_MpP1p05,2
1174,TL_MpP1p06,2
1174,TL_MpP1p07,3
1174,TL_MpP1p08,1
1174,TL_MpP1p10,2
1175,TL_MpP1p01,2
1175,TL_MpP1p02,3
1175,TL_MpP1p03,3
1175,TL_MpP1p05,2
1175,TL_MpP1p06,1
1175,TL_MpP1p07,1
1175,TL_MpP1p08,1
1175,TL_MpP1p09,1
1175,TL_MpP1p10,1
1175,TX_MpP1p11,1
1175,TL_MpP1p11,4
1176,TL_MpP1p01,1
1176,TL_MpP1p02,2
1176,TL_MpP1p03,1
1176,TL_MpP1p05,1
1176,TL_MpP1p06,1
1176,TL_MpP1p08,4
1176,TL_MpP1p09,2
1176,TL_MpP1p10,1
1176,TL_MpP1p11,4
1177,TL_MpP1p01,1
1177,TL_MpP1p02,1
1177,TX_MpP1p05,1
1177,TL_MpP1p05,2
1177,TL_MpP1p08,1
1177,TX_MpP1p10,1
1177,TL_MpP1p10,2
1178,TL_MpP1p01,1
1178,TL_MpP1p02,2
1178,TL_MpP1p03,1
1178,TX_MpP1p05,1
1178,TL_MpP1p05,1
1178,TL_MpP1p06,3
1178,TL_MpP1p07,1
1178,TL_MpP1p08,1
1178,TX_MpP1p09,1
1178,TL_MpP1p09,3
1178,TL_MpP1p10,2
1178,TL_MpP1p11,3
1179,TX_MpP1p01,1
1179,TL_MpP1p01,1
1179,TL_MpP1p02,1
1179,TL_MpP1p03,2
1179,TL_MpP1p04,1
1179,TL_MpP1p05,5
1179,TL_MpP1p06,3
1179,TL_MpP1p07,1
1179,TX_MpP1p08,1
1179,TL_MpP1p08,2
1179,TX_MpP1p09,1
1179,TL_MpP1p11,2
1180,TL_MpP1p02,2
1180,TL_MpP1p03,1
1180,TL_MpP1p04,1
1180,TX_MpP1p05,1
1180,TL_MpP1p05,3
1180,TL_MpP1p06,4
1180,TL_MpP1p07,3
1180,TX_MpP1p11,1
1180,TL_MpP1p11,3
1181,TX_MpP1p01,1
1181,TL_MpP1p02,3
1181,TL_MpP1p03,1
1181,TL_MpP1p04,1
1181,TL_MpP1p05,1
1181,TL_MpP1p06,1
1181,TX_MpP1p08,1
1181,TX_MpP1p10,1
1181,TL_MpP1p11,2
1182,TX_MpP1p01,1
1182,TL_MpP1p02,4
1182,TL_MpP1p03,2
1182,TX_MpP1p05,1
1182,TL_MpP1p05,4
1182,TL_MpP1p06,3
1182,TL_MpP1p07,3
1182,TL_MpP1p08,2
1182,TL_MpP1p10,1
1183,TL_MpP1p02,2
1183,TX_MpP1p03,1
1183,TL_MpP1p03,1
1183,TL_MpP1p05,3
1183,TL_MpP1p06,2
1183,TL_MpP1p07,1
1183,TL_MpP1p08,2
1183,TX_MpP1p10,1
1183,TL_MpP1p11,1
1184,TX_MpP1p01,1
1184,TL_MpP1p02,2
1184,TL_MpP1p04,3
1184,TL_MpP1p05,4
1184,TL_MpP1p06,3
1184,TL_MpP1p09,3
1184,TX_MpP1p10,1
1184,TL_MpP1p10,2
1184,TL_MpP1p11,3
1185,TL_MpP1p02,6
1185,TL_MpP1p03,1
1185,TX_MpP1p04,2
1185,TL_MpP1p04,1
1185,TL_MpP1p05,4
1185,TL_MpP1p06,1
1185,TL_MpP1p09,1
1185,TL_MpP1p10,1
1185,TL_MpP1p11,4
1186,TX_MpP1p03,1
1186,TL_MpP1p04,1
1186,TX_MpP1p05,1
1186,TL_MpP1p05,4
1186,TL_MpP1p06,2
1186,TL_MpP1p07,1
1186,TL_MpP1p11,1
1187,TL_MpP1p01,3
1187,TL_MpP1p03,1
1187,TL_MpP1p05,2
1187,TL_MpP1p06,3
1187,TL_MpP1p07,1
1187,TL_MpP1p10,3
1187,TX_MpP1p11,1
1187,TL_MpP1p11,1
1188,TL_MpP1p02,2
1188,TL_MpP1p03,1
1188,TX_MpP1p04,1
1188,TX_MpP1p05,1
1188,TL_MpP1p05,2
1188,TX_MpP1p06,1
1188,TL_MpP1p06,1
1188,TX_MpP1p10,1
1188,TL_MpP1p10,1
1189,TL_MpP1p02,3
1189,TL_MpP1p03,1
1189,TL_MpP1p04,2
1189,TL_MpP1p05,1
1189,TX_MpP1p06,1
1189,TL_MpP1p06,1
1189,TX_MpP1p07,1
1189,TL_MpP1p07,2
1189,TL_MpP1p08,1
1189,TL_MpP1p09,1
1189,TL_MpP1p11,2
1190,TL_MpP1p02,6
1190,TL_MpP1p03,2
1190,TX_MpP1p04,1
1190,TL_MpP1p04,1
1190,TL_MpP1p05,2
1190,TX_MpP1p06,1
1190,TL_MpP1p06,4
1190,TL_MpP1p07,3
1190,TL_MpP1p08,1
1190,TL_MpP1p09,2
1190,TX_MpP1p10,1
1190,TL_MpP1p10,1
1191,TL_MpP1p02,1
1191,TX_MpP1p03,1
1191,TL_MpP1p03,2
1191,TX_MpP1p04,1
1191,TX_MpP1p05,1
1191,TL_MpP1p05,1
1191,TL_MpP1p06,1
1191,TL_MpP1p07,2
1191,TL_MpP1p08,1
1192,TL_MpP1p02,3
1192,TL_MpP1p03,1
1192,TL_MpP1p04,1
1192,TL_MpP1p05,1
1192,TL_MpP1p06,4
1192,TX_MpP1p07,1
1192,TL_MpP1p07,1
1192,TX_MpP1p10,1
1192,TL_MpP1p10,1
1192,TL_MpP1p11,2
1193,TL_MpP1p02,1
1193,TL_MpP1p03,2
1193,TX_MpP1p04,1
1193,TL_MpP1p05,1
1193,TX_MpP1p06,1
1193,TL_MpP1p06,1
1193,TL_MpP1p07,1
1193,TL_MpP1p09,1
1193,TL_MpP1p10,2
1193,TL_MpP1p11,6
1194,TL_MpP1p02,2
1194,TL_MpP1p03,1
1194,TX_MpP1p04,1
1194,TL_MpP1p05,5
1194,TL_MpP1p06,2
1194,TL_MpP1p07,2
1194,TL_MpP1p08,3
1194,TX_MpP1p11,2
1194,TL_MpP1p11,2
1195,TX_MpP1p01,1
1195,TX_MpP1p02,1
1195,TL_MpP1p02,1
1195,TL_MpP1p03,2
1195,TL_MpP1p04,1
1195,TX_MpP1p05,1
1195,TL_MpP1p05,3
1195,TL_MpP1p06,2
1195,TL_MpP1p07,1
1195,TL_MpP1p09,1
1195,TX_MpP1p10,1
1195,TL_MpP1p10,1
1196,TX_MpP1p01,1
1196,TL_MpP1p01,1
1196,TX_MpP1p02,1
1196,TL_MpP1p02,2
1196,TL_MpP1p03,3
1196,TX_MpP1p04,1
1196,TL_MpP1p05,1
1196,TL_MpP1p06,1
1196,TL_MpP1p08,2
1196,TL_MpP1p10,1
1196,TL_MpP1p11,2
1197,TX_MpP1p02,1
1197,TL_MpP1p02,2
1197,TL_MpP1p05,4
1197,TL_MpP1p06,2
1197,TL_MpP1p08,2
1197,TL_MpP1p09,2
1197,TL_MpP1p10,1
1197,TL_MpP1p11,1
1198,TX_MpP1p01,1
1198,TL_MpP1p02,2
1198,TX_MpP1p03,1
1198,TL_MpP1p03,1
1198,TL_MpP1p04,3
1198,TL_MpP1p05,1
1198,TL_MpP1p06,1
1198,TL_MpP1p07,2
1198,TL_MpP1p09,1
1198,TL_MpP1p11,1
1199,TL_MpP1p02,2
1199,TL_MpP1p03,1
1199,TL_MpP1p04,1
1199,TL_MpP1p05,3
1199,TX_MpP1p06,1
1199,TL_MpP1p06,3
1199,TL_MpP1p10,1
1199,TL_MpP1p11,3
1200,TL_MpP1p01,1
1200,TX_MpP1p03,1
1200,TL_MpP1p03,1
1200,TL_MpP1p05,2
1200,TL_MpP1p07,6
1200,TX_MpP1p08,1
1200,TL_MpP1p08,1
1200,TL_MpP1p09,2
1200,TX_MpP1p10,1
1200,TL_MpP1p10,2
1201,TL_MpP1p01,2
1201,TL_MpP1p02,2
1201,TL_MpP1p04,1
1201,TX_MpP1p06,1
1201,TL_MpP1p06,4
1201,TL_MpP1p09,1
1201,TX_MpP1p10,2
1201,TL_MpP1p10,2
1201,TL_MpP1p11,2
1202,TX_MpP1p01,1
1202,TL_MpP1p02,2
1202,TX_MpP1p03,1
1202,TL_MpP1p03,2
1202,TX_MpP1p05,1
1202,TL_MpP1p05,3
1202,TL_MpP1p07,3
1202,TX_MpP1p08,1
1202,TL_MpP1p10,1
1203,TL_MpP1p01,1
1203,TL_MpP1p02,1
1203,TL_MpP1p03,4
1203,TL_MpP1p05,2
1203,TL_MpP1p06,1
1203,TX_MpP1p07,1
1203,TL_MpP1p08,2
1203,TX_MpP1p09,2
1203,TL_MpP1p10,2
1203,TL_MpP1p11,5
1204,TL_MpP1p02,1
1204,TL_MpP1p03,4
1204,TX_MpP1p04,1
1204,TL_MpP1p04,3
1204,TL_MpP1p05,3
1204,TL_MpP1p06,3
1204,TL_MpP1p07,1
1204,TL_MpP1p08,1
1204,TL_MpP1p09,2
1204,TL_MpP1p10,2
1205,TL_MpP1p01,1
1205,TL_MpP1p02,1
1205,TL_MpP1p04,2
1205,TL_MpP1p05,1
1205,TL_MpP1p06,4
1205,TL_MpP1p07,2
1205,TX_MpP1p10,1
1205,TL_MpP1p10,1
1205,TL_MpP1p11,4
1206,TL_MpP1p01,1
1206,TL_MpP1p02,3
1206,TX_MpP1p03,1
1206,TL_MpP1p03,1
1206,TL_MpP1p04,1
1206,TL_MpP1p05,4
1206,TL_MpP1p06,2
1206,TL_MpP1p07,1
1206,TL_MpP1p08,1
1206,TX_MpP1p09,2
1206,TL_MpP1p09,1
1206,TL_MpP1p11,3
1207,TL_MpP1p02,2
1207,TX_MpP1p03,1
1207,TL_MpP1p03,2
1207,TL_MpP1p05,6
1207,TL_MpP1p06,1
1207,TL_MpP1p07,2
1207,TL_MpP1p09,2
1207,TL_MpP1p10,2
1207,TL_MpP1p11,1
1208,TL_MpP1p01,1
1208,TL_MpP1p03,2
1208,TX_MpP1p05,1
1208,TL_MpP1p05,3
1208,TL_MpP1p06,4
1208,TL_MpP1p08,1
1208,TX_MpP1p09,1
1208,TL_MpP1p10,1
1208,TL_MpP1p11,2
1209,TX_MpP1p01,1
1209,TL_MpP1p02,2
1209,TX_MpP1p04,1
1209,TL_MpP1p05,4
1209,TL_MpP1p06,1
1209,TL_MpP1p07,1
1209,TX_MpP1p08,1
1209,TL_MpP1p08,3
1209,TL_MpP1p09,1
1209,TL_MpP1p10,3
1210,TL_MpP1p02,2
1210,TX_MpP1p03,1
1210,TL_MpP1p03,1
1210,TL_MpP1p04,1
1210,TL_MpP1p05,3
1210,TX_MpP1p06,2
1210,TL_MpP1p06,2
1210,TL_MpP1p09,2
1210,TL_MpP1p10,1
1210,TL_MpP1p11,2
1211,TL_MpP1p01,1
1211,TL_MpP1p02,2
1211,TX_MpP1p03,1
1211,TL_MpP1p03,1
1211,TL_MpP1p04,1
1211,TL_MpP1p05,3
1211,TL_MpP1p06,2
1211,TL_MpP1p07,1
1211,TL_MpP1p08,3
1211,TL_MpP1p09,3
1211,TX_MpP1p10,1
1211,TL_MpP1p10,3
1211,TL_MpP1p11,3
1212,TL_MpP1p01,1
1212,TX_MpP1p02,1
1212,TL_MpP1p02,1
1212,TL_MpP1p04,3
1212,TX_MpP1p05,1
1212,TL_MpP1p05,2
1212,TL_MpP1p06,2
1212,TX_MpP1p07,1
1212,TL_MpP1p08,2
1212,TL_MpP1p09,1
1212,TL_MpP1p11,1
1213,TX_MpP1p01,1
1213,TX_MpP1p02,1
1213,TL_MpP1p02,1
1213,TL_MpP1p03,1
1213,TL_MpP1p04,2
1213,TL_MpP1p05,2
1213,TL_MpP1p06,3
1213,TX_MpP1p08,1
1213,TL_MpP1p08,1
1213,TL_MpP1p09,1
1213,TL_MpP1p10,2
1213,TX_MpP1p11,1
1213,TL_MpP1p11,2
1214,TX_MpP1p01,1
1214,TL_MpP1p01,1
1214,TL_MpP1p02,2
1214,TX_MpP1p03,1
1214,TL_MpP1p03,2
1214,TL_MpP1p04,2
1214,TX_MpP1p05,1
1214,TL_MpP1p05,2
1214,TL_MpP1p06,1
1214,TL_MpP1p10,1
1214,TL_MpP1p11,3
1215,TL_MpP1p01,2
1215,TX_MpP1p03,1
1215,TL_MpP1p04,3
1215,TL_MpP1p05,3
1215,TL_MpP1p06,1
1215,TX_MpP1p08,1
1215,TX_MpP1p09,1
1215,TL_MpP1p09,1
1215,TL_MpP1p10,1
1215,TL_MpP1p11,4
1216,TX_MpP1p02,1
1216,TL_MpP1p02,1
1216,TX_MpP1p03,1
1216,TL_MpP1p03,1
1216,TX_MpP1p04,1
1216,TL_MpP1p05,2
1216,TL_MpP1p06,2
1216,TX_MpP1p10,2
1216,TL_MpP1p10,1
1216,TL_MpP1p11,1
1217,TL_MpP1p01,2
1217,TL_MpP1p02,2
1217,TL_MpP1p03,2
1217,TL_MpP1p04,1
1217,TX_MpP1p05,1
1217,TL_MpP1p05,4
1217,TX_MpP1p06,3
1217,TL_MpP1p06,1
1217,TL_MpP1p07,3
1217,TL_MpP1p08,2
1217,TL_MpP1p09,1
1217,TL_MpP1p11,4
1218,TX_MpP1p02,1
1218,TL_MpP1p02,3
1218,TL_MpP1p03,1
1218,TX_MpP1p04,1
1218,TL_MpP1p04,1
1218,TL_MpP1p05,4
1218,TX_MpP1p06,1
1218,TL_MpP1p06,4
1218,TX_MpP1p07,2
1218,TL_MpP1p08,1
1218,TX_MpP1p09,2
1218,TL_MpP1p09,1
1218,TL_MpP1p10,2
1218,TX_MpP1p11,1
1218,TL_MpP1p11,3
1219,TL_MpP1p01,1
1219,TX_MpP1p02,1
1219,TL_MpP1p02,2
1219,TL_MpP1p04,1
1219,TX_MpP1p05,1
1219,TL_MpP1p06,1
1219,TL_MpP1p08,2
1219,TX_MpP1p09,1
1219,TL_MpP1p10,1
1219,TL_MpP1p11,1
1220,TX_MpP1p01,1
1220,TL_MpP1p02,2
1220,TX_MpP1p03,1
1220,TL_MpP1p03,2
1220,TX_MpP1p04,1
1220,TX_MpP1p05,1
1220,TL_MpP1p05,4
1220,TL_MpP1p06,2
1220,TL_MpP1p08,1
1220,TL_MpP1p09,1
1220,TX_MpP1p10,2
1220,TL_MpP1p11,1
1221,TL_MpP1p01,1
1221,TX_MpP1p02,1
1221,TL_MpP1p02,3
1221,TL_MpP1p03,5
1221,TL_MpP1p04,1
1221,TX_MpP1p05,1
1221,TL_MpP1p05,2
1221,TL_MpP1p06,1
1221,TX_MpP1p07,1
1221,TL_MpP1p07,3
1221,TL_MpP1p08,3
1221,TL_MpP1p09,1
1221,TL_MpP1p10,3
1221,TL_MpP1p11,2
1222,TL_MpP1p02,2
1222,TL_MpP1p04,4
1222,TX_MpP1p05,1
1222,TL_MpP1p05,4
1222,TL_MpP1p08,2
1222,TL_MpP1p09,1
1222,TX_MpP1p10,1
1222,TL_MpP1p10,3
1222,TX_MpP1p11,1
1222,TL_MpP1p11,2
1223,TL_MpP1p01,1
1223,TX_MpP1p02,1
1223,TL_MpP1p02,1
1223,TL_MpP1p03,4
1223,TL_MpP1p04,1
1223,TL_MpP1p05,1
1223,TL_MpP1p07,2
1223,TL_MpP1p08,1
1223,TL_MpP1p09,3
1223,TX_MpP1p10,1
1223,TL_MpP1p10,2
1223,TL_MpP1p11,1
1224,TL_MpP1p02,1
1224,TX_MpP1p04,1
1224,TL_MpP1p05,3
1224,TL_MpP1p06,6
1224,TL_MpP1p07,4
1224,TL_MpP1p09,2
1224,TL_MpP1p10,2
1225,TX_MpP1p01,1
1225,TL_MpP1p01,2
1225,TL_MpP1p02,1
1225,TL_MpP1p03,2
1225,TL_MpP1p05,5
1225,TX_MpP1p06,1
1225,TL_MpP1p06,2
1225,TL_MpP1p07,3
1225,TL_MpP1p08,2
1225,TX_MpP1p10,3
1225,TL_MpP1p10,1
1225,TX_MpP1p11,1
1225,TL_MpP1p11,1
1226,TL_MpP1p02,3
1226,TX_MpP1p04,1
1226,TL_MpP1p05,5
1226,TL_MpP1p06,2
1226,TL_MpP1p07,1
1226,TL_MpP1p09,1
1226,TL_MpP1p10,1
1226,TL_MpP1p11,2
1227,TL_MpP1p03,2
1227,TL_MpP1p04,2
1227,TL_MpP1p05,2
1227,TL_MpP1p06,4
1227,TL_MpP1p08,1
1227,TL_MpP1p09,1
1227,TX_MpP1p10,2
1227,TL_MpP1p10,2
1227,TX_MpP1p11,1
1227,TL_MpP1p11,2
1228,TL_MpP1p02,2
1228,TX_MpP1p03,1
1228,TL_MpP1p03,2
1228,TL_MpP1p04,2
1228,TL_MpP1p05,1
1228,TL_MpP1p06,1
1228,TL_MpP1p07,2
1228,TX_MpP1p08,1
1228,TL_MpP1p08,1
1228,TL_MpP1p09,1
1228,TL_MpP1p10,2
1228,TL_MpP1p11,5
1229,TX_MpP1p01,1
1229,TL_MpP1p01,2
1229,TX_MpP1p03,1
1229,TL_MpP1p03,1
1229,TL_MpP1p06,2
1229,TL_MpP1p07,1
1229,TL_MpP1p09,2
1229,TL_MpP1p11,1
1230,TX_MpP1p03,1
1230,TL_MpP1p03,2
1230,TX_MpP1p04,1
1230,TL_MpP1p05,3
1230,TX_MpP1p09,2
1230,TX_MpP1p10,1
1230,TL_MpP1p10,1
1230,TL_MpP1p11,1
1231,TL_MpP1p01,1
1231,TL_MpP1p03,2
1231,TL_MpP1p06,1
1231,TL_MpP1p07,1
1231,TL_MpP1p08,3
1231,TX_MpP1p10,1
1231,TL_MpP1p10,3
1232,TX_MpP1p01,1
1232,TL_MpP1p01,2
1232,TX_MpP1p02,4
1232,TL_MpP1p02,2
1232,TL_MpP1p03,1
1232,TL_MpP1p04,1
1232,TL_MpP1p05,2
1232,TL_MpP1p07,2
1232,TL_MpP1p08,1
1232,TL_MpP1p09,1
1232,TL_MpP1p11,4
1233,TL_MpP1p02,3
1233,TL_MpP1p03,1
1233,TX_MpP1p04,1
1233,TL_MpP1p04,2
1233,TX_MpP1p05,1
1233,TL_MpP1p05,3
1233,TL_MpP1p06,2
1233,TL_MpP1p07,1
1233,TL_MpP1p08,2
1233,TL_MpP1p10,1
1234,TL_MpP1p01,1
1234,TL_MpP1p02,2
1234,TL_MpP1p03,5
1234,TL_MpP1p05,5
1234,TL_MpP1p06,1
1234,TX_MpP1p07,1
1234,TL_MpP1p07,3
1234,TL_MpP1p08,1
1234,TL_MpP1p09,3
1234,TL_MpP1p10,1
1234,TL_MpP1p11,2
1235,TL_MpP1p01,1
1235,TX_MpP1p02,1
1235,TL_MpP1p02,6
1235,TL_MpP1p03,1
1235,TL_MpP1p04,1
1235,TL_MpP1p05,3
1235,TL_MpP1p06,2
1235,TL_MpP1p09,2
1235,TL_MpP1p10,1
1236,TX_MpP1p02,1
1236,TL_MpP1p02,3
1236,TL_MpP1p03,2
1236,TL_MpP1p04,2
1236,TL_MpP1p05,5
1236,TL_MpP1p06,3
1236,TX_MpP1p09,1
1236,TL_MpP1p09,1
1236,TX_MpP1p10,1
1236,TL_MpP1p11,2
1237,TL_MpP1p02,4
1237,TL_MpP1p03,3
1237,TL_MpP1p04,3
1237,TL_MpP1p05,1
1237,TL_MpP1p06,3
1237,TX_MpP1p07,2
1237,TL_MpP1p07,1
1237,TL_MpP1p09,1
1237,TL_MpP1p10,3
1238,TL_MpP1p02,1
1238,TL_MpP1p03,1
1238,TL_MpP1p06,1
1238,TL_MpP1p07,1
1238,TL_MpP1p09,1
1238,TL_MpP1p11,1
1239,TL_MpP1p01,2
1239,TX_MpP1p02,2
1239,TL_MpP1p02,2
1239,TL_MpP1p03,2
1239,TX_MpP1p04,1
1239,TL_MpP1p04,3
1239,TL_MpP1p05,5
1239,TX_MpP1p06,1
1239,TL_MpP1p06,4
1239,TL_MpP1p07,1
1239,TL_MpP1p08,2
1239,TL_MpP1p09,1
1239,TL_MpP1p10,5
1239,TL_MpP1p11,4
1240,TX_MpP1p01,2
1240,TL_MpP1p01,1
1240,TX_MpP1p02,1
1240,TL_MpP1p02,3
1240,TL_MpP1p03,1
1240,TL_MpP1p05,2
1240,TX_MpP1p06,1
1240,TL_MpP1p06,4
1240,TX_MpP1p08,1
1240,TL_MpP1p08,2
1240,TX_MpP1p09,1
1240,TL_MpP1p09,1
1240,TL_MpP1p10,1
1240,TX_MpP1p11,1
1240,TL_MpP1p11,4
1241,TL_MpP1p01,1
1241,TL_MpP1p02,4
1241,TL_MpP1p03,2
1241,TX_MpP1p04,1
1241,TL_MpP1p04,1
1241,TX_MpP1p05,1
1241,TL_MpP1p05,3
1241,TL_MpP1p07,3
1241,TL_MpP1p09,1
1241,TL_MpP1p10,1
1241,TL_MpP1p11,1
1242,TX_MpP1p01,1
1242,TL_MpP1p01,1
1242,TL_MpP1p03,2
1242,TL_MpP1p05,3
1242,TL_MpP1p06,1
1242,TL_MpP1p08,2
1242,TL_MpP1p09,2
1243,TL_MpP1p01,1
1243,TL_MpP1p02,3
1243,TL_MpP1p03,2
1243,TL_MpP1p04,2
1243,TX_MpP1p05,2
1243,TL_MpP1p05,4
1243,TL_MpP1p06,2
1243,TL_MpP1p07,3
1243,TL_MpP1p08,1
1243,TX_MpP1p11,1
1243,TL_MpP1p11,3
1244,TL_MpP1p02,2
1244,TL_MpP1p03,2
1244,TL_MpP1p04,1
1244,TL_MpP1p05,2
1244,TL_MpP1p06,2
1244,TX_MpP1p07,1
1244,TL_MpP1p07,2
1244,TL_MpP1p08,1
1244,TL_MpP1p09,1
1244,TX_MpP1p11,1
1244,TL_MpP1p11,2
1245,TX_MpP1p01,1
1245,TL_MpP1p02,2
1245,TX_MpP1p03,1
1245,TX_MpP1p04,1
1245,TL_MpP1p04,2
1245,TL_MpP1p05,2
1245,TX_MpP1p06,2
1245,TL_MpP1p06,2
1245,TL_MpP1p07,4
1245,TX_MpP1p09,1
1245,TL_MpP1p09,2
1245,TX_MpP1p10,1
1245,TX_MpP1p11,1
1245,TL_MpP1p11,1
1246,TX_MpP1p02,1
1246,TL_MpP1p02,1
1246,TL_MpP1p03,1
1246,TL_MpP1p05,2
1246,TX_MpP1p06,1
1246,TL_MpP1p06,5
1246,TL_MpP1p07,1
1246,TL_MpP1p08,1
1246,TL_MpP1p10,3
1246,TL_MpP1p11,2
1247,TX_MpP1p01,1
1247,TX_MpP1p02,1
1247,TL_MpP1p02,1
1247,TL_MpP1p03,1
1247,TX_MpP1p04,1
1247,TL_MpP1p04,3
1247,TL_MpP1p05,1
1247,TL_MpP1p06,3
1247,TX_MpP1p07,1
1247,TL_MpP1p08,2
1247,TX_MpP1p09,1
1247,TL_MpP1p09,1
1247,TL_MpP1p10,4
1247,TL_MpP1p11,1
1248,TX_MpP1p01,1
1248,TX_MpP1p02,1
1248,TL_MpP1p02,3
1248,TX_MpP1p03,1
1248,TL_MpP1p03,2
1248,TX_MpP1p04,1
1248,TL_MpP1p04,1
1248,TX_MpP1p05,1
1248,TL_MpP1p05,1
1248,TL_MpP1p06,1
1248,TX_MpP1p07,1
1248,TL_MpP1p08,3
1248,TL_MpP1p09,1
1248,TL_MpP1p10,2
1248,TL_MpP1p11,4
1249,TX_MpP1p01,3
1249,TL_MpP1p02,2
1249,TX_MpP1p04,1
1249,TL_MpP1p04,3
1249,TX_MpP1p05,1
1249,TL_MpP1p05,4
1249,TL_MpP1p07,1
1249,TL_MpP1p08,2
1249,TL_MpP1p11,1
1250,TX_MpP1p01,1
1250,TL_MpP1p01,1
1250,TX_MpP1p02,1
1250,TL_MpP1p02,1
1250,TX_MpP1p03,1
1250,TL_MpP1p03,4
1250,TL_MpP1p04,1
1250,TL_MpP1p05,1
1250,TX_MpP1p06,1
1250,TL_MpP1p06,1
1250,TX_MpP1p07,1
1250,TL_MpP1p09,2
1250,TL_MpP1p10,3
1251,TL_MpP1p02,2
1251,TL_MpP1p03,6
1251,TX_MpP1p05,1
1251,TL_MpP1p05,5
1251,TL_MpP1p06,2
1251,TL_MpP1p08,1
1251,TL_MpP1p09,1
1251,TX_MpP1p10,2
1251,TX_MpP1p11,1
1251,TL_MpP1p11,2
1252,TL_MpP1p01,2
1252,TL_MpP1p02,2
1252,TX_MpP1p03,1
1252,TL_MpP1p03,4
1252,TX_MpP1p04,1
1252,TL_MpP1p04,3
1252,TL_MpP1p05,1
1252,TX_MpP1p06,1
1252,TL_MpP1p06,4
1252,TL_MpP1p07,1
1252,TL_MpP1p08,2
1252,TL_MpP1p10,1
1252,TX_MpP1p11,1
1252,TL_MpP1p11,3
1253,TL_MpP1p02,2
1253,TL_MpP1p03,1
1253,TL_MpP1p05,6
1253,TL_MpP1p06,3
1253,TL_MpP1p07,3
1253,TL_MpP1p09,3
1253,TL_MpP1p10,1
1253,TL_MpP1p11,3
1254,TL_MpP1p01,3
1254,TL_MpP1p03,1
1254,TX_MpP1p04,1
1254,TL_MpP1p04,2
1254,TL_MpP1p05,3
1254,TL_MpP1p06,2
1254,TL_MpP1p07,2
1254,TX_MpP1p10,1
1254,TL_MpP1p10,1
1254,TX_MpP1p11,1
1254,TL_MpP1p11,3
1255,TL_MpP1p01,2
1255,TL_MpP1p02,2
1255,TL_MpP1p03,1
1255,TL_MpP1p04,1
1255,TX_MpP1p05,1
1255,TL_MpP1p05,6
1255,TL_MpP1p06,2
1255,TX_MpP1p07,1
1255,TL_MpP1p07,1
1255,TL_MpP1p08,2
1255,TX_MpP1p09,1
1255,TL_MpP1p09,2
1255,TL_MpP1p10,2
1255,TL_MpP1p11,2
1256,TX_MpP1p01,1
1256,TL_MpP1p01,3
1256,TX_MpP1p02,1
1256,TL_MpP1p02,3
1256,TL_MpP1p03,1
1256,TL_MpP1p04,2
1256,TX_MpP1p05,1
1256,TL_MpP1p05,1
1256,TL_MpP1p06,2
1256,TL_MpP1p07,2
1256,TL_MpP1p08,2
1256,TL_MpP1p09,3
1256,TL_MpP1p10,1
1256,TL_MpP1p11,1
1257,TL_MpP1p01,1
1257,TL_MpP1p02,4
1257,TL_MpP1p06,2
1257,TX_MpP1p08,1
1257,TL_MpP1p10,1
1257,TL_MpP1p11,1
1258,TL_MpP1p02,1
1258,TL_MpP1p03,1
1258,TL_MpP1p04,1
1258,TL_MpP1p05,1
1258,TL_MpP1p06,2
1258,TX_MpP1p07,1
1258,TX_MpP1p09,1
1258,TL_MpP1p09,1
1258,TX_MpP1p10,2
1258,TL_MpP1p10,1
1258,TL_MpP1p11,1
1259,TL_MpP1p01,1
1259,TL_MpP1p02,3
1259,TL_MpP1p03,2
1259,TL_MpP1p04,4
1259,TL_MpP1p05,3
1259,TL_MpP1p07,2
1259,TL_MpP1p09,2
1259,TL_MpP1p11,1
1260,TL_MpP1p01,1
1260,TL_MpP1p03,2
1260,TL_MpP1p06,3
1260,TL_MpP1p08,2
1260,TX_MpP1p09,1
1260,TX_MpP1p10,1
1260,TL_MpP1p10,3
1260,TL_MpP1p11,1
1261,TL_MpP1p02,2
1261,TX_MpP1p03,1
1261,TL_MpP1p03,2
1261,TX_MpP1p04,1
1261,TL_MpP1p05,2
1261,TL_MpP1p06,2
1261,TL_MpP1p07,1
1261,TL_MpP1p08,2
1261,TL_MpP1p11,1
1262,TL_MpP1p02,4
1262,TX_MpP1p03,1
1262,TL_MpP1p03,2
1262,TL_MpP1p04,1
1262,TL_MpP1p05,1
1262,TL_MpP1p06,2
1262,TL_MpP1p07,2
1262,TL_MpP1p09,2
1262,TX_MpP1p10,1
1262,TL_MpP1p10,3
1262,TX_MpP1p11,1
1262,TL_MpP1p11,3
1263,TL_MpP1p01,1
1263,TL_MpP1p02,1
1263,TL_MpP1p03,1
1263,TX_MpP1p04,1
1263,TL_MpP1p04,1
1263,TL_MpP1p05,4
1263,TX_MpP1p06,1
1263,TL_MpP1p06,1
1263,TX_MpP1p10,1
1263,TL_MpP1p10,1
1263,TL_MpP1p11,4
1264,TL_MpP1p01,2
1264,TL_MpP1p02,2
1264,TL_MpP1p03,1
1264,TX_MpP1p04,1
1264,TL_MpP1p04,1
1264,TL_MpP1p05,1
1264,TL_MpP1p06,1
1264,TX_MpP1p07,1
1264,TL_MpP1p08,1
1264,TL_MpP1p09,2
1264,TL_MpP1p10,2
1264,TL_MpP1p11,2
1265,TX_MpP1p01,1
1265,TL_MpP1p02,1
1265,TL_MpP1p03,2
1265,TL_MpP1p04,1
1265,TL_MpP1p05,3
1265,TL_MpP1p06,1
1265,TL_MpP1p07,1
1265,TL_MpP1p08,1
1265,TL_MpP1p09,1
1265,TL_MpP1p10,2
1265,TL_MpP1p11,2
1266,TL_MpP1p02,1
1266,TX_MpP1p03,1
1266,TL_MpP1p03,2
1266,TL_MpP1p04,2
1266,TL_MpP1p05,2
1266,TL_MpP1p06,1
1266,TL_MpP1p07,1
1266,TL_MpP1p09,2
1267,TL_MpP1p02,3
1267,TL_MpP1p03,2
1267,TL_MpP1p04,2
1267,TL_MpP1p05,3
1267,TL_MpP1p06,2
1267,TX_MpP1p07,1
1267,TL_MpP1p07,1
1267,TL_MpP1p08,1
1267,TL_MpP1p09,1
1267,TX_MpP1p10,1
1267,TL_MpP1p10,1
1267,TL_MpP1p11,2
1268,TL_MpP1p02,3
1268,TL_MpP1p03,2
1268,TX_MpP1p04,1
1268,TL_MpP1p04,2
1268,TX_MpP1p05,1
1268,TL_MpP1p05,1
1268,TL_MpP1p06,1
1268,TL_MpP1p07,3
1268,TL_MpP1p09,1
1268,TL_MpP1p11,2
1269,TX_MpP1p01,1
1269,TX_MpP1p02,1
1269,TL_MpP1p02,2
1269,TX_MpP1p03,1
1269,TL_MpP1p03,5
1269,TL_MpP1p04,3
1269,TL_MpP1p05,2
1269,TL_MpP1p06,3
1269,TL_MpP1p07,3
1269,TL_MpP1p10,3
1270,TX_MpP1p01,1
1270,TL_MpP1p01,1
1270,TL_MpP1p02,1
1270,TL_MpP1p03,1
1270,TX_MpP1p04,1
1270,TL_MpP1p05,2
1270,TL_MpP1p06,1
1270,TL_MpP1p08,1
1270,TL_MpP1p10,1
1270,TX_MpP1p11,1
1270,TL_MpP1p11,1
1271,TX_MpP1p02,1
1271,TL_MpP1p02,2
1271,TL_MpP1p04,2
1271,TL_MpP1p05,3
1271,TL_MpP1p06,4
1271,TX_MpP1p07,1
1271,TL_MpP1p07,1
1271,TL_MpP1p09,1
1271,TX_MpP1p10,1
1271,TL_MpP1p10,6
1272,TX_MpP1p01,1
1272,TL_MpP1p01,2
1272,TL_MpP1p02,4
1272,TL_MpP1p04,1
1272,TL_MpP1p05,1
1272,TX_MpP1p06,1
1272,TL_MpP1p06,3
1272,TX_MpP1p07,1
1272,TX_MpP1p08,1
1272,TL_MpP1p08,1
1272,TL_MpP1p10,1
1272,TL_MpP1p11,1
1273,TX_MpP1p05,1
1273,TL_MpP1p05,6
1273,TL_MpP1p06,1
1273,TL_MpP1p07,1
1273,TL_MpP1p09,3
1273,TL_MpP1p10,1
1274,TL_MpP1p01,1
1274,TX_MpP1p03,3
1274,TL_MpP1p03,1
1274,TL_MpP1p04,4
1274,TL_MpP1p05,4
1274,TL_MpP1p06,1
1274,TL_MpP1p07,4
1274,TL_MpP1p08,1
1274,TL_MpP1p09,3
1274,TL_MpP1p10,5
1275,TL_MpP1p02,1
1275,TL_MpP1p03,1
1275,TL_MpP1p04,1
1275,TL_MpP1p05,2
1275,TL_MpP1p06,2
1275,TL_MpP1p07,2
1275,TL_MpP1p09,1
1275,TL_MpP1p10,1
1276,TX_MpP1p01,1
1276,TL_MpP1p02,1
1276,TL_MpP1p03,1
1276,TL_MpP1p04,2
1276,TX_MpP1p05,1
1276,TL_MpP1p05,1
1276,TL_MpP1p06,2
1276,TX_MpP1p09,1
1276,TX_MpP1p10,1
1276,TL_MpP1p11,2
1277,TX_MpP1p01,1
1277,TL_MpP1p01,1
1277,TL_MpP1p02,2
1277,TL_MpP1p03,1
1277,TL_MpP1p05,4
1277,TL_MpP1p06,4
1277,TL_MpP1p08,1
1277,TL_MpP1p09,2
1277,TX_MpP1p10,1
1277,TL_MpP1p10,2
1277,TL_MpP1p11,2
1278,TL_MpP1p01,1
1278,TL_MpP1p02,4
1278,TL_MpP1p03,1
1278,TX_MpP1p06,1
1278,TL_MpP1p08,2
1278,TL_MpP1p09,2
1278,TL_MpP1p10,4
1278,TL_MpP1p11,2
1279,TL_MpP1p01,1
1279,TL_MpP1p02,3
1279,TX_MpP1p04,2
1279,TL_MpP1p04,1
1279,TX_MpP1p05,2
1279,TL_MpP1p07,2
1279,TL_MpP1p08,2
1279,TX_MpP1p09,1
1279,TL_MpP1p11,1
1280,TX_MpP1p03,1
1280,TX_MpP1p04,1
1280,TL_MpP1p05,2
1280,TL_MpP1p06,2
1280,TL_MpP1p07,1
1280,TL_MpP1p10,1
1280,TL_MpP1p11,1
1281,TX_MpP1p02,1
1281,TL_MpP1p02,1
1281,TX_MpP1p03,1
1281,TX_MpP1p04,1
1281,TL_MpP1p05,1
1281,TL_MpP1p06,1
1281,TL_MpP1p08,1
1281,TX_MpP1p09,1
1281,TL_MpP1p11,1
1282,TL_MpP1p03,1
1282,TL_MpP1p04,2
1282,TL_MpP1p06,2
1282,TL_MpP1p08,1
1282,TX_MpP1p10,1
1282,TL_MpP1p10,3
1283,TL_MpP1p01,2
1283,TX_MpP1p02,1
1283,TL_MpP1p02,3
1283,TL_MpP1p03,1
1283,TL_MpP1p07,1
1283,TX_MpP1p09,2
1283,TL_MpP1p09,1
1283,TL_MpP1p10,1
1283,TX_MpP1p11,2
1283,TL_MpP1p11,1
1284,TL_MpP1p03,2
1284,TX_MpP1p04,1
1284,TL_MpP1p04,1
1284,TL_MpP1p05,2
1284,TL_MpP1p06,2
1284,TL_MpP1p09,2
1284,TL_MpP1p10,1
1284,TX_MpP1p11,1
1285,TL_MpP1p01,2
1285,TL_MpP1p02,1
1285,TX_MpP1p03,1
1285,TL_MpP1p03,1
1285,TX_MpP1p05,1
1285,TL_MpP1p05,2
1285,TX_MpP1p07,1
1285,TL_MpP1p07,3
1285,TL_MpP1p08,2
1285,TL_MpP1p10,1
1285,TL_MpP1p11,1
1286,TX_MpP1p01,1
1286,TL_MpP1p01,1
1286,TL_MpP1p02,1
1286,TL_MpP1p03,1
1286,TL_MpP1p04,2
1286,TL_MpP1p05,3
1286,TX_MpP1p06,1
1286,TL_MpP1p07,1
1286,TL_MpP1p09,3
1286,TL_MpP1p10,1
1286,TL_MpP1p11,1
1287,TL_MpP1p01,1
1287,TL_MpP1p02,2
1287,TL_MpP1p03,1
1287,TL_MpP1p04,1
1287,TL_MpP1p05,1
1287,TL_MpP1p06,1
1287,TL_MpP1p07,2
1287,TL_MpP1p08,1
1287,TL_MpP1p11,2
1288,TL_MpP1p02,3
1288,TL_MpP1p03,1
1288,TL_MpP1p04,1
1288,TX_MpP1p07,1
1288,TL_MpP1p07,1
1288,TL_MpP1p09,1
1288,TL_MpP1p10,4
1288,TL_MpP1p11,1
1289,TL_MpP1p01,1
1289,TX_MpP1p02,1
1289,TL_MpP1p02,3
1289,TL_MpP1p03,2
1289,TL_MpP1p05,1
1289,TL_MpP1p06,1
1289,TL_MpP1p07,1
1289,TL_MpP1p09,1
1289,TL_MpP1p11,2
1290,TX_MpP1p02,1
1290,TX_MpP1p03,1
1290,TL_MpP1p04,1
1290,TL_MpP1p05,3
1290,TX_MpP1p06,1
1290,TL_MpP1p06,2
1290,TX_MpP1p07,1
1290,TL_MpP1p07,1
1290,TL_MpP1p10,2
1290,TL_MpP1p11,2
1291,TL_MpP1p01,2
1291,TL_MpP1p02,1
1291,TL_MpP1p04,2
1291,TL_MpP1p05,3
1291,TL_MpP1p06,2
1291,TL_MpP1p07,1
1291,TL_MpP1p10,1
1292,TX_MpP1p02,1
1292,TL_MpP1p02,1
1292,TL_MpP1p04,2
1292,TL_MpP1p05,1
1292,TL_MpP1p06,2
1292,TX_MpP1p08,1
1292,TL_MpP1p09,2
1292,TL_MpP1p10,1
1292,TL_MpP1p11,2
1293,TX_MpP1p01,1
1293,TL_MpP1p01,1
1293,TX_MpP1p02,1
1293,TL_MpP1p02,2
1293,TL_MpP1p03,2
1293,TX_MpP1p04,1
1293,TL_MpP1p05,2
1293,TL_MpP1p07,3
1293,TL_MpP1p08,1
1293,TL_MpP1p09,1
1293,TL_MpP1p10,1
1293,TL_MpP1p11,2
1294,TX_MpP1p03,1
1294,TL_MpP1p03,1
1294,TL_MpP1p04,2
1294,TX_MpP1p07,1
1294,TL_MpP1p07,2
1294,TL_MpP1p10,2
1295,TL_MpP1p01,2
1295,TL_MpP1p02,1
1295,TX_MpP1p03,1
1295,TL_MpP1p04,1
1295,TL_MpP1p05,3
1295,TL_MpP1p06,3
1295,TX_MpP1p08,1
1295,TL_MpP1p08,1
1296,TL_MpP1p01,2
1296,TL_MpP1p02,1
1296,TL_MpP1p03,3
1296,TX_MpP1p04,1
1296,TL_MpP1p04,2
1296,TL_MpP1p05,2
1296,TL_MpP1p07,1
1296,TL_MpP1p08,1
1296,TL_MpP1p09,2
1296,TL_MpP1p10,3
1297,TL_MpP1p01,1
1297,TL_MpP1p02,1
1297,TL_MpP1p04,2
1297,TX_MpP1p05,1
1297,TX_MpP1p06,1
1297,TX_MpP1p08,1
1297,TL_MpP1p08,2
1297,TL_MpP1p09,2
1297,TL_MpP1p10,2
1297,TL_MpP1p11,1
1298,TL_MpP1p01,1
1298,TX_MpP1p02,1
1298,TL_MpP1p02,1
1298,TL_MpP1p03,1
1298,TL_MpP1p05,1
1298,TL_MpP1p06,2
1298,TL_MpP1p07,1
1298,TX_MpP1p09,1
1298,TX_MpP1p11,1
1298,TL_MpP1p11,1
1299,TL_MpP1p02,2
1299,TX_MpP1p03,1
1299,TL_MpP1p03,1
1299,TL_MpP1p04,1
1299,TX_MpP1p05,1
1299,TL_MpP1p05,3
1299,TL_MpP1p06,2
1299,TX_MpP1p07,2
1299,TL_MpP1p07,2
1299,TX_MpP1p08,1
1299,TL_MpP1p08,1
1299,TX_MpP1p09,2
1299,TX_MpP1p10,1
1299,TL_MpP1p10,1
1299,TL_MpP1p11,2
1300,TL_MpP1p02,3
1300,TL_MpP1p05,1
1300,TL_MpP1p06,1
1300,TX_MpP1p07,2
1300,TX_MpP1p10,1
1300,TL_MpP1p10,1
1301,TL_MpP1p02,1
1301,TL_MpP1p03,1
1301,TX_MpP1p04,1
1301,TX_MpP1p05,1
1301,TL_MpP1p05,1
1301,TL_MpP1p07,1
1301,TX_MpP1p09,1
1301,TL_MpP1p09,1
1301,TL_MpP1p10,2
1301,TL_MpP1p11,1
1302,TL_MpP1p01,1
1302,TL_MpP1p02,2
1302,TX_MpP1p05,1
1302,TL_MpP1p05,1
1302,TX_MpP1p06,1
1302,TL_MpP1p07,1
1302,TL_MpP1p09,1
1303,TX_MpP1p01,1
1303,TL_MpP1p01,1
1303,TL_MpP1p03,2
1303,TX_MpP1p05,1
1303,TX_MpP1p06,1
1303,TL_MpP1p07,1
1304,TL_MpP1p03,2
1304,TL_MpP1p04,1
1304,TL_MpP1p05,2
1304,TL_MpP1p10,1
1305,TX_MpP1p01,1
1305,TL_MpP1p01,2
1305,TL_MpP1p03,1
1305,TL_MpP1p04,1
1305,TL_MpP1p05,2
1305,TL_MpP1p06,1
1305,TL_MpP1p07,1
1305,TL_MpP1p10,1
1306,TL_MpP1p02,2
1306,TL_MpP1p03,1
1306,TL_MpP1p04,1
1306,TX_MpP1p06,1
1306,TL_MpP1p06,1
1306,TL_MpP1p07,1
1306,TX_MpP1p08,1
1306,TL_MpP1p08,1
1306,TL_MpP1p11,1
1307,TX_MpP1p01,1
1307,TL_MpP1p03,1
1307,TL_MpP1p06,2
1307,TL_MpP1p07,1
1307,TL_MpP1p08,1
1307,TX_MpP1p09,1
1307,TL_MpP1p09,1
1308,TX_MpP1p07,1
1309,TL_MpP1p01,1
1309,TX_MpP1p02,1
1309,TL_MpP1p03,2
1310,TL_MpP1p02,1
1310,TX_MpP1p04,1
1310,TL_MpP1p05,1
1310,TL_MpP1p08,1
1310,TX_MpP1p09,1
1310,TX_MpP1p10,1
1312,TL_MpP1p01,1
1312,TL_MpP1p03,1
1312,TL_MpP1p07,3
1314,TL_MpP1p03,1
1319,TX_MpP1p06,1
