locus,state,time_s,count
MpP1p01,R,0,0
MpP1p01,R,4,0
MpP1p01,R,8,0
MpP1p01,R,12,0
MpP1p01,R,16,0
MpP1p01,R,20,0
MpP1p01,R,24,0
MpP1p01,R,28,0
MpP1p01,R,32,0
MpP1p01,R,36,0
MpP1p01,R,40,0
MpP1p01,R,44,0
MpP1p01,R,48,0
MpP1p01,R,52,0
MpP1p01,R,56,0
MpP1p01,R,60,0
MpP1p01,R,64,1
MpP1p01,R,68,0
MpP1p01,R,72,0
MpP1p01,R,76,0
MpP1p01,R,80,0
MpP1p01,R,84,0
MpP1p01,R,88,0
MpP1p01,R,92,0
MpP1p01,R,96,0
MpP1p01,R,100,0
MpP1p01,R,104,0
MpP1p01,R,108,0
MpP1p01,R,112,0
MpP1p01,R,116,0
MpP1p01,R,120,0
MpP1p01,R,124,0
MpP1p01,R,128,0
MpP1p01,R,132,0
MpP1p01,R,136,0
MpP1p01,R,140,0
MpP1p01,R,144,0
MpP1p01,R,148,0
MpP1p01,R,152,0
MpP1p01,R,156,0
MpP1p01,R,160,0
MpP1p01,R,164,0
MpP1p01,R,168,0
MpP1p01,R,172,0
MpP1p01,R,176,0
MpP1p01,R,180,0
MpP1p01,R,184,1
MpP1p01,R,188,0
MpP1p01,R,192,0
MpP1p01,R,196,0
MpP1p01,R,200,0
MpP1p01,R,204,1
MpP1p01,R,208,0
MpP1p01,R,212,0
MpP1p01,R,216,0
MpP1p01,R,220,0
MpP1p01,R,224,0
MpP1p01,R,228,0
MpP1p01,R,232,0
MpP1p01,R,236,0
MpP1p01,R,240,0
MpP1p01,R,244,0
MpP1p01,R,248,0
MpP1p01,R,252,0
MpP1p01,R,256,0
MpP1p01,R,260,0
MpP1p01,R,264,0
MpP1p01,R,268,0
MpP1p01,R,272,0
MpP1p01,R,276,0
MpP1p01,R,280,0
MpP1p01,R,284,0
MpP1p01,R,288,0
MpP1p01,R,292,0
MpP1p01,R,296,0
MpP1p01,R,300,1
MpP1p01,R,304,0
MpP1p01,R,308,1
MpP1p01,R,312,0
MpP1p01,R,316,0
MpP1p01,R,320,0
MpP1p01,R,324,0
MpP1p01,R,328,0
MpP1p01,R,332,1
MpP1p01,R,336,1
MpP1p01,R,340,0
MpP1p01,R,344,0
MpP1p01,R,348,0
MpP1p01,R,352,0
MpP1p01,R,356,0
MpP1p01,R,360,0
MpP1p01,R,364,0
MpP1p01,R,368,0
MpP1p01,R,372,0
MpP1p01,R,376,1
MpP1p01,R,380,1
MpP1p01,R,384,0
MpP1p01,R,388,0
MpP1p01,R,392,1
MpP1p01,R,396,2
MpP1p01,R,400,2
MpP1p01,R,404,2
MpP1p01,R,408,2
MpP1p01,R,412,1
MpP1p01,R,416,1
MpP1p01,R,420,1
MpP1p01,R,424,0
MpP1p01,R,428,0
MpP1p01,R,432,0
MpP1p01,R,436,0
MpP1p01,R,440,1
MpP1p01,R,444,1
MpP1p01,R,448,1
MpP1p01,R,452,1
MpP1p01,R,456,0
MpP1p01,R,460,0
MpP1p01,R,464,2
MpP1p01,R,468,2
MpP1p01,R,472,0
MpP1p01,R,476,1
MpP1p01,R,480,1
MpP1p01,R,484,0
MpP1p01,R,488,1
MpP1p01,R,492,1
MpP1p01,R,496,0
MpP1p01,R,500,0
MpP1p01,R,504,1
MpP1p01,R,508,1
MpP1p01,R,512,0
MpP1p01,R,516,0
MpP1p01,R,520,0
MpP1p01,R,524,0
MpP1p01,R,528,0
MpP1p01,R,532,0
MpP1p01,R,536,1
MpP1p01,R,540,0
MpP1p01,R,544,3
MpP1p01,R,548,0
MpP1p01,R,552,1
MpP1p01,R,556,2
MpP1p01,R,560,1
MpP1p01,R,564,0
MpP1p01,R,568,0
MpP1p01,R,572,0
MpP1p01,R,576,0
MpP1p01,R,580,0
MpP1p01,R,584,0
MpP1p01,R,588,1
MpP1p01,R,592,1
MpP1p01,R,596,0
MpP1p01,R,600,2
MpP1p01,R,604,2
MpP1p01,R,608,1
MpP1p01,R,612,0
MpP1p01,R,616,0
MpP1p01,R,620,0
MpP1p01,R,624,0
MpP1p01,R,628,0
MpP1p01,R,632,0
MpP1p01,R,636,0
MpP1p01,R,640,3
MpP1p01,R,644,0
MpP1p01,R,648,1
MpP1p01,R,652,0
MpP1p01,R,656,0
MpP1p01,R,660,0
MpP1p01,R,664,0
MpP1p01,R,668,1
MpP1p01,R,672,0
MpP1p01,R,676,0
MpP1p01,R,680,1
MpP1p01,R,684,0
MpP1p01,R,688,2
MpP1p01,R,692,1
MpP1p01,R,696,0
MpP1p01,R,700,0
MpP1p01,R,704,1
MpP1p01,R,708,1
MpP1p01,R,712,0
MpP1p01,R,716,0
MpP1p01,R,720,1
MpP1p01,R,724,0
MpP1p01,R,728,0
MpP1p01,R,732,0
MpP1p01,R,736,0
MpP1p01,R,740,0
MpP1p01,R,744,0
MpP1p01,R,748,0
MpP1p01,R,752,0
MpP1p01,R,756,1
MpP1p01,R,760,1
MpP1p01,R,764,0
MpP1p01,R,768,2
MpP1p01,R,772,1
MpP1p01,R,776,0
MpP1p01,R,780,1
MpP1p01,R,784,1
MpP1p01,R,788,1
MpP1p01,R,792,1
MpP1p01,R,796,0
MpP1p01,R,800,0
MpP1p01,R,804,1
MpP1p01,R,808,2
MpP1p01,R,812,1
MpP1p01,R,816,1
MpP1p01,R,820,4
MpP1p01,R,824,2
MpP1p01,R,828,2
MpP1p01,R,832,1
MpP1p01,R,836,1
MpP1p01,R,840,0
MpP1p01,R,844,1
MpP1p01,R,848,1
MpP1p01,R,852,1
MpP1p01,R,856,2
MpP1p01,R,860,2
MpP1p01,R,864,2
MpP1p01,R,868,2
MpP1p01,R,872,3
MpP1p01,R,876,3
MpP1p01,R,880,1
MpP1p01,R,884,1
MpP1p01,R,888,1
MpP1p01,R,892,0
MpP1p01,R,896,0
MpP1p01,R,900,1
MpP1p01,R,904,2
MpP1p01,R,908,1
MpP1p01,R,912,1
MpP1p01,R,916,0
MpP1p01,R,920,0
MpP1p01,R,924,0
MpP1p01,R,928,0
MpP1p01,R,932,0
MpP1p01,R,936,0
MpP1p01,R,940,0
MpP1p01,R,944,0
MpP1p01,R,948,2
MpP1p01,R,952,2
MpP1p01,R,956,3
MpP1p01,R,960,2
MpP1p01,R,964,2
MpP1p01,R,968,4
MpP1p01,R,972,3
MpP1p01,R,976,4
MpP1p01,R,980,4
MpP1p01,R,984,5
MpP1p01,R,988,4
MpP1p01,R,992,4
MpP1p01,R,996,4
MpP1p01,R,1000,5
MpP1p01,R,1004,1
MpP1p01,R,1008,1
MpP1p01,R,1012,1
MpP1p01,R,1016,1
MpP1p01,R,1020,1
MpP1p01,R,1024,1
MpP1p01,R,1028,0
MpP1p01,R,1032,0
MpP1p01,R,1036,2
MpP1p01,R,1040,2
MpP1p01,R,1044,2
MpP1p01,R,1048,2
MpP1p01,R,1052,3
MpP1p01,R,1056,2
MpP1p01,R,1060,1
MpP1p01,R,1064,0
MpP1p01,R,1068,3
MpP1p01,R,1072,4
MpP1p01,R,1076,4
MpP1p01,R,1080,7
MpP1p01,R,1084,6
MpP1p01,R,1088,3
MpP1p01,R,1092,4
MpP1p01,R,1096,3
MpP1p01,R,1100,3
MpP1p01,R,1104,4
MpP1p01,R,1108,3
MpP1p01,R,1112,2
MpP1p01,R,1116,3
MpP1p01,R,1120,4
MpP1p01,R,1124,4
MpP1p01,R,1128,4
MpP1p01,R,1132,4
MpP1p01,R,1136,6
MpP1p01,R,1140,8
MpP1p01,R,1144,5
MpP1p01,R,1148,4
MpP1p01,R,1152,4
MpP1p01,R,1156,3
MpP1p01,R,1160,4
MpP1p01,R,1164,4
MpP1p01,R,1168,4
MpP1p01,R,1172,3
MpP1p01,R,1176,4
MpP1p01,R,1180,7
MpP1p01,R,1184,9
MpP1p01,R,1188,7
MpP1p01,R,1192,6
MpP1p01,R,1196,6
MpP1p01,R,1200,7
MpP1p01,R,1204,7
MpP1p01,R,1208,9
MpP1p01,R,1212,10
MpP1p01,R,1216,8
MpP1p01,R,1220,10
MpP1p01,R,1224,6
MpP1p01,R,1228,6
MpP1p01,R,1232,10
MpP1p01,R,1236,8
MpP1p01,R,1240,12
MpP1p01,R,1244,7
MpP1p01,R,1248,7
MpP1p01,R,1252,11
MpP1p01,R,1256,15
MpP1p01,R,1260,11
MpP1p01,R,1264,12
MpP1p01,R,1268,6
MpP1p01,R,1272,10
MpP1p01,R,1276,10
MpP1p01,R,1280,12
MpP1p01,R,1284,8
MpP1p01,R,1288,11
MpP1p01,R,1292,12
MpP1p01,R,1296,14
MpP1p01,R,1300,13
MpP1p01,R,1304,13
MpP1p01,R,1308,10
MpP1p01,R,1312,6
MpP1p01,R,1316,1
MpP1p01,R,1320,0
MpP1p01,R,1324,0
MpP1p01,R,1328,0
MpP1p01,R,1332,0
MpP1p01,R,1336,0
MpP1p01,R,1340,0
MpP1p01,R,1344,0
MpP1p01,R,1348,0
MpP1p01,R,1352,0
MpP1p01,R,1356,0
MpP1p01,R,1360,0
MpP1p01,R,1364,0
MpP1p01,R,1368,0
MpP1p01,R,1372,0
MpP1p01,R,1376,0
MpP1p01,R,1380,0
MpP1p01,R,1384,0
MpP1p01,R,1388,0
MpP1p01,R,1392,0
MpP1p01,R,1396,0
MpP1p01,R,1400,0
MpP1p01,R,1404,0
MpP1p01,R,1408,0
MpP1p01,R,1412,0
MpP1p01,R,1416,0
MpP1p01,R,1420,0
MpP1p01,R,1424,0
MpP1p01,R,1428,0
MpP1p01,R,1432,0
MpP1p01,R,1436,0
MpP1p01,R,1440,0
MpP1p01,R,1444,0
MpP1p01,R,1448,0
MpP1p01,R,1452,0
MpP1p01,R,1456,0
MpP1p01,R,1460,0
MpP1p01,R,1464,0
MpP1p01,R,1468,0
MpP1p01,R,1472,0
MpP1p01,R,1476,0
MpP1p01,R,1480,0
MpP1p02,R,0,0
MpP1p02,R,4,0
MpP1p02,R,8,0
MpP1p02,R,12,0
MpP1p02,R,16,0
MpP1p02,R,20,0
MpP1p02,R,24,0
MpP1p02,R,28,0
MpP1p02,R,32,0
MpP1p02,R,36,0
MpP1p02,R,40,0
MpP1p02,R,44,1
MpP1p02,R,48,1
MpP1p02,R,52,1
MpP1p02,R,56,1
MpP1p02,R,60,0
MpP1p02,R,64,0
MpP1p02,R,68,1
MpP1p02,R,72,0
MpP1p02,R,76,0
MpP1p02,R,80,1
MpP1p02,R,84,0
MpP1p02,R,88,1
MpP1p02,R,92,0
MpP1p02,R,96,1
MpP1p02,R,100,1
MpP1p02,R,104,0
MpP1p02,R,108,0
MpP1p02,R,112,2
MpP1p02,R,116,1
MpP1p02,R,120,1
MpP1p02,R,124,2
MpP1p02,R,128,1
MpP1p02,R,132,0
MpP1p02,R,136,1
MpP1p02,R,140,1
MpP1p02,R,144,1
MpP1p02,R,148,1
MpP1p02,R,152,1
MpP1p02,R,156,1
MpP1p02,R,160,1
MpP1p02,R,164,2
MpP1p02,R,168,2
MpP1p02,R,172,1
MpP1p02,R,176,2
MpP1p02,R,180,3
MpP1p02,R,184,2
MpP1p02,R,188,1
MpP1p02,R,192,1
MpP1p02,R,196,1
MpP1p02,R,200,1
MpP1p02,R,204,2
MpP1p02,R,208,1
MpP1p02,R,212,1
MpP1p02,R,216,2
MpP1p02,R,220,1
MpP1p02,R,224,2
MpP1p02,R,228,3
MpP1p02,R,232,3
MpP1p02,R,236,2
MpP1p02,R,240,1
MpP1p02,R,244,1
MpP1p02,R,248,2
MpP1p02,R,252,2
MpP1p02,R,256,3
MpP1p02,R,260,1
MpP1p02,R,264,2
MpP1p02,R,268,3
MpP1p02,R,272,1
MpP1p02,R,276,0
MpP1p02,R,280,5
MpP1p02,R,284,3
MpP1p02,R,288,3
MpP1p02,R,292,4
MpP1p02,R,296,4
MpP1p02,R,300,2
MpP1p02,R,304,3
MpP1p02,R,308,3
MpP1p02,R,312,3
MpP1p02,R,316,3
MpP1p02,R,320,2
MpP1p02,R,324,3
MpP1p02,R,328,2
MpP1p02,R,332,2
MpP1p02,R,336,3
MpP1p02,R,340,2
MpP1p02,R,344,3
MpP1p02,R,348,3
MpP1p02,R,352,2
MpP1p02,R,356,1
MpP1p02,R,360,3
MpP1p02,R,364,4
MpP1p02,R,368,3
MpP1p02,R,372,2
MpP1p02,R,376,3
MpP1p02,R,380,1
MpP1p02,R,384,3
MpP1p02,R,388,3
MpP1p02,R,392,3
MpP1p02,R,396,3
MpP1p02,R,400,3
MpP1p02,R,404,2
MpP1p02,R,408,2
MpP1p02,R,412,3
MpP1p02,R,416,4
MpP1p02,R,420,3
MpP1p02,R,424,3
MpP1p02,R,428,3
MpP1p02,R,432,3
MpP1p02,R,436,3
MpP1p02,R,440,2
MpP1p02,R,444,2
MpP1p02,R,448,2
MpP1p02,R,452,2
MpP1p02,R,456,3
MpP1p02,R,460,2
MpP1p02,R,464,2
MpP1p02,R,468,2
MpP1p02,R,472,0
MpP1p02,R,476,1
MpP1p02,R,480,2
MpP1p02,R,484,2
MpP1p02,R,488,1
MpP1p02,R,492,2
MpP1p02,R,496,3
MpP1p02,R,500,1
MpP1p02,R,504,2
MpP1p02,R,508,4
MpP1p02,R,512,3
MpP1p02,R,516,1
MpP1p02,R,520,3
MpP1p02,R,524,4
MpP1p02,R,528,5
MpP1p02,R,532,3
MpP1p02,R,536,2
MpP1p02,R,540,6
MpP1p02,R,544,5
MpP1p02,R,548,3
MpP1p02,R,552,2
MpP1p02,R,556,3
MpP1p02,R,560,3
MpP1p02,R,564,2
MpP1p02,R,568,3
MpP1p02,R,572,4
MpP1p02,R,576,3
MpP1p02,R,580,3
MpP1p02,R,584,3
MpP1p02,R,588,6
MpP1p02,R,592,4
MpP1p02,R,596,3
MpP1p02,R,600,1
MpP1p02,R,604,3
MpP1p02,R,608,2
MpP1p02,R,612,2
MpP1p02,R,616,2
MpP1p02,R,620,2
MpP1p02,R,624,2
MpP1p02,R,628,2
MpP1p02,R,632,3
MpP1p02,R,636,2
MpP1p02,R,640,4
MpP1p02,R,644,4
MpP1p02,R,648,4
MpP1p02,R,652,5
MpP1p02,R,656,3
MpP1p02,R,660,3
MpP1p02,R,664,6
MpP1p02,R,668,4
MpP1p02,R,672,4
MpP1p02,R,676,4
MpP1p02,R,680,4
MpP1p02,R,684,3
MpP1p02,R,688,2
MpP1p02,R,692,4
MpP1p02,R,696,6
MpP1p02,R,700,3
MpP1p02,R,704,4
MpP1p02,R,708,4
MpP1p02,R,712,3
MpP1p02,R,716,4
MpP1p02,R,720,5
MpP1p02,R,724,5
MpP1p02,R,728,6
MpP1p02,R,732,8
MpP1p02,R,736,4
MpP1p02,R,740,4
MpP1p02,R,744,4
MpP1p02,R,748,5
MpP1p02,R,752,3
MpP1p02,R,756,6
MpP1p02,R,760,4
MpP1p02,R,764,7
MpP1p02,R,768,6
MpP1p02,R,772,5
MpP1p02,R,776,6
MpP1p02,R,780,5
MpP1p02,R,784,5
MpP1p02,R,788,5
MpP1p02,R,792,6
MpP1p02,R,796,8
MpP1p02,R,800,7
MpP1p02,R,804,8
MpP1p02,R,808,3
MpP1p02,R,812,5
MpP1p02,R,816,5
MpP1p02,R,820,4
MpP1p02,R,824,4
MpP1p02,R,828,6
MpP1p02,R,832,5
MpP1p02,R,836,4
MpP1p02,R,840,5
MpP1p02,R,844,6
MpP1p02,R,848,4
MpP1p02,R,852,3
MpP1p02,R,856,3
MpP1p02,R,860,6
MpP1p02,R,864,5
MpP1p02,R,868,7
MpP1p02,R,872,8
MpP1p02,R,876,5
MpP1p02,R,880,6
MpP1p02,R,884,7
MpP1p02,R,888,5
MpP1p02,R,892,4
MpP1p02,R,896,5
MpP1p02,R,900,7
MpP1p02,R,904,4
MpP1p02,R,908,7
MpP1p02,R,912,7
MpP1p02,R,916,5
MpP1p02,R,920,9
MpP1p02,R,924,9
MpP1p02,R,928,7
MpP1p02,R,932,8
MpP1p02,R,936,8
MpP1p02,R,940,5
MpP1p02,R,944,11
MpP1p02,R,948,7
MpP1p02,R,952,11
MpP1p02,R,956,7
MpP1p02,R,960,12
MpP1p02,R,964,11
MpP1p02,R,968,8
MpP1p02,R,972,7
MpP1p02,R,976,7
MpP1p02,R,980,7
MpP1p02,R,984,9
MpP1p02,R,988,7
MpP1p02,R,992,9
MpP1p02,R,996,10
MpP1p02,R,1000,9
MpP1p02,R,1004,9
MpP1p02,R,1008,8
MpP1p02,R,1012,8
MpP1p02,R,1016,10
MpP1p02,R,1020,13
MpP1p02,R,1024,12
MpP1p02,R,1028,7
MpP1p02,R,1032,10
MpP1p02,R,1036,8
MpP1p02,R,1040,7
MpP1p02,R,1044,11
MpP1p02,R,1048,15
MpP1p02,R,1052,14
MpP1p02,R,1056,11
MpP1p02,R,1060,10
MpP1p02,R,1064,10
MpP1p02,R,1068,8
MpP1p02,R,1072,12
MpP1p02,R,1076,10
MpP1p02,R,1080,5
MpP1p02,R,1084,8
MpP1p02,R,1088,9
MpP1p02,R,1092,9
MpP1p02,R,1096,11
MpP1p02,R,1100,13
MpP1p02,R,1104,15
MpP1p02,R,1108,17
MpP1p02,R,1112,18
MpP1p02,R,1116,18
MpP1p02,R,1120,16
MpP1p02,R,1124,13
MpP1p02,R,1128,7
MpP1p02,R,1132,10
MpP1p02,R,1136,19
MpP1p02,R,1140,14
MpP1p02,R,1144,11
MpP1p02,R,1148,11
MpP1p02,R,1152,18
MpP1p02,R,1156,13
MpP1p02,R,1160,11
MpP1p02,R,1164,11
MpP1p02,R,1168,18
MpP1p02,R,1172,12
MpP1p02,R,1176,17
MpP1p02,R,1180,14
MpP1p02,R,1184,16
MpP1p02,R,1188,15
MpP1p02,R,1192,22
MpP1p02,R,1196,20
MpP1p02,R,1200,20
MpP1p02,R,1204,17
MpP1p02,R,1208,16
MpP1p02,R,1212,16
MpP1p02,R,1216,15
MpP1p02,R,1220,19
MpP1p02,R,1224,19
MpP1p02,R,1228,13
MpP1p02,R,1232,12
MpP1p02,R,1236,20
MpP1p02,R,1240,24
MpP1p02,R,1244,23
MpP1p02,R,1248,25
MpP1p02,R,1252,26
MpP1p02,R,1256,21
MpP1p02,R,1260,26
MpP1p02,R,1264,27
MpP1p02,R,1268,27
MpP1p02,R,1272,30
MpP1p02,R,1276,26
MpP1p02,R,1280,29
MpP1p02,R,1284,32
MpP1p02,R,1288,35
MpP1p02,R,1292,34
MpP1p02,R,1296,31
MpP1p02,R,1300,35
MpP1p02,R,1304,27
MpP1p02,R,1308,23
MpP1p02,R,1312,10
MpP1p02,R,1316,1
MpP1p02,R,1320,0
MpP1p02,R,1324,0
MpP1p02,R,1328,0
MpP1p02,R,1332,0
MpP1p02,R,1336,0
MpP1p02,R,1340,0
MpP1p02,R,1344,0
MpP1p02,R,1348,0
MpP1p02,R,1352,0
MpP1p02,R,1356,0
MpP1p02,R,1360,0
MpP1p02,R,1364,0
MpP1p02,R,1368,0
MpP1p02,R,1372,0
MpP1p02,R,1376,0
MpP1p02,R,1380,0
MpP1p02,R,1384,0
MpP1p02,R,1388,0
MpP1p02,R,1392,0
MpP1p02,R,1396,0
MpP1p02,R,1400,0
MpP1p02,R,1404,0
MpP1p02,R,1408,0
MpP1p02,R,1412,0
MpP1p02,R,1416,0
MpP1p02,R,1420,0
MpP1p02,R,1424,0
MpP1p02,R,1428,0
MpP1p02,R,1432,0
MpP1p02,R,1436,0
MpP1p02,R,1440,0
MpP1p02,R,1444,0
MpP1p02,R,1448,0
MpP1p02,R,1452,0
MpP1p02,R,1456,0
MpP1p02,R,1460,0
MpP1p02,R,1464,0
MpP1p02,R,1468,0
MpP1p02,R,1472,0
MpP1p02,R,1476,0
MpP1p02,R,1480,0
MpP1p03,R,0,0
MpP1p03,R,4,0
MpP1p03,R,8,0
MpP1p03,R,12,0
MpP1p03,R,16,0
MpP1p03,R,20,0
MpP1p03,R,24,0
MpP1p03,R,28,0
MpP1p03,R,32,0
MpP1p03,R,36,0
MpP1p03,R,40,0
MpP1p03,R,44,0
MpP1p03,R,48,0
MpP1p03,R,52,0
MpP1p03,R,56,0
MpP1p03,R,60,0
MpP1p03,R,64,0
MpP1p03,R,68,0
MpP1p03,R,72,0
MpP1p03,R,76,0
MpP1p03,R,80,0
MpP1p03,R,84,0
MpP1p03,R,88,0
MpP1p03,R,92,0
MpP1p03,R,96,0
MpP1p03,R,100,0
MpP1p03,R,104,0
MpP1p03,R,108,0
MpP1p03,R,112,0
MpP1p03,R,116,1
MpP1p03,R,120,1
MpP1p03,R,124,0
MpP1p03,R,128,0
MpP1p03,R,132,0
MpP1p03,R,136,0
MpP1p03,R,140,0
MpP1p03,R,144,0
MpP1p03,R,148,0
MpP1p03,R,152,0
MpP1p03,R,156,0
MpP1p03,R,160,0
MpP1p03,R,164,0
MpP1p03,R,168,0
MpP1p03,R,172,1
MpP1p03,R,176,1
MpP1p03,R,180,1
MpP1p03,R,184,1
MpP1p03,R,188,1
MpP1p03,R,192,1
MpP1p03,R,196,1
MpP1p03,R,200,1
MpP1p03,R,204,1
MpP1p03,R,208,0
MpP1p03,R,212,2
MpP1p03,R,216,2
MpP1p03,R,220,1
MpP1p03,R,224,0
MpP1p03,R,228,0
MpP1p03,R,232,0
MpP1p03,R,236,0
MpP1p03,R,240,0
MpP1p03,R,244,0
MpP1p03,R,248,0
MpP1p03,R,252,2
MpP1p03,R,256,2
MpP1p03,R,260,2
MpP1p03,R,264,2
MpP1p03,R,268,2
MpP1p03,R,272,2
MpP1p03,R,276,1
MpP1p03,R,280,0
MpP1p03,R,284,0
MpP1p03,R,288,0
MpP1p03,R,292,1
MpP1p03,R,296,1
MpP1p03,R,300,1
MpP1p03,R,304,1
MpP1p03,R,308,1
MpP1p03,R,312,2
MpP1p03,R,316,1
MpP1p03,R,320,2
MpP1p03,R,324,0
MpP1p03,R,328,1
MpP1p03,R,332,0
MpP1p03,R,336,1
MpP1p03,R,340,0
MpP1p03,R,344,1
MpP1p03,R,348,3
MpP1p03,R,352,3
MpP1p03,R,356,3
MpP1p03,R,360,2
MpP1p03,R,364,2
MpP1p03,R,368,1
MpP1p03,R,372,2
MpP1p03,R,376,3
MpP1p03,R,380,3
MpP1p03,R,384,3
MpP1p03,R,388,2
MpP1p03,R,392,2
MpP1p03,R,396,1
MpP1p03,R,400,1
MpP1p03,R,404,1
MpP1p03,R,408,1
MpP1p03,R,412,1
MpP1p03,R,416,1
MpP1p03,R,420,0
MpP1p03,R,424,1
MpP1p03,R,428,1
MpP1p03,R,432,1
MpP1p03,R,436,2
MpP1p03,R,440,2
MpP1p03,R,444,2
MpP1p03,R,448,1
MpP1p03,R,452,2
MpP1p03,R,456,2
MpP1p03,R,460,2
MpP1p03,R,464,2
MpP1p03,R,468,1
MpP1p03,R,472,2
MpP1p03,R,476,1
MpP1p03,R,480,2
MpP1p03,R,484,2
MpP1p03,R,488,2
MpP1p03,R,492,1
MpP1p03,R,496,1
MpP1p03,R,500,1
MpP1p03,R,504,2
MpP1p03,R,508,0
MpP1p03,R,512,1
MpP1p03,R,516,1
MpP1p03,R,520,2
MpP1p03,R,524,2
MpP1p03,R,528,3
MpP1p03,R,532,0
MpP1p03,R,536,1
MpP1p03,R,540,1
MpP1p03,R,544,2
MpP1p03,R,548,2
MpP1p03,R,552,2
MpP1p03,R,556,2
MpP1p03,R,560,1
MpP1p03,R,564,2
MpP1p03,R,568,0
MpP1p03,R,572,3
MpP1p03,R,576,3
MpP1p03,R,580,1
MpP1p03,R,584,2
MpP1p03,R,588,3
MpP1p03,R,592,1
MpP1p03,R,596,1
MpP1p03,R,600,1
MpP1p03,R,604,2
MpP1p03,R,608,2
MpP1p03,R,612,3
MpP1p03,R,616,2
MpP1p03,R,620,1
MpP1p03,R,624,2
MpP1p03,R,628,1
MpP1p03,R,632,3
MpP1p03,R,636,3
MpP1p03,R,640,2
MpP1p03,R,644,2
MpP1p03,R,648,1
MpP1p03,R,652,2
MpP1p03,R,656,2
MpP1p03,R,660,2
MpP1p03,R,664,1
MpP1p03,R,668,2
MpP1p03,R,672,2
MpP1p03,R,676,2
MpP1p03,R,680,0
MpP1p03,R,684,1
MpP1p03,R,688,2
MpP1p03,R,692,2
MpP1p03,R,696,2
MpP1p03,R,700,1
MpP1p03,R,704,1
MpP1p03,R,708,1
MpP1p03,R,712,1
MpP1p03,R,716,1
MpP1p03,R,720,1
MpP1p03,R,724,1
MpP1p03,R,728,1
MpP1p03,R,732,1
MpP1p03,R,736,1
MpP1p03,R,740,0
MpP1p03,R,744,0
MpP1p03,R,748,0
MpP1p03,R,752,0
MpP1p03,R,756,2
MpP1p03,R,760,2
MpP1p03,R,764,1
MpP1p03,R,768,1
MpP1p03,R,772,3
MpP1p03,R,776,3
MpP1p03,R,780,3
MpP1p03,R,784,2
MpP1p03,R,788,2
MpP1p03,R,792,3
MpP1p03,R,796,3
MpP1p03,R,800,2
MpP1p03,R,804,0
MpP1p03,R,808,2
MpP1p03,R,812,2
MpP1p03,R,816,2
MpP1p03,R,820,1
MpP1p03,R,824,2
MpP1p03,R,828,2
MpP1p03,R,832,1
MpP1p03,R,836,1
MpP1p03,R,840,1
MpP1p03,R,844,0
MpP1p03,R,848,2
MpP1p03,R,852,1
MpP1p03,R,856,1
MpP1p03,R,860,2
MpP1p03,R,864,1
MpP1p03,R,868,1
MpP1p03,R,872,1
MpP1p03,R,876,2
MpP1p03,R,880,1
MpP1p03,R,884,2
MpP1p03,R,888,4
MpP1p03,R,892,4
MpP1p03,R,896,2
MpP1p03,R,900,1
MpP1p03,R,904,1
MpP1p03,R,908,1
MpP1p03,R,912,2
MpP1p03,R,916,1
MpP1p03,R,920,2
MpP1p03,R,924,1
MpP1p03,R,928,2
MpP1p03,R,932,3
MpP1p03,R,936,4
MpP1p03,R,940,4
MpP1p03,R,944,3
MpP1p03,R,948,4
MpP1p03,R,952,6
MpP1p03,R,956,5
MpP1p03,R,960,2
MpP1p03,R,964,1
MpP1p03,R,968,2
MpP1p03,R,972,4
MpP1p03,R,976,5
MpP1p03,R,980,2
MpP1p03,R,984,4
MpP1p03,R,988,3
MpP1p03,R,992,1
MpP1p03,R,996,3
MpP1p03,R,1000,5
MpP1p03,R,1004,4
MpP1p03,R,1008,3
MpP1p03,R,1012,4
MpP1p03,R,1016,4
MpP1p03,R,1020,3
MpP1p03,R,1024,4
MpP1p03,R,1028,2
MpP1p03,R,1032,3
MpP1p03,R,1036,7
MpP1p03,R,1040,6
MpP1p03,R,1044,8
MpP1p03,R,1048,4
MpP1p03,R,1052,4
MpP1p03,R,1056,6
MpP1p03,R,1060,6
MpP1p03,R,1064,8
MpP1p03,R,1068,7
MpP1p03,R,1072,10
MpP1p03,R,1076,13
MpP1p03,R,1080,11
MpP1p03,R,1084,11
MpP1p03,R,1088,7
MpP1p03,R,1092,8
MpP1p03,R,1096,9
MpP1p03,R,1100,11
MpP1p03,R,1104,12
MpP1p03,R,1108,12
MpP1p03,R,1112,11
MpP1p03,R,1116,11
MpP1p03,R,1120,9
MpP1p03,R,1124,9
MpP1p03,R,1128,11
MpP1p03,R,1132,10
MpP1p03,R,1136,13
MpP1p03,R,1140,13
MpP1p03,R,1144,9
MpP1p03,R,1148,9
MpP1p03,R,1152,10
MpP1p03,R,1156,9
MpP1p03,R,1160,12
MpP1p03,R,1164,12
MpP1p03,R,1168,9
MpP1p03,R,1172,9
MpP1p03,R,1176,9
MpP1p03,R,1180,12
MpP1p03,R,1184,13
MpP1p03,R,1188,10
MpP1p03,R,1192,12
MpP1p03,R,1196,12
MpP1p03,R,1200,9
MpP1p03,R,1204,14
MpP1p03,R,1208,14
MpP1p03,R,1212,16
MpP1p03,R,1216,15
MpP1p03,R,1220,15
MpP1p03,R,1224,15
MpP1p03,R,1228,15
MpP1p03,R,1232,15
MpP1p03,R,1236,16
MpP1p03,R,1240,18
MpP1p03,R,1244,16
MpP1p03,R,1248,17
MpP1p03,R,1252,24
MpP1p03,R,1256,21
MpP1p03,R,1260,21
MpP1p03,R,1264,21
MpP1p03,R,1268,25
MpP1p03,R,1272,31
MpP1p03,R,1276,28
MpP1p03,R,1280,27
MpP1p03,R,1284,28
MpP1p03,R,1288,27
MpP1p03,R,1292,29
MpP1p03,R,1296,32
MpP1p03,R,1300,30
MpP1p03,R,1304,26
MpP1p03,R,1308,15
MpP1p03,R,1312,7
MpP1p03,R,1316,1
MpP1p03,R,1320,0
MpP1p03,R,1324,0
MpP1p03,R,1328,0
MpP1p03,R,1332,0
MpP1p03,R,1336,0
MpP1p03,R,1340,0
MpP1p03,R,1344,0
MpP1p03,R,1348,0
MpP1p03,R,1352,0
MpP1p03,R,1356,0
MpP1p03,R,1360,0
MpP1p03,R,1364,0
MpP1p03,R,1368,0
MpP1p03,R,1372,0
MpP1p03,R,1376,0
MpP1p03,R,1380,0
MpP1p03,R,1384,0
MpP1p03,R,1388,0
MpP1p03,R,1392,0
MpP1p03,R,1396,0
MpP1p03,R,1400,0
MpP1p03,R,1404,0
MpP1p03,R,1408,0
MpP1p03,R,1412,0
MpP1p03,R,1416,0
MpP1p03,R,1420,0
MpP1p03,R,1424,0
MpP1p03,R,1428,0
MpP1p03,R,1432,0
MpP1p03,R,1436,0
MpP1p03,R,1440,0
MpP1p03,R,1444,0
MpP1p03,R,1448,0
MpP1p03,R,1452,0
MpP1p03,R,1456,0
MpP1p03,R,1460,0
MpP1p03,R,1464,0
MpP1p03,R,1468,0
MpP1p03,R,1472,0
MpP1p03,R,1476,0
MpP1p03,R,1480,0
MpP1p04,R,0,0
MpP1p04,R,4,0
MpP1p04,R,8,0
MpP1p04,R,12,0
MpP1p04,R,16,0
MpP1p04,R,20,0
MpP1p04,R,24,1
MpP1p04,R,28,2
MpP1p04,R,32,2
MpP1p04,R,36,1
MpP1p04,R,40,1
MpP1p04,R,44,1
MpP1p04,R,48,1
MpP1p04,R,52,1
MpP1p04,R,56,1
MpP1p04,R,60,3
MpP1p04,R,64,3
MpP1p04,R,68,4
MpP1p04,R,72,2
MpP1p04,R,76,1
MpP1p04,R,80,2
MpP1p04,R,84,3
MpP1p04,R,88,2
MpP1p04,R,92,2
MpP1p04,R,96,2
MpP1p04,R,100,3
MpP1p04,R,104,2
MpP1p04,R,108,0
MpP1p04,R,112,0
MpP1p04,R,116,2
MpP1p04,R,120,2
MpP1p04,R,124,3
MpP1p04,R,128,3
MpP1p04,R,132,3
MpP1p04,R,136,2
MpP1p04,R,140,2
MpP1p04,R,144,2
MpP1p04,R,148,2
MpP1p04,R,152,3
MpP1p04,R,156,3
MpP1p04,R,160,1
MpP1p04,R,164,2
MpP1p04,R,168,1
MpP1p04,R,172,2
MpP1p04,R,176,1
MpP1p04,R,180,1
MpP1p04,R,184,3
MpP1p04,R,188,3
MpP1p04,R,192,1
MpP1p04,R,196,5
MpP1p04,R,200,3
MpP1p04,R,204,1
MpP1p04,R,208,4
MpP1p04,R,212,2
MpP1p04,R,216,2
MpP1p04,R,220,3
MpP1p04,R,224,1
MpP1p04,R,228,2
MpP1p04,R,232,3
MpP1p04,R,236,2
MpP1p04,R,240,3
MpP1p04,R,244,2
MpP1p04,R,248,2
MpP1p04,R,252,3
MpP1p04,R,256,2
MpP1p04,R,260,4
MpP1p04,R,264,4
MpP1p04,R,268,3
MpP1p04,R,272,4
MpP1p04,R,276,3
MpP1p04,R,280,5
MpP1p04,R,284,4
MpP1p04,R,288,3
MpP1p04,R,292,4
MpP1p04,R,296,5
MpP1p04,R,300,4
MpP1p04,R,304,4
MpP1p04,R,308,6
MpP1p04,R,312,3
MpP1p04,R,316,3
MpP1p04,R,320,5
MpP1p04,R,324,6
MpP1p04,R,328,6
MpP1p04,R,332,3
MpP1p04,R,336,4
MpP1p04,R,340,3
MpP1p04,R,344,3
MpP1p04,R,348,2
MpP1p04,R,352,3
MpP1p04,R,356,4
MpP1p04,R,360,6
MpP1p04,R,364,4
MpP1p04,R,368,5
MpP1p04,R,372,5
MpP1p04,R,376,3
MpP1p04,R,380,6
MpP1p04,R,384,3
MpP1p04,R,388,3
MpP1p04,R,392,4
MpP1p04,R,396,4
MpP1p04,R,400,5
MpP1p04,R,404,6
MpP1p04,R,408,6
MpP1p04,R,412,6
MpP1p04,R,416,6
MpP1p04,R,420,6
MpP1p04,R,424,5
MpP1p04,R,428,4
MpP1p04,R,432,5
MpP1p04,R,436,6
MpP1p04,R,440,5
MpP1p04,R,444,5
MpP1p04,R,448,6
MpP1p04,R,452,6
MpP1p04,R,456,4
MpP1p04,R,460,4
MpP1p04,R,464,1
MpP1p04,R,468,3
MpP1p04,R,472,3
MpP1p04,R,476,6
MpP1p04,R,480,4
MpP1p04,R,484,4
MpP1p04,R,488,3
MpP1p04,R,492,6
MpP1p04,R,496,5
MpP1p04,R,500,6
MpP1p04,R,504,4
MpP1p04,R,508,2
MpP1p04,R,512,2
MpP1p04,R,516,4
MpP1p04,R,520,2
MpP1p04,R,524,2
MpP1p04,R,528,3
MpP1p04,R,532,2
MpP1p04,R,536,2
MpP1p04,R,540,5
MpP1p04,R,544,4
MpP1p04,R,548,4
MpP1p04,R,552,6
MpP1p04,R,556,5
MpP1p04,R,560,4
MpP1p04,R,564,5
MpP1p04,R,568,3
MpP1p04,R,572,4
MpP1p04,R,576,2
MpP1p04,R,580,4
MpP1p04,R,584,4
MpP1p04,R,588,2
MpP1p04,R,592,1
MpP1p04,R,596,3
MpP1p04,R,600,4
MpP1p04,R,604,4
MpP1p04,R,608,5
MpP1p04,R,612,4
MpP1p04,R,616,3
MpP1p04,R,620,6
MpP1p04,R,624,6
MpP1p04,R,628,4
MpP1p04,R,632,3
MpP1p04,R,636,2
MpP1p04,R,640,3
MpP1p04,R,644,3
MpP1p04,R,648,4
MpP1p04,R,652,4
MpP1p04,R,656,4
MpP1p04,R,660,4
MpP1p04,R,664,5
MpP1p04,R,668,5
MpP1p04,R,672,5
MpP1p04,R,676,3
MpP1p04,R,680,3
MpP1p04,R,684,3
MpP1p04,R,688,3
MpP1p04,R,692,3
MpP1p04,R,696,3
MpP1p04,R,700,4
MpP1p04,R,704,2
MpP1p04,R,708,2
MpP1p04,R,712,4
MpP1p04,R,716,3
MpP1p04,R,720,4
MpP1p04,R,724,4
MpP1p04,R,728,4
MpP1p04,R,732,3
MpP1p04,R,736,4
MpP1p04,R,740,1
MpP1p04,R,744,3
MpP1p04,R,748,2
MpP1p04,R,752,3
MpP1p04,R,756,3
MpP1p04,R,760,2
MpP1p04,R,764,2
MpP1p04,R,768,3
MpP1p04,R,772,4
MpP1p04,R,776,3
MpP1p04,R,780,3
MpP1p04,R,784,2
MpP1p04,R,788,3
MpP1p04,R,792,2
MpP1p04,R,796,3
MpP1p04,R,800,4
MpP1p04,R,804,5
MpP1p04,R,808,2
MpP1p04,R,812,2
MpP1p04,R,816,3
MpP1p04,R,820,2
MpP1p04,R,824,3
MpP1p04,R,828,2
MpP1p04,R,832,3
MpP1p04,R,836,2
MpP1p04,R,840,4
MpP1p04,R,844,2
MpP1p04,R,848,4
MpP1p04,R,852,4
MpP1p04,R,856,3
MpP1p04,R,860,2
MpP1p04,R,864,2
MpP1p04,R,868,2
MpP1p04,R,872,2
MpP1p04,R,876,4
MpP1p04,R,880,4
MpP1p04,R,884,2
MpP1p04,R,888,5
MpP1p04,R,892,5
MpP1p04,R,896,5
MpP1p04,R,900,6
MpP1p04,R,904,6
MpP1p04,R,908,5
MpP1p04,R,912,5
MpP1p04,R,916,4
MpP1p04,R,920,2
MpP1p04,R,924,3
MpP1p04,R,928,5
MpP1p04,R,932,4
MpP1p04,R,936,8
MpP1p04,R,940,5
MpP1p04,R,944,4
MpP1p04,R,948,4
MpP1p04,R,952,3
MpP1p04,R,956,3
MpP1p04,R,960,3
MpP1p04,R,964,6
MpP1p04,R,968,8
MpP1p04,R,972,5
MpP1p04,R,976,9
MpP1p04,R,980,10
MpP1p04,R,984,7
MpP1p04,R,988,8
MpP1p04,R,992,8
MpP1p04,R,996,10
MpP1p04,R,1000,8
MpP1p04,R,1004,9
MpP1p04,R,1008,8
MpP1p04,R,1012,7
MpP1p04,R,1016,7
MpP1p04,R,1020,7
MpP1p04,R,1024,9
MpP1p04,R,1028,9
MpP1p04,R,1032,9
MpP1p04,R,1036,6
MpP1p04,R,1040,7
MpP1p04,R,1044,5
MpP1p04,R,1048,8
MpP1p04,R,1052,6
MpP1p04,R,1056,9
MpP1p04,R,1060,6
MpP1p04,R,1064,4
MpP1p04,R,1068,5
MpP1p04,R,1072,6
MpP1p04,R,1076,4
MpP1p04,R,1080,5
MpP1p04,R,1084,4
MpP1p04,R,1088,3
MpP1p04,R,1092,5
MpP1p04,R,1096,3
MpP1p04,R,1100,3
MpP1p04,R,1104,2
MpP1p04,R,1108,5
MpP1p04,R,1112,5
MpP1p04,R,1116,4
MpP1p04,R,1120,6
MpP1p04,R,1124,6
MpP1p04,R,1128,8
MpP1p04,R,1132,5
MpP1p04,R,1136,5
MpP1p04,R,1140,6
MpP1p04,R,1144,4
MpP1p04,R,1148,5
MpP1p04,R,1152,4
MpP1p04,R,1156,6
MpP1p04,R,1160,7
MpP1p04,R,1164,8
MpP1p04,R,1168,8
MpP1p04,R,1172,8
MpP1p04,R,1176,6
MpP1p04,R,1180,4
MpP1p04,R,1184,4
MpP1p04,R,1188,7
MpP1p04,R,1192,10
MpP1p04,R,1196,11
MpP1p04,R,1200,11
MpP1p04,R,1204,14
MpP1p04,R,1208,13
MpP1p04,R,1212,10
MpP1p04,R,1216,12
MpP1p04,R,1220,12
MpP1p04,R,1224,12
MpP1p04,R,1228,13
MpP1p04,R,1232,11
MpP1p04,R,1236,10
MpP1p04,R,1240,15
MpP1p04,R,1244,13
MpP1p04,R,1248,17
MpP1p04,R,1252,21
MpP1p04,R,1256,22
MpP1p04,R,1260,21
MpP1p04,R,1264,22
MpP1p04,R,1268,23
MpP1p04,R,1272,19
MpP1p04,R,1276,23
MpP1p04,R,1280,22
MpP1p04,R,1284,23
MpP1p04,R,1288,22
MpP1p04,R,1292,23
MpP1p04,R,1296,27
MpP1p04,R,1300,24
MpP1p04,R,1304,18
MpP1p04,R,1308,16
MpP1p04,R,1312,7
MpP1p04,R,1316,0
MpP1p04,R,1320,0
MpP1p04,R,1324,0
MpP1p04,R,1328,0
MpP1p04,R,1332,0
MpP1p04,R,1336,0
MpP1p04,R,1340,0
MpP1p04,R,1344,0
MpP1p04,R,1348,0
MpP1p04,R,1352,0
MpP1p04,R,1356,0
MpP1p04,R,1360,0
MpP1p04,R,1364,0
MpP1p04,R,1368,0
MpP1p04,R,1372,0
MpP1p04,R,1376,0
MpP1p04,R,1380,0
MpP1p04,R,1384,0
MpP1p04,R,1388,0
MpP1p04,R,1392,0
MpP1p04,R,1396,0
MpP1p04,R,1400,0
MpP1p04,R,1404,0
MpP1p04,R,1408,0
MpP1p04,R,1412,0
MpP1p04,R,1416,0
MpP1p04,R,1420,0
MpP1p04,R,1424,0
MpP1p04,R,1428,0
MpP1p04,R,1432,0
MpP1p04,R,1436,0
MpP1p04,R,1440,0
MpP1p04,R,1444,0
MpP1p04,R,1448,0
MpP1p04,R,1452,0
MpP1p04,R,1456,0
MpP1p04,R,1460,0
MpP1p04,R,1464,0
MpP1p04,R,1468,0
MpP1p04,R,1472,0
MpP1p04,R,1476,0
MpP1p04,R,1480,0
MpP1p05,R,0,0
MpP1p05,R,4,0
MpP1p05,R,8,0
MpP1p05,R,12,0
MpP1p05,R,16,0
MpP1p05,R,20,0
MpP1p05,R,24,0
MpP1p05,R,28,1
MpP1p05,R,32,1
MpP1p05,R,36,1
MpP1p05,R,40,0
MpP1p05,R,44,0
MpP1p05,R,48,1
MpP1p05,R,52,0
MpP1p05,R,56,0
MpP1p05,R,60,0
MpP1p05,R,64,0
MpP1p05,R,68,0
MpP1p05,R,72,1
MpP1p05,R,76,1
MpP1p05,R,80,1
MpP1p05,R,84,1
MpP1p05,R,88,1
MpP1p05,R,92,1
MpP1p05,R,96,1
MpP1p05,R,100,0
MpP1p05,R,104,0
MpP1p05,R,108,1
MpP1p05,R,112,2
MpP1p05,R,116,2
MpP1p05,R,120,2
MpP1p05,R,124,1
MpP1p05,R,128,1
MpP1p05,R,132,0
MpP1p05,R,136,2
MpP1p05,R,140,1
MpP1p05,R,144,3
MpP1p05,R,148,1
MpP1p05,R,152,2
MpP1p05,R,156,1
MpP1p05,R,160,2
MpP1p05,R,164,2
MpP1p05,R,168,3
MpP1p05,R,172,3
MpP1p05,R,176,2
MpP1p05,R,180,2
MpP1p05,R,184,3
MpP1p05,R,188,3
MpP1p05,R,192,3
MpP1p05,R,196,3
MpP1p05,R,200,1
MpP1p05,R,204,1
MpP1p05,R,208,2
MpP1p05,R,212,0
MpP1p05,R,216,1
MpP1p05,R,220,1
MpP1p05,R,224,2
MpP1p05,R,228,3
MpP1p05,R,232,2
MpP1p05,R,236,2
MpP1p05,R,240,3
MpP1p05,R,244,4
MpP1p05,R,248,3
MpP1p05,R,252,3
MpP1p05,R,256,3
MpP1p05,R,260,3
MpP1p05,R,264,2
MpP1p05,R,268,3
MpP1p05,R,272,3
MpP1p05,R,276,4
MpP1p05,R,280,3
MpP1p05,R,284,4
MpP1p05,R,288,3
MpP1p05,R,292,2
MpP1p05,R,296,4
MpP1p05,R,300,1
MpP1p05,R,304,3
MpP1p05,R,308,4
MpP1p05,R,312,5
MpP1p05,R,316,4
MpP1p05,R,320,3
MpP1p05,R,324,3
MpP1p05,R,328,4
MpP1p05,R,332,4
MpP1p05,R,336,3
MpP1p05,R,340,1
MpP1p05,R,344,4
MpP1p05,R,348,3
MpP1p05,R,352,5
MpP1p05,R,356,5
MpP1p05,R,360,6
MpP1p05,R,364,4
MpP1p05,R,368,4
MpP1p05,R,372,4
MpP1p05,R,376,5
MpP1p05,R,380,4
MpP1p05,R,384,4
MpP1p05,R,388,5
MpP1p05,R,392,4
MpP1p05,R,396,5
MpP1p05,R,400,5
MpP1p05,R,404,2
MpP1p05,R,408,5
MpP1p05,R,412,4
MpP1p05,R,416,6
MpP1p05,R,420,6
MpP1p05,R,424,5
MpP1p05,R,428,5
MpP1p05,R,432,5
MpP1p05,R,436,3
MpP1p05,R,440,3
MpP1p05,R,444,3
MpP1p05,R,448,3
MpP1p05,R,452,5
MpP1p05,R,456,4
MpP1p05,R,460,4
MpP1p05,R,464,2
MpP1p05,R,468,1
MpP1p05,R,472,3
MpP1p05,R,476,3
MpP1p05,R,480,5
MpP1p05,R,484,4
MpP1p05,R,488,5
MpP1p05,R,492,2
MpP1p05,R,496,4
MpP1p05,R,500,5
MpP1p05,R,504,3
MpP1p05,R,508,5
MpP1p05,R,512,4
MpP1p05,R,516,5
MpP1p05,R,520,5
MpP1p05,R,524,5
MpP1p05,R,528,5
MpP1p05,R,532,4
MpP1p05,R,536,5
MpP1p05,R,540,6
MpP1p05,R,544,6
MpP1p05,R,548,6
MpP1p05,R,552,5
MpP1p05,R,556,6
MpP1p05,R,560,6
MpP1p05,R,564,6
MpP1p05,R,568,5
MpP1p05,R,572,3
MpP1p05,R,576,6
MpP1p05,R,580,4
MpP1p05,R,584,6
MpP1p05,R,588,6
MpP1p05,R,592,7
MpP1p05,R,596,5
MpP1p05,R,600,3
MpP1p05,R,604,3
MpP1p05,R,608,4
MpP1p05,R,612,4
MpP1p05,R,616,3
MpP1p05,R,620,5
MpP1p05,R,624,7
MpP1p05,R,628,5
MpP1p05,R,632,4
MpP1p05,R,636,6
MpP1p05,R,640,7
MpP1p05,R,644,5
MpP1p05,R,648,5
MpP1p05,R,652,3
MpP1p05,R,656,5
MpP1p05,R,660,4
MpP1p05,R,664,2
MpP1p05,R,668,3
MpP1p05,R,672,5
MpP1p05,R,676,8
MpP1p05,R,680,7
MpP1p05,R,684,7
MpP1p05,R,688,6
MpP1p05,R,692,7
MpP1p05,R,696,7
MpP1p05,R,700,4
MpP1p05,R,704,6
MpP1p05,R,708,5
MpP1p05,R,712,3
MpP1p05,R,716,4
MpP1p05,R,720,6
MpP1p05,R,724,4
MpP1p05,R,728,6
MpP1p05,R,732,4
MpP1p05,R,736,7
MpP1p05,R,740,6
MpP1p05,R,744,5
MpP1p05,R,748,5
MpP1p05,R,752,5
MpP1p05,R,756,3
MpP1p05,R,760,8
MpP1p05,R,764,5
MpP1p05,R,768,5
MpP1p05,R,772,3
MpP1p05,R,776,4
MpP1p05,R,780,4
MpP1p05,R,784,3
MpP1p05,R,788,5
MpP1p05,R,792,5
MpP1p05,R,796,7
MpP1p05,R,800,7
MpP1p05,R,804,5
MpP1p05,R,808,4
MpP1p05,R,812,6
MpP1p05,R,816,4
MpP1p05,R,820,6
MpP1p05,R,824,5
MpP1p05,R,828,3
MpP1p05,R,832,6
MpP1p05,R,836,4
MpP1p05,R,840,7
MpP1p05,R,844,6
MpP1p05,R,848,6
MpP1p05,R,852,3
MpP1p05,R,856,3
MpP1p05,R,860,4
MpP1p05,R,864,4
MpP1p05,R,868,4
MpP1p05,R,872,2
MpP1p05,R,876,2
MpP1p05,R,880,3
MpP1p05,R,884,3
MpP1p05,R,888,3
MpP1p05,R,892,7
MpP1p05,R,896,4
MpP1p05,R,900,4
MpP1p05,R,904,3
MpP1p05,R,908,4
MpP1p05,R,912,5
MpP1p05,R,916,5
MpP1p05,R,920,4
MpP1p05,R,924,3
MpP1p05,R,928,6
MpP1p05,R,932,4
MpP1p05,R,936,3
MpP1p05,R,940,6
MpP1p05,R,944,3
MpP1p05,R,948,3
MpP1p05,R,952,3
MpP1p05,R,956,5
MpP1p05,R,960,7
MpP1p05,R,964,7
MpP1p05,R,968,8
MpP1p05,R,972,6
MpP1p05,R,976,4
MpP1p05,R,980,5
MpP1p05,R,984,5
MpP1p05,R,988,5
MpP1p05,R,992,4
MpP1p05,R,996,8
MpP1p05,R,1000,7
MpP1p05,R,1004,5
MpP1p05,R,1008,11
MpP1p05,R,1012,9
MpP1p05,R,1016,8
MpP1p05,R,1020,10
MpP1p05,R,1024,9
MpP1p05,R,1028,6
MpP1p05,R,1032,8
MpP1p05,R,1036,11
MpP1p05,R,1040,8
MpP1p05,R,1044,9
MpP1p05,R,1048,8
MpP1p05,R,1052,6
MpP1p05,R,1056,9
MpP1p05,R,1060,6
MpP1p05,R,1064,9
MpP1p05,R,1068,8
MpP1p05,R,1072,7
MpP1p05,R,1076,12
MpP1p05,R,1080,10
MpP1p05,R,1084,12
MpP1p05,R,1088,11
MpP1p05,R,1092,10
MpP1p05,R,1096,10
MpP1p05,R,1100,12
MpP1p05,R,1104,15
MpP1p05,R,1108,12
MpP1p05,R,1112,16
MpP1p05,R,1116,9
MpP1p05,R,1120,17
MpP1p05,R,1124,14
MpP1p05,R,1128,17
MpP1p05,R,1132,14
MpP1p05,R,1136,18
MpP1p05,R,1140,15
MpP1p05,R,1144,17
MpP1p05,R,1148,15
MpP1p05,R,1152,23
MpP1p05,R,1156,22
MpP1p05,R,1160,17
MpP1p05,R,1164,20
MpP1p05,R,1168,23
MpP1p05,R,1172,20
MpP1p05,R,1176,16
MpP1p05,R,1180,21
MpP1p05,R,1184,23
MpP1p05,R,1188,27
MpP1p05,R,1192,25
MpP1p05,R,1196,25
MpP1p05,R,1200,23
MpP1p05,R,1204,22
MpP1p05,R,1208,26
MpP1p05,R,1212,22
MpP1p05,R,1216,20
MpP1p05,R,1220,23
MpP1p05,R,1224,28
MpP1p05,R,1228,32
MpP1p05,R,1232,24
MpP1p05,R,1236,24
MpP1p05,R,1240,23
MpP1p05,R,1244,28
MpP1p05,R,1248,26
MpP1p05,R,1252,29
MpP1p05,R,1256,38
MpP1p05,R,1260,31
MpP1p05,R,1264,31
MpP1p05,R,1268,35
MpP1p05,R,1272,32
MpP1p05,R,1276,38
MpP1p05,R,1280,38
MpP1p05,R,1284,37
MpP1p05,R,1288,38
MpP1p05,R,1292,42
MpP1p05,R,1296,39
MpP1p05,R,1300,40
MpP1p05,R,1304,37
MpP1p05,R,1308,30
MpP1p05,R,1312,7
MpP1p05,R,1316,2
MpP1p05,R,1320,0
MpP1p05,R,1324,0
MpP1p05,R,1328,0
MpP1p05,R,1332,0
MpP1p05,R,1336,0
MpP1p05,R,1340,0
MpP1p05,R,1344,0
MpP1p05,R,1348,0
MpP1p05,R,1352,0
MpP1p05,R,1356,0
MpP1p05,R,1360,0
MpP1p05,R,1364,0
MpP1p05,R,1368,0
MpP1p05,R,1372,0
MpP1p05,R,1376,0
MpP1p05,R,1380,0
MpP1p05,R,1384,0
MpP1p05,R,1388,0
MpP1p05,R,1392,0
MpP1p05,R,1396,0
MpP1p05,R,1400,0
MpP1p05,R,1404,0
MpP1p05,R,1408,0
MpP1p05,R,1412,0
MpP1p05,R,1416,0
MpP1p05,R,1420,0
MpP1p05,R,1424,0
MpP1p05,R,1428,0
MpP1p05,R,1432,0
MpP1p05,R,1436,0
MpP1p05,R,1440,0
MpP1p05,R,1444,0
MpP1p05,R,1448,0
MpP1p05,R,1452,0
MpP1p05,R,1456,0
MpP1p05,R,1460,0
MpP1p05,R,1464,0
MpP1p05,R,1468,0
MpP1p05,R,1472,0
MpP1p05,R,1476,0
MpP1p05,R,1480,0
MpP1p06,R,0,0
MpP1p06,R,4,0
MpP1p06,R,8,0
MpP1p06,R,12,0
MpP1p06,R,16,0
MpP1p06,R,20,0
MpP1p06,R,24,0
MpP1p06,R,28,0
MpP1p06,R,32,0
MpP1p06,R,36,0
MpP1p06,R,40,0
MpP1p06,R,44,0
MpP1p06,R,48,0
MpP1p06,R,52,0
MpP1p06,R,56,0
MpP1p06,R,60,0
MpP1p06,R,64,1
MpP1p06,R,68,1
MpP1p06,R,72,1
MpP1p06,R,76,1
MpP1p06,R,80,0
MpP1p06,R,84,0
MpP1p06,R,88,0
MpP1p06,R,92,0
MpP1p06,R,96,0
MpP1p06,R,100,0
MpP1p06,R,104,0
MpP1p06,R,108,0
MpP1p06,R,112,0
MpP1p06,R,116,0
MpP1p06,R,120,0
MpP1p06,R,124,0
MpP1p06,R,128,0
MpP1p06,R,132,0
MpP1p06,R,136,0
MpP1p06,R,140,0
MpP1p06,R,144,0
MpP1p06,R,148,0
MpP1p06,R,152,0
MpP1p06,R,156,0
MpP1p06,R,160,0
MpP1p06,R,164,0
MpP1p06,R,168,0
MpP1p06,R,172,1
MpP1p06,R,176,0
MpP1p06,R,180,0
MpP1p06,R,184,0
MpP1p06,R,188,0
MpP1p06,R,192,1
MpP1p06,R,196,0
MpP1p06,R,200,1
MpP1p06,R,204,2
MpP1p06,R,208,0
MpP1p06,R,212,0
MpP1p06,R,216,1
MpP1p06,R,220,1
MpP1p06,R,224,1
MpP1p06,R,228,1
MpP1p06,R,232,1
MpP1p06,R,236,1
MpP1p06,R,240,0
MpP1p06,R,244,1
MpP1p06,R,248,1
MpP1p06,R,252,1
MpP1p06,R,256,2
MpP1p06,R,260,1
MpP1p06,R,264,1
MpP1p06,R,268,1
MpP1p06,R,272,1
MpP1p06,R,276,1
MpP1p06,R,280,1
MpP1p06,R,284,1
MpP1p06,R,288,1
MpP1p06,R,292,2
MpP1p06,R,296,3
MpP1p06,R,300,2
MpP1p06,R,304,2
MpP1p06,R,308,1
MpP1p06,R,312,2
MpP1p06,R,316,2
MpP1p06,R,320,1
MpP1p06,R,324,1
MpP1p06,R,328,2
MpP1p06,R,332,1
MpP1p06,R,336,2
MpP1p06,R,340,2
MpP1p06,R,344,1
MpP1p06,R,348,1
MpP1p06,R,352,2
MpP1p06,R,356,1
MpP1p06,R,360,1
MpP1p06,R,364,2
MpP1p06,R,368,1
MpP1p06,R,372,1
MpP1p06,R,376,2
MpP1p06,R,380,3
MpP1p06,R,384,1
MpP1p06,R,388,0
MpP1p06,R,392,0
MpP1p06,R,396,0
MpP1p06,R,400,1
MpP1p06,R,404,3
MpP1p06,R,408,3
MpP1p06,R,412,2
MpP1p06,R,416,2
MpP1p06,R,420,2
MpP1p06,R,424,2
MpP1p06,R,428,2
MpP1p06,R,432,3
MpP1p06,R,436,0
MpP1p06,R,440,4
MpP1p06,R,444,2
MpP1p06,R,448,3
MpP1p06,R,452,3
MpP1p06,R,456,2
MpP1p06,R,460,2
MpP1p06,R,464,3
MpP1p06,R,468,3
MpP1p06,R,472,3
MpP1p06,R,476,2
MpP1p06,R,480,2
MpP1p06,R,484,2
MpP1p06,R,488,1
MpP1p06,R,492,1
MpP1p06,R,496,1
MpP1p06,R,500,4
MpP1p06,R,504,2
MpP1p06,R,508,3
MpP1p06,R,512,2
MpP1p06,R,516,4
MpP1p06,R,520,5
MpP1p06,R,524,0
MpP1p06,R,528,1
MpP1p06,R,532,3
MpP1p06,R,536,4
MpP1p06,R,540,2
MpP1p06,R,544,4
MpP1p06,R,548,2
MpP1p06,R,552,2
MpP1p06,R,556,1
MpP1p06,R,560,3
MpP1p06,R,564,4
MpP1p06,R,568,4
MpP1p06,R,572,5
MpP1p06,R,576,4
MpP1p06,R,580,2
MpP1p06,R,584,3
MpP1p06,R,588,3
MpP1p06,R,592,1
MpP1p06,R,596,1
MpP1p06,R,600,2
MpP1p06,R,604,2
MpP1p06,R,608,2
MpP1p06,R,612,2
MpP1p06,R,616,3
MpP1p06,R,620,4
MpP1p06,R,624,4
MpP1p06,R,628,4
MpP1p06,R,632,4
MpP1p06,R,636,2
MpP1p06,R,640,2
MpP1p06,R,644,1
MpP1p06,R,648,0
MpP1p06,R,652,0
MpP1p06,R,656,1
MpP1p06,R,660,2
MpP1p06,R,664,2
MpP1p06,R,668,1
MpP1p06,R,672,2
MpP1p06,R,676,1
MpP1p06,R,680,1
MpP1p06,R,684,1
MpP1p06,R,688,3
MpP1p06,R,692,3
MpP1p06,R,696,2
MpP1p06,R,700,3
MpP1p06,R,704,3
MpP1p06,R,708,2
MpP1p06,R,712,1
MpP1p06,R,716,2
MpP1p06,R,720,4
MpP1p06,R,724,4
MpP1p06,R,728,3
MpP1p06,R,732,3
MpP1p06,R,736,4
MpP1p06,R,740,4
MpP1p06,R,744,3
MpP1p06,R,748,5
MpP1p06,R,752,2
MpP1p06,R,756,4
MpP1p06,R,760,4
MpP1p06,R,764,4
MpP1p06,R,768,3
MpP1p06,R,772,4
MpP1p06,R,776,5
MpP1p06,R,780,4
MpP1p06,R,784,6
MpP1p06,R,788,5
MpP1p06,R,792,4
MpP1p06,R,796,6
MpP1p06,R,800,3
MpP1p06,R,804,3
MpP1p06,R,808,3
MpP1p06,R,812,4
MpP1p06,R,816,6
MpP1p06,R,820,3
MpP1p06,R,824,2
MpP1p06,R,828,2
MpP1p06,R,832,3
MpP1p06,R,836,1
MpP1p06,R,840,2
MpP1p06,R,844,2
MpP1p06,R,848,1
MpP1p06,R,852,2
MpP1p06,R,856,1
MpP1p06,R,860,0
MpP1p06,R,864,2
MpP1p06,R,868,3
MpP1p06,R,872,3
MpP1p06,R,876,2
MpP1p06,R,880,3
MpP1p06,R,884,2
MpP1p06,R,888,3
MpP1p06,R,892,3
MpP1p06,R,896,4
MpP1p06,R,900,6
MpP1p06,R,904,6
MpP1p06,R,908,3
MpP1p06,R,912,1
MpP1p06,R,916,2
MpP1p06,R,920,6
MpP1p06,R,924,5
MpP1p06,R,928,4
MpP1p06,R,932,4
MpP1p06,R,936,5
MpP1p06,R,940,3
MpP1p06,R,944,7
MpP1p06,R,948,5
MpP1p06,R,952,3
MpP1p06,R,956,6
MpP1p06,R,960,6
MpP1p06,R,964,4
MpP1p06,R,968,7
MpP1p06,R,972,7
MpP1p06,R,976,9
MpP1p06,R,980,7
MpP1p06,R,984,7
MpP1p06,R,988,7
MpP1p06,R,992,10
MpP1p06,R,996,8
MpP1p06,R,1000,6
MpP1p06,R,1004,7
MpP1p06,R,1008,11
MpP1p06,R,1012,13
MpP1p06,R,1016,12
MpP1p06,R,1020,13
MpP1p06,R,1024,7
MpP1p06,R,1028,7
MpP1p06,R,1032,7
MpP1p06,R,1036,9
MpP1p06,R,1040,9
MpP1p06,R,1044,9
MpP1p06,R,1048,10
MpP1p06,R,1052,11
MpP1p06,R,1056,12
MpP1p06,R,1060,10
MpP1p06,R,1064,15
MpP1p06,R,1068,11
MpP1p06,R,1072,10
MpP1p06,R,1076,6
MpP1p06,R,1080,8
MpP1p06,R,1084,8
MpP1p06,R,1088,9
MpP1p06,R,1092,11
MpP1p06,R,1096,12
MpP1p06,R,1100,13
MpP1p06,R,1104,14
MpP1p06,R,1108,13
MpP1p06,R,1112,17
MpP1p06,R,1116,14
MpP1p06,R,1120,15
MpP1p06,R,1124,18
MpP1p06,R,1128,20
MpP1p06,R,1132,15
MpP1p06,R,1136,10
MpP1p06,R,1140,13
MpP1p06,R,1144,16
MpP1p06,R,1148,19
MpP1p06,R,1152,18
MpP1p06,R,1156,20
MpP1p06,R,1160,19
MpP1p06,R,1164,18
MpP1p06,R,1168,16
MpP1p06,R,1172,13
MpP1p06,R,1176,12
MpP1p06,R,1180,17
MpP1p06,R,1184,19
MpP1p06,R,1188,20
MpP1p06,R,1192,23
MpP1p06,R,1196,19
MpP1p06,R,1200,18
MpP1p06,R,1204,23
MpP1p06,R,1208,25
MpP1p06,R,1212,23
MpP1p06,R,1216,21
MpP1p06,R,1220,24
MpP1p06,R,1224,25
MpP1p06,R,1228,25
MpP1p06,R,1232,20
MpP1p06,R,1236,20
MpP1p06,R,1240,27
MpP1p06,R,1244,23
MpP1p06,R,1248,25
MpP1p06,R,1252,23
MpP1p06,R,1256,26
MpP1p06,R,1260,29
MpP1p06,R,1264,30
MpP1p06,R,1268,23
MpP1p06,R,1272,29
MpP1p06,R,1276,31
MpP1p06,R,1280,31
MpP1p06,R,1284,31
MpP1p06,R,1288,28
MpP1p06,R,1292,34
MpP1p06,R,1296,34
MpP1p06,R,1300,34
MpP1p06,R,1304,27
MpP1p06,R,1308,22
MpP1p06,R,1312,10
MpP1p06,R,1316,0
MpP1p06,R,1320,0
MpP1p06,R,1324,0
MpP1p06,R,1328,0
MpP1p06,R,1332,0
MpP1p06,R,1336,0
MpP1p06,R,1340,0
MpP1p06,R,1344,0
MpP1p06,R,1348,0
MpP1p06,R,1352,0
MpP1p06,R,1356,0
MpP1p06,R,1360,0
MpP1p06,R,1364,0
MpP1p06,R,1368,0
MpP1p06,R,1372,0
MpP1p06,R,1376,0
MpP1p06,R,1380,0
MpP1p06,R,1384,0
MpP1p06,R,1388,0
MpP1p06,R,1392,0
MpP1p06,R,1396,0
MpP1p06,R,1400,0
MpP1p06,R,1404,0
MpP1p06,R,1408,0
MpP1p06,R,1412,0
MpP1p06,R,1416,0
MpP1p06,R,1420,0
MpP1p06,R,1424,0
MpP1p06,R,1428,0
MpP1p06,R,1432,0
MpP1p06,R,1436,0
MpP1p06,R,1440,0
MpP1p06,R,1444,0
MpP1p06,R,1448,0
MpP1p06,R,1452,0
MpP1p06,R,1456,0
MpP1p06,R,1460,0
MpP1p06,R,1464,0
MpP1p06,R,1468,0
MpP1p06,R,1472,0
MpP1p06,R,1476,0
MpP1p06,R,1480,0
MpP1p07,R,0,0
MpP1p07,R,4,0
MpP1p07,R,8,0
MpP1p07,R,12,0
MpP1p07,R,16,0
MpP1p07,R,20,0
MpP1p07,R,24,0
MpP1p07,R,28,1
MpP1p07,R,32,1
MpP1p07,R,36,1
MpP1p07,R,40,1
MpP1p07,R,44,1
MpP1p07,R,48,1
MpP1p07,R,52,1
MpP1p07,R,56,1
MpP1p07,R,60,1
MpP1p07,R,64,1
MpP1p07,R,68,0
MpP1p07,R,72,0
MpP1p07,R,76,1
MpP1p07,R,80,1
MpP1p07,R,84,1
MpP1p07,R,88,0
MpP1p07,R,92,0
MpP1p07,R,96,0
MpP1p07,R,100,1
MpP1p07,R,104,1
MpP1p07,R,108,0
MpP1p07,R,112,0
MpP1p07,R,116,0
MpP1p07,R,120,0
MpP1p07,R,124,0
MpP1p07,R,128,0
MpP1p07,R,132,1
MpP1p07,R,136,0
MpP1p07,R,140,0
MpP1p07,R,144,1
MpP1p07,R,148,1
MpP1p07,R,152,1
MpP1p07,R,156,1
MpP1p07,R,160,0
MpP1p07,R,164,1
MpP1p07,R,168,1
MpP1p07,R,172,1
MpP1p07,R,176,1
MpP1p07,R,180,1
MpP1p07,R,184,0
MpP1p07,R,188,0
MpP1p07,R,192,0
MpP1p07,R,196,0
MpP1p07,R,200,0
MpP1p07,R,204,1
MpP1p07,R,208,1
MpP1p07,R,212,0
MpP1p07,R,216,1
MpP1p07,R,220,0
MpP1p07,R,224,0
MpP1p07,R,228,2
MpP1p07,R,232,2
MpP1p07,R,236,1
MpP1p07,R,240,1
MpP1p07,R,244,2
MpP1p07,R,248,1
MpP1p07,R,252,2
MpP1p07,R,256,0
MpP1p07,R,260,1
MpP1p07,R,264,1
MpP1p07,R,268,1
MpP1p07,R,272,2
MpP1p07,R,276,2
MpP1p07,R,280,1
MpP1p07,R,284,0
MpP1p07,R,288,1
MpP1p07,R,292,0
MpP1p07,R,296,1
MpP1p07,R,300,2
MpP1p07,R,304,2
MpP1p07,R,308,1
MpP1p07,R,312,1
MpP1p07,R,316,1
MpP1p07,R,320,0
MpP1p07,R,324,0
MpP1p07,R,328,0
MpP1p07,R,332,0
MpP1p07,R,336,2
MpP1p07,R,340,0
MpP1p07,R,344,1
MpP1p07,R,348,1
MpP1p07,R,352,2
MpP1p07,R,356,1
MpP1p07,R,360,2
MpP1p07,R,364,1
MpP1p07,R,368,1
MpP1p07,R,372,0
MpP1p07,R,376,2
MpP1p07,R,380,3
MpP1p07,R,384,2
MpP1p07,R,388,3
MpP1p07,R,392,2
MpP1p07,R,396,2
MpP1p07,R,400,2
MpP1p07,R,404,2
MpP1p07,R,408,2
MpP1p07,R,412,2
MpP1p07,R,416,0
MpP1p07,R,420,0
MpP1p07,R,424,0
MpP1p07,R,428,2
MpP1p07,R,432,1
MpP1p07,R,436,1
MpP1p07,R,440,1
MpP1p07,R,444,1
MpP1p07,R,448,1
MpP1p07,R,452,2
MpP1p07,R,456,3
MpP1p07,R,460,3
MpP1p07,R,464,3
MpP1p07,R,468,2
MpP1p07,R,472,4
MpP1p07,R,476,4
MpP1p07,R,480,4
MpP1p07,R,484,2
MpP1p07,R,488,3
MpP1p07,R,492,2
MpP1p07,R,496,2
MpP1p07,R,500,3
MpP1p07,R,504,3
MpP1p07,R,508,3
MpP1p07,R,512,3
MpP1p07,R,516,4
MpP1p07,R,520,2
MpP1p07,R,524,3
MpP1p07,R,528,2
MpP1p07,R,532,1
MpP1p07,R,536,3
MpP1p07,R,540,3
MpP1p07,R,544,3
MpP1p07,R,548,3
MpP1p07,R,552,4
MpP1p07,R,556,4
MpP1p07,R,560,3
MpP1p07,R,564,3
MpP1p07,R,568,3
MpP1p07,R,572,3
MpP1p07,R,576,2
MpP1p07,R,580,3
MpP1p07,R,584,3
MpP1p07,R,588,3
MpP1p07,R,592,2
MpP1p07,R,596,5
MpP1p07,R,600,4
MpP1p07,R,604,3
MpP1p07,R,608,2
MpP1p07,R,612,4
MpP1p07,R,616,2
MpP1p07,R,620,4
MpP1p07,R,624,3
MpP1p07,R,628,5
MpP1p07,R,632,4
MpP1p07,R,636,2
MpP1p07,R,640,4
MpP1p07,R,644,5
MpP1p07,R,648,4
MpP1p07,R,652,4
MpP1p07,R,656,2
MpP1p07,R,660,3
MpP1p07,R,664,5
MpP1p07,R,668,4
MpP1p07,R,672,3
MpP1p07,R,676,2
MpP1p07,R,680,4
MpP1p07,R,684,2
MpP1p07,R,688,5
MpP1p07,R,692,3
MpP1p07,R,696,4
MpP1p07,R,700,5
MpP1p07,R,704,3
MpP1p07,R,708,5
MpP1p07,R,712,2
MpP1p07,R,716,2
MpP1p07,R,720,5
MpP1p07,R,724,6
MpP1p07,R,728,6
MpP1p07,R,732,2
MpP1p07,R,736,3
MpP1p07,R,740,5
MpP1p07,R,744,4
MpP1p07,R,748,4
MpP1p07,R,752,3
MpP1p07,R,756,4
MpP1p07,R,760,3
MpP1p07,R,764,4
MpP1p07,R,768,4
MpP1p07,R,772,2
MpP1p07,R,776,1
MpP1p07,R,780,1
MpP1p07,R,784,1
MpP1p07,R,788,4
MpP1p07,R,792,2
MpP1p07,R,796,2
MpP1p07,R,800,2
MpP1p07,R,804,2
MpP1p07,R,808,3
MpP1p07,R,812,2
MpP1p07,R,816,3
MpP1p07,R,820,3
MpP1p07,R,824,2
MpP1p07,R,828,2
MpP1p07,R,832,3
MpP1p07,R,836,2
MpP1p07,R,840,2
MpP1p07,R,844,3
MpP1p07,R,848,2
MpP1p07,R,852,2
MpP1p07,R,856,2
MpP1p07,R,860,2
MpP1p07,R,864,3
MpP1p07,R,868,3
MpP1p07,R,872,3
MpP1p07,R,876,0
MpP1p07,R,880,1
MpP1p07,R,884,2
MpP1p07,R,888,2
MpP1p07,R,892,2
MpP1p07,R,896,2
MpP1p07,R,900,2
MpP1p07,R,904,2
MpP1p07,R,908,2
MpP1p07,R,912,1
MpP1p07,R,916,0
MpP1p07,R,920,1
MpP1p07,R,924,1
MpP1p07,R,928,0
MpP1p07,R,932,2
MpP1p07,R,936,2
MpP1p07,R,940,1
MpP1p07,R,944,1
MpP1p07,R,948,2
MpP1p07,R,952,3
MpP1p07,R,956,2
MpP1p07,R,960,2
MpP1p07,R,964,5
MpP1p07,R,968,4
MpP1p07,R,972,5
MpP1p07,R,976,4
MpP1p07,R,980,3
MpP1p07,R,984,4
MpP1p07,R,988,2
MpP1p07,R,992,1
MpP1p07,R,996,1
MpP1p07,R,1000,2
MpP1p07,R,1004,2
MpP1p07,R,1008,3
MpP1p07,R,1012,3
MpP1p07,R,1016,4
MpP1p07,R,1020,2
MpP1p07,R,1024,3
MpP1p07,R,1028,2
MpP1p07,R,1032,3
MpP1p07,R,1036,2
MpP1p07,R,1040,4
MpP1p07,R,1044,3
MpP1p07,R,1048,6
MpP1p07,R,1052,4
MpP1p07,R,1056,7
MpP1p07,R,1060,6
MpP1p07,R,1064,4
MpP1p07,R,1068,6
MpP1p07,R,1072,6
MpP1p07,R,1076,8
MpP1p07,R,1080,7
MpP1p07,R,1084,8
MpP1p07,R,1088,7
MpP1p07,R,1092,7
MpP1p07,R,1096,5
MpP1p07,R,1100,5
MpP1p07,R,1104,6
MpP1p07,R,1108,5
MpP1p07,R,1112,5
MpP1p07,R,1116,4
MpP1p07,R,1120,4
MpP1p07,R,1124,5
MpP1p07,R,1128,5
MpP1p07,R,1132,4
MpP1p07,R,1136,3
MpP1p07,R,1140,4
MpP1p07,R,1144,3
MpP1p07,R,1148,4
MpP1p07,R,1152,7
MpP1p07,R,1156,6
MpP1p07,R,1160,7
MpP1p07,R,1164,9
MpP1p07,R,1168,13
MpP1p07,R,1172,9
MpP1p07,R,1176,9
MpP1p07,R,1180,10
MpP1p07,R,1184,10
MpP1p07,R,1188,8
MpP1p07,R,1192,12
MpP1p07,R,1196,9
MpP1p07,R,1200,13
MpP1p07,R,1204,12
MpP1p07,R,1208,15
MpP1p07,R,1212,13
MpP1p07,R,1216,4
MpP1p07,R,1220,7
MpP1p07,R,1224,12
MpP1p07,R,1228,13
MpP1p07,R,1232,10
MpP1p07,R,1236,12
MpP1p07,R,1240,8
MpP1p07,R,1244,12
MpP1p07,R,1248,17
MpP1p07,R,1252,16
MpP1p07,R,1256,16
MpP1p07,R,1260,14
MpP1p07,R,1264,13
MpP1p07,R,1268,16
MpP1p07,R,1272,16
MpP1p07,R,1276,21
MpP1p07,R,1280,19
MpP1p07,R,1284,15
MpP1p07,R,1288,23
MpP1p07,R,1292,18
MpP1p07,R,1296,25
MpP1p07,R,1300,28
MpP1p07,R,1304,27
MpP1p07,R,1308,25
MpP1p07,R,1312,12
MpP1p07,R,1316,2
MpP1p07,R,1320,0
MpP1p07,R,1324,0
MpP1p07,R,1328,0
MpP1p07,R,1332,0
MpP1p07,R,1336,0
MpP1p07,R,1340,0
MpP1p07,R,1344,0
MpP1p07,R,1348,0
MpP1p07,R,1352,0
MpP1p07,R,1356,0
MpP1p07,R,1360,0
MpP1p07,R,1364,0
MpP1p07,R,1368,0
MpP1p07,R,1372,0
MpP1p07,R,1376,0
MpP1p07,R,1380,0
MpP1p07,R,1384,0
MpP1p07,R,1388,0
MpP1p07,R,1392,0
MpP1p07,R,1396,0
MpP1p07,R,1400,0
MpP1p07,R,1404,0
MpP1p07,R,1408,0
MpP1p07,R,1412,0
MpP1p07,R,1416,0
MpP1p07,R,1420,0
MpP1p07,R,1424,0
MpP1p07,R,1428,0
MpP1p07,R,1432,0
MpP1p07,R,1436,0
MpP1p07,R,1440,0
MpP1p07,R,1444,0
MpP1p07,R,1448,0
MpP1p07,R,1452,0
MpP1p07,R,1456,0
MpP1p07,R,1460,0
MpP1p07,R,1464,0
MpP1p07,R,1468,0
MpP1p07,R,1472,0
MpP1p07,R,1476,0
MpP1p07,R,1480,0
MpP1p08,R,0,0
MpP1p08,R,4,0
MpP1p08,R,8,0
MpP1p08,R,12,0
MpP1p08,R,16,1
MpP1p08,R,20,0
MpP1p08,R,24,0
MpP1p08,R,28,1
MpP1p08,R,32,1
MpP1p08,R,36,1
MpP1p08,R,40,0
MpP1p08,R,44,0
MpP1p08,R,48,0
MpP1p08,R,52,0
MpP1p08,R,56,0
MpP1p08,R,60,0
MpP1p08,R,64,1
MpP1p08,R,68,0
MpP1p08,R,72,1
MpP1p08,R,76,0
MpP1p08,R,80,1
MpP1p08,R,84,0
MpP1p08,R,88,1
MpP1p08,R,92,1
MpP1p08,R,96,1
MpP1p08,R,100,1
MpP1p08,R,104,1
MpP1p08,R,108,1
MpP1p08,R,112,0
MpP1p08,R,116,0
MpP1p08,R,120,1
MpP1p08,R,124,1
MpP1p08,R,128,2
MpP1p08,R,132,2
MpP1p08,R,136,1
MpP1p08,R,140,1
MpP1p08,R,144,1
MpP1p08,R,148,0
MpP1p08,R,152,0
MpP1p08,R,156,1
MpP1p08,R,160,0
MpP1p08,R,164,0
MpP1p08,R,168,0
MpP1p08,R,172,0
MpP1p08,R,176,1
MpP1p08,R,180,1
MpP1p08,R,184,2
MpP1p08,R,188,2
MpP1p08,R,192,2
MpP1p08,R,196,1
MpP1p08,R,200,1
MpP1p08,R,204,0
MpP1p08,R,208,1
MpP1p08,R,212,2
MpP1p08,R,216,2
MpP1p08,R,220,1
MpP1p08,R,224,1
MpP1p08,R,228,2
MpP1p08,R,232,1
MpP1p08,R,236,1
MpP1p08,R,240,0
MpP1p08,R,244,1
MpP1p08,R,248,2
MpP1p08,R,252,2
MpP1p08,R,256,0
MpP1p08,R,260,0
MpP1p08,R,264,1
MpP1p08,R,268,0
MpP1p08,R,272,2
MpP1p08,R,276,1
MpP1p08,R,280,2
MpP1p08,R,284,2
MpP1p08,R,288,1
MpP1p08,R,292,2
MpP1p08,R,296,2
MpP1p08,R,300,3
MpP1p08,R,304,3
MpP1p08,R,308,3
MpP1p08,R,312,3
MpP1p08,R,316,2
MpP1p08,R,320,2
MpP1p08,R,324,1
MpP1p08,R,328,1
MpP1p08,R,332,2
MpP1p08,R,336,4
MpP1p08,R,340,4
MpP1p08,R,344,4
MpP1p08,R,348,1
MpP1p08,R,352,1
MpP1p08,R,356,3
MpP1p08,R,360,1
MpP1p08,R,364,4
MpP1p08,R,368,3
MpP1p08,R,372,3
MpP1p08,R,376,2
MpP1p08,R,380,0
MpP1p08,R,384,4
MpP1p08,R,388,2
MpP1p08,R,392,2
MpP1p08,R,396,1
MpP1p08,R,400,3
MpP1p08,R,404,2
MpP1p08,R,408,2
MpP1p08,R,412,2
MpP1p08,R,416,2
MpP1p08,R,420,2
MpP1p08,R,424,2
MpP1p08,R,428,0
MpP1p08,R,432,2
MpP1p08,R,436,1
MpP1p08,R,440,2
MpP1p08,R,444,5
MpP1p08,R,448,5
MpP1p08,R,452,3
MpP1p08,R,456,3
MpP1p08,R,460,5
MpP1p08,R,464,3
MpP1p08,R,468,3
MpP1p08,R,472,3
MpP1p08,R,476,1
MpP1p08,R,480,1
MpP1p08,R,484,0
MpP1p08,R,488,3
MpP1p08,R,492,3
MpP1p08,R,496,2
MpP1p08,R,500,3
MpP1p08,R,504,2
MpP1p08,R,508,2
MpP1p08,R,512,1
MpP1p08,R,516,1
MpP1p08,R,520,1
MpP1p08,R,524,1
MpP1p08,R,528,1
MpP1p08,R,532,1
MpP1p08,R,536,1
MpP1p08,R,540,2
MpP1p08,R,544,2
MpP1p08,R,548,2
MpP1p08,R,552,1
MpP1p08,R,556,0
MpP1p08,R,560,0
MpP1p08,R,564,2
MpP1p08,R,568,4
MpP1p08,R,572,4
MpP1p08,R,576,3
MpP1p08,R,580,4
MpP1p08,R,584,1
MpP1p08,R,588,1
MpP1p08,R,592,2
MpP1p08,R,596,0
MpP1p08,R,600,0
MpP1p08,R,604,0
MpP1p08,R,608,1
MpP1p08,R,612,1
MpP1p08,R,616,1
MpP1p08,R,620,1
MpP1p08,R,624,2
MpP1p08,R,628,3
MpP1p08,R,632,2
MpP1p08,R,636,1
MpP1p08,R,640,0
MpP1p08,R,644,0
MpP1p08,R,648,0
MpP1p08,R,652,0
MpP1p08,R,656,1
MpP1p08,R,660,1
MpP1p08,R,664,0
MpP1p08,R,668,1
MpP1p08,R,672,1
MpP1p08,R,676,2
MpP1p08,R,680,3
MpP1p08,R,684,0
MpP1p08,R,688,1
MpP1p08,R,692,2
MpP1p08,R,696,2
MpP1p08,R,700,3
MpP1p08,R,704,1
MpP1p08,R,708,0
MpP1p08,R,712,1
MpP1p08,R,716,0
MpP1p08,R,720,1
MpP1p08,R,724,1
MpP1p08,R,728,2
MpP1p08,R,732,3
MpP1p08,R,736,2
MpP1p08,R,740,1
MpP1p08,R,744,3
MpP1p08,R,748,1
MpP1p08,R,752,2
MpP1p08,R,756,2
MpP1p08,R,760,1
MpP1p08,R,764,0
MpP1p08,R,768,1
MpP1p08,R,772,2
MpP1p08,R,776,2
MpP1p08,R,780,3
MpP1p08,R,784,3
MpP1p08,R,788,1
MpP1p08,R,792,2
MpP1p08,R,796,2
MpP1p08,R,800,1
MpP1p08,R,804,2
MpP1p08,R,808,2
MpP1p08,R,812,1
MpP1p08,R,816,1
MpP1p08,R,820,1
MpP1p08,R,824,2
MpP1p08,R,828,1
MpP1p08,R,832,1
MpP1p08,R,836,2
MpP1p08,R,840,0
MpP1p08,R,844,0
MpP1p08,R,848,1
MpP1p08,R,852,1
MpP1p08,R,856,3
MpP1p08,R,860,1
MpP1p08,R,864,0
MpP1p08,R,868,2
MpP1p08,R,872,3
MpP1p08,R,876,2
MpP1p08,R,880,1
MpP1p08,R,884,2
MpP1p08,R,888,3
MpP1p08,R,892,3
MpP1p08,R,896,3
MpP1p08,R,900,2
MpP1p08,R,904,1
MpP1p08,R,908,1
MpP1p08,R,912,1
MpP1p08,R,916,1
MpP1p08,R,920,2
MpP1p08,R,924,2
MpP1p08,R,928,2
MpP1p08,R,932,2
MpP1p08,R,936,6
MpP1p08,R,940,4
MpP1p08,R,944,4
MpP1p08,R,948,5
MpP1p08,R,952,4
MpP1p08,R,956,4
MpP1p08,R,960,6
MpP1p08,R,964,5
MpP1p08,R,968,3
MpP1p08,R,972,2
MpP1p08,R,976,4
MpP1p08,R,980,4
MpP1p08,R,984,4
MpP1p08,R,988,4
MpP1p08,R,992,2
MpP1p08,R,996,2
MpP1p08,R,1000,3
MpP1p08,R,1004,4
MpP1p08,R,1008,2
MpP1p08,R,1012,4
MpP1p08,R,1016,7
MpP1p08,R,1020,6
MpP1p08,R,1024,7
MpP1p08,R,1028,6
MpP1p08,R,1032,7
MpP1p08,R,1036,4
MpP1p08,R,1040,9
MpP1p08,R,1044,8
MpP1p08,R,1048,7
MpP1p08,R,1052,6
MpP1p08,R,1056,6
MpP1p08,R,1060,9
MpP1p08,R,1064,6
MpP1p08,R,1068,7
MpP1p08,R,1072,5
MpP1p08,R,1076,7
MpP1p08,R,1080,4
MpP1p08,R,1084,5
MpP1p08,R,1088,5
MpP1p08,R,1092,6
MpP1p08,R,1096,7
MpP1p08,R,1100,6
MpP1p08,R,1104,7
MpP1p08,R,1108,7
MpP1p08,R,1112,7
MpP1p08,R,1116,8
MpP1p08,R,1120,8
MpP1p08,R,1124,9
MpP1p08,R,1128,8
MpP1p08,R,1132,11
MpP1p08,R,1136,6
MpP1p08,R,1140,4
MpP1p08,R,1144,5
MpP1p08,R,1148,11
MpP1p08,R,1152,12
MpP1p08,R,1156,8
MpP1p08,R,1160,7
MpP1p08,R,1164,7
MpP1p08,R,1168,6
MpP1p08,R,1172,6
MpP1p08,R,1176,9
MpP1p08,R,1180,9
MpP1p08,R,1184,10
MpP1p08,R,1188,7
MpP1p08,R,1192,8
MpP1p08,R,1196,9
MpP1p08,R,1200,10
MpP1p08,R,1204,13
MpP1p08,R,1208,7
MpP1p08,R,1212,10
MpP1p08,R,1216,9
MpP1p08,R,1220,9
MpP1p08,R,1224,10
MpP1p08,R,1228,10
MpP1p08,R,1232,11
MpP1p08,R,1236,13
MpP1p08,R,1240,15
MpP1p08,R,1244,10
MpP1p08,R,1248,14
MpP1p08,R,1252,14
MpP1p08,R,1256,14
MpP1p08,R,1260,11
MpP1p08,R,1264,12
MpP1p08,R,1268,11
MpP1p08,R,1272,13
MpP1p08,R,1276,10
MpP1p08,R,1280,14
MpP1p08,R,1284,11
MpP1p08,R,1288,14
MpP1p08,R,1292,15
MpP1p08,R,1296,14
MpP1p08,R,1300,16
MpP1p08,R,1304,12
MpP1p08,R,1308,10
MpP1p08,R,1312,3
MpP1p08,R,1316,0
MpP1p08,R,1320,0
MpP1p08,R,1324,0
MpP1p08,R,1328,0
MpP1p08,R,1332,0
MpP1p08,R,1336,0
MpP1p08,R,1340,0
MpP1p08,R,1344,0
MpP1p08,R,1348,0
MpP1p08,R,1352,0
MpP1p08,R,1356,0
MpP1p08,R,1360,0
MpP1p08,R,1364,0
MpP1p08,R,1368,0
MpP1p08,R,1372,0
MpP1p08,R,1376,0
MpP1p08,R,1380,0
MpP1p08,R,1384,0
MpP1p08,R,1388,0
MpP1p08,R,1392,0
MpP1p08,R,1396,0
MpP1p08,R,1400,0
MpP1p08,R,1404,0
MpP1p08,R,1408,0
MpP1p08,R,1412,0
MpP1p08,R,1416,0
MpP1p08,R,1420,0
MpP1p08,R,1424,0
MpP1p08,R,1428,0
MpP1p08,R,1432,0
MpP1p08,R,1436,0
MpP1p08,R,1440,0
MpP1p08,R,1444,0
MpP1p08,R,1448,0
MpP1p08,R,1452,0
MpP1p08,R,1456,0
MpP1p08,R,1460,0
MpP1p08,R,1464,0
MpP1p08,R,1468,0
MpP1p08,R,1472,0
MpP1p08,R,1476,0
MpP1p08,R,1480,0
MpP1p09,R,0,0
MpP1p09,R,4,0
MpP1p09,R,8,0
MpP1p09,R,12,0
MpP1p09,R,16,0
MpP1p09,R,20,0
MpP1p09,R,24,0
MpP1p09,R,28,0
MpP1p09,R,32,0
MpP1p09,R,36,0
MpP1p09,R,40,0
MpP1p09,R,44,0
MpP1p09,R,48,0
MpP1p09,R,52,0
MpP1p09,R,56,0
MpP1p09,R,60,0
MpP1p09,R,64,0
MpP1p09,R,68,0
MpP1p09,R,72,1
MpP1p09,R,76,0
MpP1p09,R,80,0
MpP1p09,R,84,0
MpP1p09,R,88,0
MpP1p09,R,92,0
MpP1p09,R,96,0
MpP1p09,R,100,0
MpP1p09,R,104,0
MpP1p09,R,108,0
MpP1p09,R,112,0
MpP1p09,R,116,0
MpP1p09,R,120,0
MpP1p09,R,124,0
MpP1p09,R,128,0
MpP1p09,R,132,1
MpP1p09,R,136,0
MpP1p09,R,140,1
MpP1p09,R,144,1
MpP1p09,R,148,1
MpP1p09,R,152,0
MpP1p09,R,156,0
MpP1p09,R,160,0
MpP1p09,R,164,0
MpP1p09,R,168,0
MpP1p09,R,172,0
MpP1p09,R,176,1
MpP1p09,R,180,1
MpP1p09,R,184,2
MpP1p09,R,188,2
MpP1p09,R,192,0
MpP1p09,R,196,0
MpP1p09,R,200,0
MpP1p09,R,204,0
MpP1p09,R,208,1
MpP1p09,R,212,1
MpP1p09,R,216,1
MpP1p09,R,220,0
MpP1p09,R,224,0
MpP1p09,R,228,0
MpP1p09,R,232,1
MpP1p09,R,236,1
MpP1p09,R,240,0
MpP1p09,R,244,2
MpP1p09,R,248,2
MpP1p09,R,252,2
MpP1p09,R,256,2
MpP1p09,R,260,2
MpP1p09,R,264,2
MpP1p09,R,268,3
MpP1p09,R,272,2
MpP1p09,R,276,2
MpP1p09,R,280,2
MpP1p09,R,284,2
MpP1p09,R,288,2
MpP1p09,R,292,2
MpP1p09,R,296,2
MpP1p09,R,300,1
MpP1p09,R,304,2
MpP1p09,R,308,3
MpP1p09,R,312,2
MpP1p09,R,316,3
MpP1p09,R,320,2
MpP1p09,R,324,2
MpP1p09,R,328,3
MpP1p09,R,332,3
MpP1p09,R,336,2
MpP1p09,R,340,1
MpP1p09,R,344,0
MpP1p09,R,348,1
MpP1p09,R,352,1
MpP1p09,R,356,0
MpP1p09,R,360,1
MpP1p09,R,364,2
MpP1p09,R,368,2
MpP1p09,R,372,1
MpP1p09,R,376,2
MpP1p09,R,380,1
MpP1p09,R,384,1
MpP1p09,R,388,1
MpP1p09,R,392,0
MpP1p09,R,396,1
MpP1p09,R,400,1
MpP1p09,R,404,2
MpP1p09,R,408,1
MpP1p09,R,412,0
MpP1p09,R,416,0
MpP1p09,R,420,1
MpP1p09,R,424,1
MpP1p09,R,428,3
MpP1p09,R,432,0
MpP1p09,R,436,1
MpP1p09,R,440,0
MpP1p09,R,444,1
MpP1p09,R,448,1
MpP1p09,R,452,1
MpP1p09,R,456,0
MpP1p09,R,460,2
MpP1p09,R,464,2
MpP1p09,R,468,0
MpP1p09,R,472,0
MpP1p09,R,476,0
MpP1p09,R,480,0
MpP1p09,R,484,1
MpP1p09,R,488,0
MpP1p09,R,492,0
MpP1p09,R,496,1
MpP1p09,R,500,0
MpP1p09,R,504,1
MpP1p09,R,508,1
MpP1p09,R,512,3
MpP1p09,R,516,4
MpP1p09,R,520,3
MpP1p09,R,524,3
MpP1p09,R,528,2
MpP1p09,R,532,1
MpP1p09,R,536,0
MpP1p09,R,540,1
MpP1p09,R,544,1
MpP1p09,R,548,1
MpP1p09,R,552,1
MpP1p09,R,556,0
MpP1p09,R,560,0
MpP1p09,R,564,0
MpP1p09,R,568,0
MpP1p09,R,572,1
MpP1p09,R,576,0
MpP1p09,R,580,1
MpP1p09,R,584,2
MpP1p09,R,588,1
MpP1p09,R,592,1
MpP1p09,R,596,2
MpP1p09,R,600,2
MpP1p09,R,604,2
MpP1p09,R,608,0
MpP1p09,R,612,0
MpP1p09,R,616,0
MpP1p09,R,620,3
MpP1p09,R,624,4
MpP1p09,R,628,3
MpP1p09,R,632,3
MpP1p09,R,636,2
MpP1p09,R,640,4
MpP1p09,R,644,4
MpP1p09,R,648,1
MpP1p09,R,652,0
MpP1p09,R,656,2
MpP1p09,R,660,2
MpP1p09,R,664,2
MpP1p09,R,668,2
MpP1p09,R,672,2
MpP1p09,R,676,1
MpP1p09,R,680,1
MpP1p09,R,684,0
MpP1p09,R,688,0
MpP1p09,R,692,0
MpP1p09,R,696,0
MpP1p09,R,700,0
MpP1p09,R,704,1
MpP1p09,R,708,2
MpP1p09,R,712,2
MpP1p09,R,716,3
MpP1p09,R,720,3
MpP1p09,R,724,3
MpP1p09,R,728,2
MpP1p09,R,732,2
MpP1p09,R,736,3
MpP1p09,R,740,2
MpP1p09,R,744,2
MpP1p09,R,748,2
MpP1p09,R,752,2
MpP1p09,R,756,0
MpP1p09,R,760,3
MpP1p09,R,764,1
MpP1p09,R,768,2
MpP1p09,R,772,2
MpP1p09,R,776,3
MpP1p09,R,780,4
MpP1p09,R,784,3
MpP1p09,R,788,2
MpP1p09,R,792,1
MpP1p09,R,796,1
MpP1p09,R,800,1
MpP1p09,R,804,2
MpP1p09,R,808,1
MpP1p09,R,812,1
MpP1p09,R,816,2
MpP1p09,R,820,3
MpP1p09,R,824,1
MpP1p09,R,828,0
MpP1p09,R,832,3
MpP1p09,R,836,2
MpP1p09,R,840,2
MpP1p09,R,844,1
MpP1p09,R,848,1
MpP1p09,R,852,0
MpP1p09,R,856,0
MpP1p09,R,860,0
MpP1p09,R,864,1
MpP1p09,R,868,3
MpP1p09,R,872,3
MpP1p09,R,876,4
MpP1p09,R,880,1
MpP1p09,R,884,3
MpP1p09,R,888,4
MpP1p09,R,892,4
MpP1p09,R,896,2
MpP1p09,R,900,1
MpP1p09,R,904,2
MpP1p09,R,908,3
MpP1p09,R,912,4
MpP1p09,R,916,1
MpP1p09,R,920,0
MpP1p09,R,924,1
MpP1p09,R,928,2
MpP1p09,R,932,2
MpP1p09,R,936,3
MpP1p09,R,940,1
MpP1p09,R,944,0
MpP1p09,R,948,1
MpP1p09,R,952,2
MpP1p09,R,956,1
MpP1p09,R,960,3
MpP1p09,R,964,4
MpP1p09,R,968,4
MpP1p09,R,972,5
MpP1p09,R,976,5
MpP1p09,R,980,6
MpP1p09,R,984,5
MpP1p09,R,988,3
MpP1p09,R,992,4
MpP1p09,R,996,3
MpP1p09,R,1000,4
MpP1p09,R,1004,4
MpP1p09,R,1008,8
MpP1p09,R,1012,4
MpP1p09,R,1016,5
MpP1p09,R,1020,5
MpP1p09,R,1024,2
MpP1p09,R,1028,6
MpP1p09,R,1032,6
MpP1p09,R,1036,7
MpP1p09,R,1040,6
MpP1p09,R,1044,8
MpP1p09,R,1048,10
MpP1p09,R,1052,5
MpP1p09,R,1056,7
MpP1p09,R,1060,1
MpP1p09,R,1064,7
MpP1p09,R,1068,7
MpP1p09,R,1072,7
MpP1p09,R,1076,6
MpP1p09,R,1080,8
MpP1p09,R,1084,10
MpP1p09,R,1088,7
MpP1p09,R,1092,9
MpP1p09,R,1096,9
MpP1p09,R,1100,8
MpP1p09,R,1104,9
MpP1p09,R,1108,8
MpP1p09,R,1112,7
MpP1p09,R,1116,11
MpP1p09,R,1120,9
MpP1p09,R,1124,10
MpP1p09,R,1128,10
MpP1p09,R,1132,6
MpP1p09,R,1136,8
MpP1p09,R,1140,8
MpP1p09,R,1144,11
MpP1p09,R,1148,6
MpP1p09,R,1152,8
MpP1p09,R,1156,7
MpP1p09,R,1160,5
MpP1p09,R,1164,6
MpP1p09,R,1168,6
MpP1p09,R,1172,7
MpP1p09,R,1176,10
MpP1p09,R,1180,9
MpP1p09,R,1184,8
MpP1p09,R,1188,7
MpP1p09,R,1192,5
MpP1p09,R,1196,6
MpP1p09,R,1200,4
MpP1p09,R,1204,8
MpP1p09,R,1208,9
MpP1p09,R,1212,11
MpP1p09,R,1216,8
MpP1p09,R,1220,8
MpP1p09,R,1224,11
MpP1p09,R,1228,10
MpP1p09,R,1232,11
MpP1p09,R,1236,16
MpP1p09,R,1240,15
MpP1p09,R,1244,15
MpP1p09,R,1248,15
MpP1p09,R,1252,14
MpP1p09,R,1256,17
MpP1p09,R,1260,16
MpP1p09,R,1264,17
MpP1p09,R,1268,19
MpP1p09,R,1272,15
MpP1p09,R,1276,20
MpP1p09,R,1280,23
MpP1p09,R,1284,23
MpP1p09,R,1288,23
MpP1p09,R,1292,23
MpP1p09,R,1296,21
MpP1p09,R,1300,24
MpP1p09,R,1304,19
MpP1p09,R,1308,16
MpP1p09,R,1312,4
MpP1p09,R,1316,0
MpP1p09,R,1320,0
MpP1p09,R,1324,0
MpP1p09,R,1328,0
MpP1p09,R,1332,0
MpP1p09,R,1336,0
MpP1p09,R,1340,0
MpP1p09,R,1344,0
MpP1p09,R,1348,0
MpP1p09,R,1352,0
MpP1p09,R,1356,0
MpP1p09,R,1360,0
MpP1p09,R,1364,0
MpP1p09,R,1368,0
MpP1p09,R,1372,0
MpP1p09,R,1376,0
MpP1p09,R,1380,0
MpP1p09,R,1384,0
MpP1p09,R,1388,0
MpP1p09,R,1392,0
MpP1p09,R,1396,0
MpP1p09,R,1400,0
MpP1p09,R,1404,0
MpP1p09,R,1408,0
MpP1p09,R,1412,0
MpP1p09,R,1416,0
MpP1p09,R,1420,0
MpP1p09,R,1424,0
MpP1p09,R,1428,0
MpP1p09,R,1432,0
MpP1p09,R,1436,0
MpP1p09,R,1440,0
MpP1p09,R,1444,0
MpP1p09,R,1448,0
MpP1p09,R,1452,0
MpP1p09,R,1456,0
MpP1p09,R,1460,0
MpP1p09,R,1464,0
MpP1p09,R,1468,0
MpP1p09,R,1472,0
MpP1p09,R,1476,0
MpP1p09,R,1480,0
MpP1p10,R,0,0
MpP1p10,R,4,0
MpP1p10,R,8,0
MpP1p10,R,12,0
MpP1p10,R,16,0
MpP1p10,R,20,0
MpP1p10,R,24,0
MpP1p10,R,28,0
MpP1p10,R,32,0
MpP1p10,R,36,0
MpP1p10,R,40,0
MpP1p10,R,44,1
MpP1p10,R,48,1
MpP1p10,R,52,1
MpP1p10,R,56,1
MpP1p10,R,60,0
MpP1p10,R,64,1
MpP1p10,R,68,0
MpP1p10,R,72,0
MpP1p10,R,76,1
MpP1p10,R,80,0
MpP1p10,R,84,0
MpP1p10,R,88,0
MpP1p10,R,92,0
MpP1p10,R,96,0
MpP1p10,R,100,0
MpP1p10,R,104,0
MpP1p10,R,108,0
MpP1p10,R,112,1
MpP1p10,R,116,0
MpP1p10,R,120,0
MpP1p10,R,124,0
MpP1p10,R,128,0
MpP1p10,R,132,0
MpP1p10,R,136,0
MpP1p10,R,140,0
MpP1p10,R,144,0
MpP1p10,R,148,0
MpP1p10,R,152,0
MpP1p10,R,156,0
MpP1p10,R,160,0
MpP1p10,R,164,0
MpP1p10,R,168,0
MpP1p10,R,172,2
MpP1p10,R,176,3
MpP1p10,R,180,2
MpP1p10,R,184,1
MpP1p10,R,188,1
MpP1p10,R,192,1
MpP1p10,R,196,1
MpP1p10,R,200,1
MpP1p10,R,204,1
MpP1p10,R,208,0
MpP1p10,R,212,2
MpP1p10,R,216,1
MpP1p10,R,220,0
MpP1p10,R,224,0
MpP1p10,R,228,2
MpP1p10,R,232,1
MpP1p10,R,236,2
MpP1p10,R,240,2
MpP1p10,R,244,3
MpP1p10,R,248,1
MpP1p10,R,252,1
MpP1p10,R,256,0
MpP1p10,R,260,0
MpP1p10,R,264,0
MpP1p10,R,268,0
MpP1p10,R,272,0
MpP1p10,R,276,0
MpP1p10,R,280,1
MpP1p10,R,284,0
MpP1p10,R,288,0
MpP1p10,R,292,0
MpP1p10,R,296,0
MpP1p10,R,300,0
MpP1p10,R,304,0
MpP1p10,R,308,2
MpP1p10,R,312,1
MpP1p10,R,316,1
MpP1p10,R,320,0
MpP1p10,R,324,0
MpP1p10,R,328,0
MpP1p10,R,332,0
MpP1p10,R,336,0
MpP1p10,R,340,2
MpP1p10,R,344,1
MpP1p10,R,348,1
MpP1p10,R,352,1
MpP1p10,R,356,0
MpP1p10,R,360,1
MpP1p10,R,364,2
MpP1p10,R,368,1
MpP1p10,R,372,0
MpP1p10,R,376,1
MpP1p10,R,380,0
MpP1p10,R,384,0
MpP1p10,R,388,0
MpP1p10,R,392,0
MpP1p10,R,396,0
MpP1p10,R,400,0
MpP1p10,R,404,1
MpP1p10,R,408,0
MpP1p10,R,412,0
MpP1p10,R,416,1
MpP1p10,R,420,1
MpP1p10,R,424,1
MpP1p10,R,428,2
MpP1p10,R,432,1
MpP1p10,R,436,1
MpP1p10,R,440,1
MpP1p10,R,444,2
MpP1p10,R,448,1
MpP1p10,R,452,0
MpP1p10,R,456,0
MpP1p10,R,460,2
MpP1p10,R,464,1
MpP1p10,R,468,2
MpP1p10,R,472,2
MpP1p10,R,476,1
MpP1p10,R,480,2
MpP1p10,R,484,1
MpP1p10,R,488,1
MpP1p10,R,492,1
MpP1p10,R,496,0
MpP1p10,R,500,1
MpP1p10,R,504,2
MpP1p10,R,508,2
MpP1p10,R,512,1
MpP1p10,R,516,0
MpP1p10,R,520,0
MpP1p10,R,524,1
MpP1p10,R,528,1
MpP1p10,R,532,2
MpP1p10,R,536,3
MpP1p10,R,540,2
MpP1p10,R,544,1
MpP1p10,R,548,1
MpP1p10,R,552,1
MpP1p10,R,556,2
MpP1p10,R,560,1
MpP1p10,R,564,1
MpP1p10,R,568,1
MpP1p10,R,572,0
MpP1p10,R,576,0
MpP1p10,R,580,1
MpP1p10,R,584,0
MpP1p10,R,588,0
MpP1p10,R,592,0
MpP1p10,R,596,0
MpP1p10,R,600,0
MpP1p10,R,604,3
MpP1p10,R,608,1
MpP1p10,R,612,1
MpP1p10,R,616,1
MpP1p10,R,620,0
MpP1p10,R,624,1
MpP1p10,R,628,2
MpP1p10,R,632,1
MpP1p10,R,636,2
MpP1p10,R,640,2
MpP1p10,R,644,2
MpP1p10,R,648,2
MpP1p10,R,652,2
MpP1p10,R,656,1
MpP1p10,R,660,1
MpP1p10,R,664,1
MpP1p10,R,668,2
MpP1p10,R,672,2
MpP1p10,R,676,2
MpP1p10,R,680,1
MpP1p10,R,684,0
MpP1p10,R,688,1
MpP1p10,R,692,0
MpP1p10,R,696,1
MpP1p10,R,700,1
MpP1p10,R,704,2
MpP1p10,R,708,3
MpP1p10,R,712,3
MpP1p10,R,716,2
MpP1p10,R,720,1
MpP1p10,R,724,1
MpP1p10,R,728,0
MpP1p10,R,732,0
MpP1p10,R,736,1
MpP1p10,R,740,1
MpP1p10,R,744,1
MpP1p10,R,748,1
MpP1p10,R,752,1
MpP1p10,R,756,1
MpP1p10,R,760,0
MpP1p10,R,764,1
MpP1p10,R,768,1
MpP1p10,R,772,0
MpP1p10,R,776,1
MpP1p10,R,780,0
MpP1p10,R,784,0
MpP1p10,R,788,0
MpP1p10,R,792,2
MpP1p10,R,796,0
MpP1p10,R,800,1
MpP1p10,R,804,0
MpP1p10,R,808,1
MpP1p10,R,812,0
MpP1p10,R,816,0
MpP1p10,R,820,1
MpP1p10,R,824,1
MpP1p10,R,828,1
MpP1p10,R,832,2
MpP1p10,R,836,1
MpP1p10,R,840,1
MpP1p10,R,844,1
MpP1p10,R,848,0
MpP1p10,R,852,1
MpP1p10,R,856,1
MpP1p10,R,860,2
MpP1p10,R,864,5
MpP1p10,R,868,4
MpP1p10,R,872,4
MpP1p10,R,876,2
MpP1p10,R,880,1
MpP1p10,R,884,2
MpP1p10,R,888,1
MpP1p10,R,892,2
MpP1p10,R,896,2
MpP1p10,R,900,3
MpP1p10,R,904,3
MpP1p10,R,908,1
MpP1p10,R,912,0
MpP1p10,R,916,0
MpP1p10,R,920,2
MpP1p10,R,924,4
MpP1p10,R,928,5
MpP1p10,R,932,2
MpP1p10,R,936,3
MpP1p10,R,940,6
MpP1p10,R,944,3
MpP1p10,R,948,1
MpP1p10,R,952,1
MpP1p10,R,956,1
MpP1p10,R,960,1
MpP1p10,R,964,2
MpP1p10,R,968,4
MpP1p10,R,972,2
MpP1p10,R,976,5
MpP1p10,R,980,5
MpP1p10,R,984,2
MpP1p10,R,988,3
MpP1p10,R,992,4
MpP1p10,R,996,6
MpP1p10,R,1000,9
MpP1p10,R,1004,7
MpP1p10,R,1008,5
MpP1p10,R,1012,4
MpP1p10,R,1016,6
MpP1p10,R,1020,5
MpP1p10,R,1024,3
MpP1p10,R,1028,4
MpP1p10,R,1032,3
MpP1p10,R,1036,3
MpP1p10,R,1040,4
MpP1p10,R,1044,5
MpP1p10,R,1048,7
MpP1p10,R,1052,8
MpP1p10,R,1056,7
MpP1p10,R,1060,4
MpP1p10,R,1064,6
MpP1p10,R,1068,6
MpP1p10,R,1072,6
MpP1p10,R,1076,9
MpP1p10,R,1080,7
MpP1p10,R,1084,5
MpP1p10,R,1088,8
MpP1p10,R,1092,7
MpP1p10,R,1096,6
MpP1p10,R,1100,7
MpP1p10,R,1104,10
MpP1p10,R,1108,12
MpP1p10,R,1112,10
MpP1p10,R,1116,10
MpP1p10,R,1120,15
MpP1p10,R,1124,14
MpP1p10,R,1128,10
MpP1p10,R,1132,8
MpP1p10,R,1136,7
MpP1p10,R,1140,8
MpP1p10,R,1144,13
MpP1p10,R,1148,15
MpP1p10,R,1152,8
MpP1p10,R,1156,8
MpP1p10,R,1160,4
MpP1p10,R,1164,5
MpP1p10,R,1168,4
MpP1p10,R,1172,6
MpP1p10,R,1176,9
MpP1p10,R,1180,13
MpP1p10,R,1184,12
MpP1p10,R,1188,13
MpP1p10,R,1192,13
MpP1p10,R,1196,12
MpP1p10,R,1200,12
MpP1p10,R,1204,12
MpP1p10,R,1208,11
MpP1p10,R,1212,11
MpP1p10,R,1216,14
MpP1p10,R,1220,14
MpP1p10,R,1224,19
MpP1p10,R,1228,19
MpP1p10,R,1232,20
MpP1p10,R,1236,18
MpP1p10,R,1240,18
MpP1p10,R,1244,13
MpP1p10,R,1248,18
MpP1p10,R,1252,20
MpP1p10,R,1256,18
MpP1p10,R,1260,18
MpP1p10,R,1264,23
MpP1p10,R,1268,22
MpP1p10,R,1272,30
MpP1p10,R,1276,28
MpP1p10,R,1280,30
MpP1p10,R,1284,30
MpP1p10,R,1288,30
MpP1p10,R,1292,26
MpP1p10,R,1296,31
MpP1p10,R,1300,33
MpP1p10,R,1304,33
MpP1p10,R,1308,24
MpP1p10,R,1312,6
MpP1p10,R,1316,0
MpP1p10,R,1320,0
MpP1p10,R,1324,0
MpP1p10,R,1328,0
MpP1p10,R,1332,0
MpP1p10,R,1336,0
MpP1p10,R,1340,0
MpP1p10,R,1344,0
MpP1p10,R,1348,0
MpP1p10,R,1352,0
MpP1p10,R,1356,0
MpP1p10,R,1360,0
MpP1p10,R,1364,0
MpP1p10,R,1368,0
MpP1p10,R,1372,0
MpP1p10,R,1376,0
MpP1p10,R,1380,0
MpP1p10,R,1384,0
MpP1p10,R,1388,0
MpP1p10,R,1392,0
MpP1p10,R,1396,0
MpP1p10,R,1400,0
MpP1p10,R,1404,0
MpP1p10,R,1408,0
MpP1p10,R,1412,0
MpP1p10,R,1416,0
MpP1p10,R,1420,0
MpP1p10,R,1424,0
MpP1p10,R,1428,0
MpP1p10,R,1432,0
MpP1p10,R,1436,0
MpP1p10,R,1440,0
MpP1p10,R,1444,0
MpP1p10,R,1448,0
MpP1p10,R,1452,0
MpP1p10,R,1456,0
MpP1p10,R,1460,0
MpP1p10,R,1464,0
MpP1p10,R,1468,0
MpP1p10,R,1472,0
MpP1p10,R,1476,0
MpP1p10,R,1480,0
MpP1p11,R,0,0
MpP1p11,R,4,0
MpP1p11,R,8,0
MpP1p11,R,12,0
MpP1p11,R,16,0
MpP1p11,R,20,0
MpP1p11,R,24,0
MpP1p11,R,28,0
MpP1p11,R,32,0
MpP1p11,R,36,0
MpP1p11,R,40,1
MpP1p11,R,44,1
MpP1p11,R,48,1
MpP1p11,R,52,1
MpP1p11,R,56,1
MpP1p11,R,60,1
MpP1p11,R,64,1
MpP1p11,R,68,1
MpP1p11,R,72,1
MpP1p11,R,76,1
MpP1p11,R,80,0
MpP1p11,R,84,1
MpP1p11,R,88,1
MpP1p11,R,92,0
MpP1p11,R,96,2
MpP1p11,R,100,0
MpP1p11,R,104,2
MpP1p11,R,108,2
MpP1p11,R,112,1
MpP1p11,R,116,2
MpP1p11,R,120,2
MpP1p11,R,124,3
MpP1p11,R,128,3
MpP1p11,R,132,3
MpP1p11,R,136,1
MpP1p11,R,140,2
MpP1p11,R,144,3
MpP1p11,R,148,2
MpP1p11,R,152,0
MpP1p11,R,156,1
MpP1p11,R,160,3
MpP1p11,R,164,2
MpP1p11,R,168,3
MpP1p11,R,172,2
MpP1p11,R,176,2
MpP1p11,R,180,4
MpP1p11,R,184,3
MpP1p11,R,188,3
MpP1p11,R,192,2
MpP1p11,R,196,3
MpP1p11,R,200,3
MpP1p11,R,204,4
MpP1p11,R,208,1
MpP1p11,R,212,5
MpP1p11,R,216,3
MpP1p11,R,220,2
MpP1p11,R,224,4
MpP1p11,R,228,2
MpP1p11,R,232,0
MpP1p11,R,236,4
MpP1p11,R,240,3
MpP1p11,R,244,1
MpP1p11,R,248,4
MpP1p11,R,252,3
MpP1p11,R,256,5
MpP1p11,R,260,4
MpP1p11,R,264,3
MpP1p11,R,268,2
MpP1p11,R,272,2
MpP1p11,R,276,4
MpP1p11,R,280,4
MpP1p11,R,284,4
MpP1p11,R,288,2
MpP1p11,R,292,4
MpP1p11,R,296,2
MpP1p11,R,300,2
MpP1p11,R,304,2
MpP1p11,R,308,2
MpP1p11,R,312,6
MpP1p11,R,316,4
MpP1p11,R,320,4
MpP1p11,R,324,5
MpP1p11,R,328,5
MpP1p11,R,332,5
MpP1p11,R,336,3
MpP1p11,R,340,1
MpP1p11,R,344,2
MpP1p11,R,348,1
MpP1p11,R,352,1
MpP1p11,R,356,3
MpP1p11,R,360,4
MpP1p11,R,364,3
MpP1p11,R,368,1
MpP1p11,R,372,3
MpP1p11,R,376,2
MpP1p11,R,380,2
MpP1p11,R,384,3
MpP1p11,R,388,1
MpP1p11,R,392,1
MpP1p11,R,396,1
MpP1p11,R,400,2
MpP1p11,R,404,3
MpP1p11,R,408,2
MpP1p11,R,412,1
MpP1p11,R,416,2
MpP1p11,R,420,2
MpP1p11,R,424,3
MpP1p11,R,428,4
MpP1p11,R,432,3
MpP1p11,R,436,4
MpP1p11,R,440,4
MpP1p11,R,444,3
MpP1p11,R,448,3
MpP1p11,R,452,2
MpP1p11,R,456,4
MpP1p11,R,460,3
MpP1p11,R,464,2
MpP1p11,R,468,2
MpP1p11,R,472,4
MpP1p11,R,476,3
MpP1p11,R,480,2
MpP1p11,R,484,2
MpP1p11,R,488,1
MpP1p11,R,492,2
MpP1p11,R,496,3
MpP1p11,R,500,2
MpP1p11,R,504,1
MpP1p11,R,508,1
MpP1p11,R,512,2
MpP1p11,R,516,2
MpP1p11,R,520,2
MpP1p11,R,524,3
MpP1p11,R,528,0
MpP1p11,R,532,3
MpP1p11,R,536,2
MpP1p11,R,540,1
MpP1p11,R,544,1
MpP1p11,R,548,3
MpP1p11,R,552,2
MpP1p11,R,556,3
MpP1p11,R,560,2
MpP1p11,R,564,3
MpP1p11,R,568,1
MpP1p11,R,572,2
MpP1p11,R,576,3
MpP1p11,R,580,2
MpP1p11,R,584,3
MpP1p11,R,588,3
MpP1p11,R,592,3
MpP1p11,R,596,4
MpP1p11,R,600,3
MpP1p11,R,604,2
MpP1p11,R,608,5
MpP1p11,R,612,5
MpP1p11,R,616,4
MpP1p11,R,620,3
MpP1p11,R,624,3
MpP1p11,R,628,3
MpP1p11,R,632,5
MpP1p11,R,636,2
MpP1p11,R,640,2
MpP1p11,R,644,4
MpP1p11,R,648,3
MpP1p11,R,652,2
MpP1p11,R,656,2
MpP1p11,R,660,3
MpP1p11,R,664,3
MpP1p11,R,668,1
MpP1p11,R,672,2
MpP1p11,R,676,3
MpP1p11,R,680,4
MpP1p11,R,684,2
MpP1p11,R,688,1
MpP1p11,R,692,3
MpP1p11,R,696,3
MpP1p11,R,700,2
MpP1p11,R,704,2
MpP1p11,R,708,3
MpP1p11,R,712,2
MpP1p11,R,716,3
MpP1p11,R,720,1
MpP1p11,R,724,3
MpP1p11,R,728,3
MpP1p11,R,732,2
MpP1p11,R,736,3
MpP1p11,R,740,4
MpP1p11,R,744,3
MpP1p11,R,748,1
MpP1p11,R,752,3
MpP1p11,R,756,3
MpP1p11,R,760,1
MpP1p11,R,764,2
MpP1p11,R,768,1
MpP1p11,R,772,4
MpP1p11,R,776,4
MpP1p11,R,780,2
MpP1p11,R,784,2
MpP1p11,R,788,3
MpP1p11,R,792,0
MpP1p11,R,796,3
MpP1p11,R,800,2
MpP1p11,R,804,2
MpP1p11,R,808,0
MpP1p11,R,812,2
MpP1p11,R,816,3
MpP1p11,R,820,3
MpP1p11,R,824,5
MpP1p11,R,828,3
MpP1p11,R,832,3
MpP1p11,R,836,2
MpP1p11,R,840,4
MpP1p11,R,844,1
MpP1p11,R,848,0
MpP1p11,R,852,3
MpP1p11,R,856,2
MpP1p11,R,860,3
MpP1p11,R,864,4
MpP1p11,R,868,4
MpP1p11,R,872,4
MpP1p11,R,876,4
MpP1p11,R,880,3
MpP1p11,R,884,3
MpP1p11,R,888,3
MpP1p11,R,892,3
MpP1p11,R,896,6
MpP1p11,R,900,7
MpP1p11,R,904,7
MpP1p11,R,908,6
MpP1p11,R,912,6
MpP1p11,R,916,5
MpP1p11,R,920,5
MpP1p11,R,924,6
MpP1p11,R,928,6
MpP1p11,R,932,4
MpP1p11,R,936,4
MpP1p11,R,940,6
MpP1p11,R,944,5
MpP1p11,R,948,7
MpP1p11,R,952,7
MpP1p11,R,956,6
MpP1p11,R,960,6
MpP1p11,R,964,5
MpP1p11,R,968,7
MpP1p11,R,972,5
MpP1p11,R,976,8
MpP1p11,R,980,9
MpP1p11,R,984,7
MpP1p11,R,988,8
MpP1p11,R,992,8
MpP1p11,R,996,9
MpP1p11,R,1000,7
MpP1p11,R,1004,5
MpP1p11,R,1008,8
MpP1p11,R,1012,8
MpP1p11,R,1016,9
MpP1p11,R,1020,4
MpP1p11,R,1024,9
MpP1p11,R,1028,11
MpP1p11,R,1032,14
MpP1p11,R,1036,11
MpP1p11,R,1040,6
MpP1p11,R,1044,12
MpP1p11,R,1048,12
MpP1p11,R,1052,13
MpP1p11,R,1056,13
MpP1p11,R,1060,11
MpP1p11,R,1064,12
MpP1p11,R,1068,11
MpP1p11,R,1072,14
MpP1p11,R,1076,14
MpP1p11,R,1080,14
MpP1p11,R,1084,14
MpP1p11,R,1088,15
MpP1p11,R,1092,10
MpP1p11,R,1096,12
MpP1p11,R,1100,13
MpP1p11,R,1104,10
MpP1p11,R,1108,15
MpP1p11,R,1112,16
MpP1p11,R,1116,14
MpP1p11,R,1120,17
MpP1p11,R,1124,14
MpP1p11,R,1128,12
MpP1p11,R,1132,16
MpP1p11,R,1136,13
MpP1p11,R,1140,10
MpP1p11,R,1144,14
MpP1p11,R,1148,13
MpP1p11,R,1152,16
MpP1p11,R,1156,18
MpP1p11,R,1160,16
MpP1p11,R,1164,18
MpP1p11,R,1168,19
MpP1p11,R,1172,17
MpP1p11,R,1176,17
MpP1p11,R,1180,17
MpP1p11,R,1184,16
MpP1p11,R,1188,15
MpP1p11,R,1192,13
MpP1p11,R,1196,19
MpP1p11,R,1200,16
MpP1p11,R,1204,14
MpP1p11,R,1208,16
MpP1p11,R,1212,11
MpP1p11,R,1216,12
MpP1p11,R,1220,17
MpP1p11,R,1224,17
MpP1p11,R,1228,23
MpP1p11,R,1232,15
MpP1p11,R,1236,14
MpP1p11,R,1240,18
MpP1p11,R,1244,18
MpP1p11,R,1248,21
MpP1p11,R,1252,20
MpP1p11,R,1256,21
MpP1p11,R,1260,22
MpP1p11,R,1264,25
MpP1p11,R,1268,28
MpP1p11,R,1272,27
MpP1p11,R,1276,25
MpP1p11,R,1280,25
MpP1p11,R,1284,25
MpP1p11,R,1288,23
MpP1p11,R,1292,25
MpP1p11,R,1296,24
MpP1p11,R,1300,27
MpP1p11,R,1304,21
MpP1p11,R,1308,15
MpP1p11,R,1312,6
MpP1p11,R,1316,0
MpP1p11,R,1320,0
MpP1p11,R,1324,0
MpP1p11,R,1328,0
MpP1p11,R,1332,0
MpP1p11,R,1336,0
MpP1p11,R,1340,0
MpP1p11,R,1344,0
MpP1p11,R,1348,0
MpP1p11,R,1352,0
MpP1p11,R,1356,0
MpP1p11,R,1360,0
MpP1p11,R,1364,0
MpP1p11,R,1368,0
MpP1p11,R,1372,0
MpP1p11,R,1376,0
MpP1p11,R,1380,0
MpP1p11,R,1384,0
MpP1p11,R,1388,0
MpP1p11,R,1392,0
MpP1p11,R,1396,0
MpP1p11,R,1400,0
MpP1p11,R,1404,0
MpP1p11,R,1408,0
MpP1p11,R,1412,0
MpP1p11,R,1416,0
MpP1p11,R,1420,0
MpP1p11,R,1424,0
MpP1p11,R,1428,0
MpP1p11,R,1432,0
MpP1p11,R,1436,0
MpP1p11,R,1440,0
MpP1p11,R,1444,0
MpP1p11,R,1448,0
MpP1p11,R,1452,0
MpP1p11,R,1456,0
MpP1p11,R,1460,0
MpP1p11,R,1464,0
MpP1p11,R,1468,0
MpP1p11,R,1472,0
MpP1p11,R,1476,0
MpP1p11,R,1480,0
MpP1p01,RB,0,0
MpP1p01,RB,4,0
MpP1p01,RB,8,0
MpP1p01,RB,12,0
MpP1p01,RB,16,0
MpP1p01,RB,20,0
MpP1p01,RB,24,0
MpP1p01,RB,28,0
MpP1p01,RB,32,0
MpP1p01,RB,36,0
MpP1p01,RB,40,0
MpP1p01,RB,44,0
MpP1p01,RB,48,0
MpP1p01,RB,52,0
MpP1p01,RB,56,0
MpP1p01,RB,60,0
MpP1p01,RB,64,0
MpP1p01,RB,68,0
MpP1p01,RB,72,0
MpP1p01,RB,76,0
MpP1p01,RB,80,0
MpP1p01,RB,84,0
MpP1p01,RB,88,0
MpP1p01,RB,92,0
MpP1p01,RB,96,0
MpP1p01,RB,100,0
MpP1p01,RB,104,0
MpP1p01,RB,108,0
MpP1p01,RB,112,0
MpP1p01,RB,116,0
MpP1p01,RB,120,0
MpP1p01,RB,124,0
MpP1p01,RB,128,0
MpP1p01,RB,132,0
MpP1p01,RB,136,0
MpP1p01,RB,140,0
MpP1p01,RB,144,0
MpP1p01,RB,148,0
MpP1p01,RB,152,0
MpP1p01,RB,156,0
MpP1p01,RB,160,0
MpP1p01,RB,164,0
MpP1p01,RB,168,0
MpP1p01,RB,172,0
MpP1p01,RB,176,0
MpP1p01,RB,180,0
MpP1p01,RB,184,0
MpP1p01,RB,188,1
MpP1p01,RB,192,1
MpP1p01,RB,196,1
MpP1p01,RB,200,1
MpP1p01,RB,204,1
MpP1p01,RB,208,2
MpP1p01,RB,212,2
MpP1p01,RB,216,2
MpP1p01,RB,220,2
MpP1p01,RB,224,2
MpP1p01,RB,228,2
MpP1p01,RB,232,2
MpP1p01,RB,236,2
MpP1p01,RB,240,2
MpP1p01,RB,244,2
MpP1p01,RB,248,2
MpP1p01,RB,252,2
MpP1p01,RB,256,2
MpP1p01,RB,260,2
MpP1p01,RB,264,2
MpP1p01,RB,268,2
MpP1p01,RB,272,2
MpP1p01,RB,276,2
MpP1p01,RB,280,2
MpP1p01,RB,284,2
MpP1p01,RB,288,2
MpP1p01,RB,292,2
MpP1p01,RB,296,2
MpP1p01,RB,300,2
MpP1p01,RB,304,3
MpP1p01,RB,308,2
MpP1p01,RB,312,3
MpP1p01,RB,316,3
MpP1p01,RB,320,3
MpP1p01,RB,324,3
MpP1p01,RB,328,3
MpP1p01,RB,332,2
MpP1p01,RB,336,2
MpP1p01,RB,340,3
MpP1p01,RB,344,3
MpP1p01,RB,348,3
MpP1p01,RB,352,3
MpP1p01,RB,356,3
MpP1p01,RB,360,3
MpP1p01,RB,364,3
MpP1p01,RB,368,3
MpP1p01,RB,372,3
MpP1p01,RB,376,2
MpP1p01,RB,380,2
MpP1p01,RB,384,3
MpP1p01,RB,388,3
MpP1p01,RB,392,2
MpP1p01,RB,396,2
MpP1p01,RB,400,2
MpP1p01,RB,404,2
MpP1p01,RB,408,2
MpP1p01,RB,412,3
MpP1p01,RB,416,3
MpP1p01,RB,420,3
MpP1p01,RB,424,4
MpP1p01,RB,428,4
MpP1p01,RB,432,4
MpP1p01,RB,436,4
MpP1p01,RB,440,3
MpP1p01,RB,444,4
MpP1p01,RB,448,4
MpP1p01,RB,452,4
MpP1p01,RB,456,5
MpP1p01,RB,460,5
MpP1p01,RB,464,3
MpP1p01,RB,468,3
MpP1p01,RB,472,5
MpP1p01,RB,476,4
MpP1p01,RB,480,4
MpP1p01,RB,484,5
MpP1p01,RB,488,4
MpP1p01,RB,492,4
MpP1p01,RB,496,5
MpP1p01,RB,500,5
MpP1p01,RB,504,4
MpP1p01,RB,508,4
MpP1p01,RB,512,5
MpP1p01,RB,516,5
MpP1p01,RB,520,5
MpP1p01,RB,524,5
MpP1p01,RB,528,5
MpP1p01,RB,532,5
MpP1p01,RB,536,4
MpP1p01,RB,540,5
MpP1p01,RB,544,2
MpP1p01,RB,548,5
MpP1p01,RB,552,4
MpP1p01,RB,556,3
MpP1p01,RB,560,4
MpP1p01,RB,564,5
MpP1p01,RB,568,5
MpP1p01,RB,572,5
MpP1p01,RB,576,5
MpP1p01,RB,580,5
MpP1p01,RB,584,5
MpP1p01,RB,588,4
MpP1p01,RB,592,4
MpP1p01,RB,596,6
MpP1p01,RB,600,4
MpP1p01,RB,604,4
MpP1p01,RB,608,5
MpP1p01,RB,612,6
MpP1p01,RB,616,6
MpP1p01,RB,620,6
MpP1p01,RB,624,6
MpP1p01,RB,628,6
MpP1p01,RB,632,6
MpP1p01,RB,636,6
MpP1p01,RB,640,3
MpP1p01,RB,644,6
MpP1p01,RB,648,5
MpP1p01,RB,652,6
MpP1p01,RB,656,6
MpP1p01,RB,660,6
MpP1p01,RB,664,6
MpP1p01,RB,668,5
MpP1p01,RB,672,6
MpP1p01,RB,676,6
MpP1p01,RB,680,5
MpP1p01,RB,684,5
MpP1p01,RB,688,3
MpP1p01,RB,692,4
MpP1p01,RB,696,5
MpP1p01,RB,700,5
MpP1p01,RB,704,4
MpP1p01,RB,708,4
MpP1p01,RB,712,5
MpP1p01,RB,716,5
MpP1p01,RB,720,4
MpP1p01,RB,724,5
MpP1p01,RB,728,5
MpP1p01,RB,732,5
MpP1p01,RB,736,5
MpP1p01,RB,740,5
MpP1p01,RB,744,5
MpP1p01,RB,748,5
MpP1p01,RB,752,5
MpP1p01,RB,756,4
MpP1p01,RB,760,4
MpP1p01,RB,764,5
MpP1p01,RB,768,4
MpP1p01,RB,772,5
MpP1p01,RB,776,6
MpP1p01,RB,780,6
MpP1p01,RB,784,6
MpP1p01,RB,788,6
MpP1p01,RB,792,6
MpP1p01,RB,796,7
MpP1p01,RB,800,7
MpP1p01,RB,804,6
MpP1p01,RB,808,6
MpP1p01,RB,812,7
MpP1p01,RB,816,7
MpP1p01,RB,820,4
MpP1p01,RB,824,5
MpP1p01,RB,828,5
MpP1p01,RB,832,6
MpP1p01,RB,836,6
MpP1p01,RB,840,7
MpP1p01,RB,844,6
MpP1p01,RB,848,6
MpP1p01,RB,852,7
MpP1p01,RB,856,6
MpP1p01,RB,860,6
MpP1p01,RB,864,6
MpP1p01,RB,868,6
MpP1p01,RB,872,5
MpP1p01,RB,876,5
MpP1p01,RB,880,7
MpP1p01,RB,884,7
MpP1p01,RB,888,7
MpP1p01,RB,892,8
MpP1p01,RB,896,8
MpP1p01,RB,900,8
MpP1p01,RB,904,7
MpP1p01,RB,908,7
MpP1p01,RB,912,7
MpP1p01,RB,916,8
MpP1p01,RB,920,8
MpP1p01,RB,924,9
MpP1p01,RB,928,9
MpP1p01,RB,932,8
MpP1p01,RB,936,8
MpP1p01,RB,940,8
MpP1p01,RB,944,8
MpP1p01,RB,948,6
MpP1p01,RB,952,6
MpP1p01,RB,956,6
MpP1p01,RB,960,7
MpP1p01,RB,964,8
MpP1p01,RB,968,6
MpP1p01,RB,972,6
MpP1p01,RB,976,5
MpP1p01,RB,980,5
MpP1p01,RB,984,4
MpP1p01,RB,988,4
MpP1p01,RB,992,4
MpP1p01,RB,996,5
MpP1p01,RB,1000,6
MpP1p01,RB,1004,9
MpP1p01,RB,1008,9
MpP1p01,RB,1012,9
MpP1p01,RB,1016,10
MpP1p01,RB,1020,10
MpP1p01,RB,1024,10
MpP1p01,RB,1028,11
MpP1p01,RB,1032,11
MpP1p01,RB,1036,9
MpP1p01,RB,1040,9
MpP1p01,RB,1044,9
MpP1p01,RB,1048,9
MpP1p01,RB,1052,8
MpP1p01,RB,1056,9
MpP1p01,RB,1060,10
MpP1p01,RB,1064,11
MpP1p01,RB,1068,10
MpP1p01,RB,1072,9
MpP1p01,RB,1076,9
MpP1p01,RB,1080,8
MpP1p01,RB,1084,10
MpP1p01,RB,1088,13
MpP1p01,RB,1092,13
MpP1p01,RB,1096,15
MpP1p01,RB,1100,15
MpP1p01,RB,1104,15
MpP1p01,RB,1108,16
MpP1p01,RB,1112,17
MpP1p01,RB,1116,17
MpP1p01,RB,1120,17
MpP1p01,RB,1124,18
MpP1p01,RB,1128,18
MpP1p01,RB,1132,17
MpP1p01,RB,1136,16
MpP1p01,RB,1140,16
MpP1p01,RB,1144,19
MpP1p01,RB,1148,20
MpP1p01,RB,1152,20
MpP1p01,RB,1156,21
MpP1p01,RB,1160,22
MpP1p01,RB,1164,23
MpP1p01,RB,1168,23
MpP1p01,RB,1172,25
MpP1p01,RB,1176,24
MpP1p01,RB,1180,22
MpP1p01,RB,1184,23
MpP1p01,RB,1188,25
MpP1p01,RB,1192,26
MpP1p01,RB,1196,28
MpP1p01,RB,1200,28
MpP1p01,RB,1204,29
MpP1p01,RB,1208,27
MpP1p01,RB,1212,27
MpP1p01,RB,1216,31
MpP1p01,RB,1220,30
MpP1p01,RB,1224,34
MpP1p01,RB,1228,35
MpP1p01,RB,1232,33
MpP1p01,RB,1236,35
MpP1p01,RB,1240,33
MpP1p01,RB,1244,39
MpP1p01,RB,1248,41
MpP1p01,RB,1252,41
MpP1p01,RB,1256,38
MpP1p01,RB,1260,42
MpP1p01,RB,1264,41
MpP1p01,RB,1268,48
MpP1p01,RB,1272,47
MpP1p01,RB,1276,47
MpP1p01,RB,1280,46
MpP1p01,RB,1284,50
MpP1p01,RB,1288,48
MpP1p01,RB,1292,47
MpP1p01,RB,1296,46
MpP1p01,RB,1300,47
MpP1p01,RB,1304,38
MpP1p01,RB,1308,19
MpP1p01,RB,1312,3
MpP1p01,RB,1316,0
MpP1p01,RB,1320,0
MpP1p01,RB,1324,0
MpP1p01,RB,1328,0
MpP1p01,RB,1332,0
MpP1p01,RB,1336,0
MpP1p01,RB,1340,0
MpP1p01,RB,1344,0
MpP1p01,RB,1348,0
MpP1p01,RB,1352,0
MpP1p01,RB,1356,0
MpP1p01,RB,1360,0
MpP1p01,RB,1364,0
MpP1p01,RB,1368,0
MpP1p01,RB,1372,0
MpP1p01,RB,1376,0
MpP1p01,RB,1380,0
MpP1p01,RB,1384,0
MpP1p01,RB,1388,0
MpP1p01,RB,1392,0
MpP1p01,RB,1396,0
MpP1p01,RB,1400,0
MpP1p01,RB,1404,0
MpP1p01,RB,1408,0
MpP1p01,RB,1412,0
MpP1p01,RB,1416,0
MpP1p01,RB,1420,0
MpP1p01,RB,1424,0
MpP1p01,RB,1428,0
MpP1p01,RB,1432,0
MpP1p01,RB,1436,0
MpP1p01,RB,1440,0
MpP1p01,RB,1444,0
MpP1p01,RB,1448,0
MpP1p01,RB,1452,0
MpP1p01,RB,1456,0
MpP1p01,RB,1460,0
MpP1p01,RB,1464,0
MpP1p01,RB,1468,0
MpP1p01,RB,1472,0
MpP1p01,RB,1476,0
MpP1p01,RB,1480,0
MpP1p02,RB,0,0
MpP1p02,RB,4,0
MpP1p02,RB,8,0
MpP1p02,RB,12,0
MpP1p02,RB,16,0
MpP1p02,RB,20,0
MpP1p02,RB,24,0
MpP1p02,RB,28,0
MpP1p02,RB,32,0
MpP1p02,RB,36,0
MpP1p02,RB,40,0
MpP1p02,RB,44,0
MpP1p02,RB,48,0
MpP1p02,RB,52,0
MpP1p02,RB,56,0
MpP1p02,RB,60,1
MpP1p02,RB,64,1
MpP1p02,RB,68,0
MpP1p02,RB,72,1
MpP1p02,RB,76,1
MpP1p02,RB,80,0
MpP1p02,RB,84,1
MpP1p02,RB,88,0
MpP1p02,RB,92,1
MpP1p02,RB,96,0
MpP1p02,RB,100,0
MpP1p02,RB,104,1
MpP1p02,RB,108,1
MpP1p02,RB,112,0
MpP1p02,RB,116,1
MpP1p02,RB,120,1
MpP1p02,RB,124,0
MpP1p02,RB,128,1
MpP1p02,RB,132,2
MpP1p02,RB,136,1
MpP1p02,RB,140,1
MpP1p02,RB,144,1
MpP1p02,RB,148,1
MpP1p02,RB,152,1
MpP1p02,RB,156,1
MpP1p02,RB,160,1
MpP1p02,RB,164,1
MpP1p02,RB,168,1
MpP1p02,RB,172,2
MpP1p02,RB,176,1
MpP1p02,RB,180,0
MpP1p02,RB,184,1
MpP1p02,RB,188,2
MpP1p02,RB,192,2
MpP1p02,RB,196,2
MpP1p02,RB,200,2
MpP1p02,RB,204,1
MpP1p02,RB,208,2
MpP1p02,RB,212,2
MpP1p02,RB,216,1
MpP1p02,RB,220,2
MpP1p02,RB,224,1
MpP1p02,RB,228,0
MpP1p02,RB,232,0
MpP1p02,RB,236,2
MpP1p02,RB,240,3
MpP1p02,RB,244,3
MpP1p02,RB,248,3
MpP1p02,RB,252,3
MpP1p02,RB,256,2
MpP1p02,RB,260,4
MpP1p02,RB,264,3
MpP1p02,RB,268,2
MpP1p02,RB,272,4
MpP1p02,RB,276,5
MpP1p02,RB,280,0
MpP1p02,RB,284,1
MpP1p02,RB,288,1
MpP1p02,RB,292,0
MpP1p02,RB,296,0
MpP1p02,RB,300,2
MpP1p02,RB,304,1
MpP1p02,RB,308,1
MpP1p02,RB,312,1
MpP1p02,RB,316,1
MpP1p02,RB,320,2
MpP1p02,RB,324,1
MpP1p02,RB,328,2
MpP1p02,RB,332,2
MpP1p02,RB,336,1
MpP1p02,RB,340,2
MpP1p02,RB,344,1
MpP1p02,RB,348,1
MpP1p02,RB,352,2
MpP1p02,RB,356,3
MpP1p02,RB,360,2
MpP1p02,RB,364,1
MpP1p02,RB,368,2
MpP1p02,RB,372,3
MpP1p02,RB,376,3
MpP1p02,RB,380,4
MpP1p02,RB,384,2
MpP1p02,RB,388,2
MpP1p02,RB,392,2
MpP1p02,RB,396,2
MpP1p02,RB,400,2
MpP1p02,RB,404,3
MpP1p02,RB,408,3
MpP1p02,RB,412,2
MpP1p02,RB,416,1
MpP1p02,RB,420,2
MpP1p02,RB,424,2
MpP1p02,RB,428,2
MpP1p02,RB,432,2
MpP1p02,RB,436,2
MpP1p02,RB,440,3
MpP1p02,RB,444,3
MpP1p02,RB,448,3
MpP1p02,RB,452,3
MpP1p02,RB,456,1
MpP1p02,RB,460,2
MpP1p02,RB,464,2
MpP1p02,RB,468,2
MpP1p02,RB,472,4
MpP1p02,RB,476,3
MpP1p02,RB,480,2
MpP1p02,RB,484,2
MpP1p02,RB,488,3
MpP1p02,RB,492,3
MpP1p02,RB,496,2
MpP1p02,RB,500,4
MpP1p02,RB,504,3
MpP1p02,RB,508,1
MpP1p02,RB,512,2
MpP1p02,RB,516,4
MpP1p02,RB,520,2
MpP1p02,RB,524,1
MpP1p02,RB,528,1
MpP1p02,RB,532,3
MpP1p02,RB,536,4
MpP1p02,RB,540,0
MpP1p02,RB,544,1
MpP1p02,RB,548,3
MpP1p02,RB,552,4
MpP1p02,RB,556,4
MpP1p02,RB,560,4
MpP1p02,RB,564,5
MpP1p02,RB,568,4
MpP1p02,RB,572,3
MpP1p02,RB,576,4
MpP1p02,RB,580,4
MpP1p02,RB,584,4
MpP1p02,RB,588,1
MpP1p02,RB,592,3
MpP1p02,RB,596,4
MpP1p02,RB,600,5
MpP1p02,RB,604,3
MpP1p02,RB,608,4
MpP1p02,RB,612,4
MpP1p02,RB,616,4
MpP1p02,RB,620,4
MpP1p02,RB,624,5
MpP1p02,RB,628,5
MpP1p02,RB,632,4
MpP1p02,RB,636,5
MpP1p02,RB,640,3
MpP1p02,RB,644,3
MpP1p02,RB,648,3
MpP1p02,RB,652,2
MpP1p02,RB,656,4
MpP1p02,RB,660,5
MpP1p02,RB,664,2
MpP1p02,RB,668,4
MpP1p02,RB,672,4
MpP1p02,RB,676,4
MpP1p02,RB,680,4
MpP1p02,RB,684,5
MpP1p02,RB,688,6
MpP1p02,RB,692,5
MpP1p02,RB,696,3
MpP1p02,RB,700,6
MpP1p02,RB,704,5
MpP1p02,RB,708,5
MpP1p02,RB,712,6
MpP1p02,RB,716,5
MpP1p02,RB,720,4
MpP1p02,RB,724,4
MpP1p02,RB,728,3
MpP1p02,RB,732,1
MpP1p02,RB,736,5
MpP1p02,RB,740,5
MpP1p02,RB,744,5
MpP1p02,RB,748,4
MpP1p02,RB,752,6
MpP1p02,RB,756,4
MpP1p02,RB,760,6
MpP1p02,RB,764,3
MpP1p02,RB,768,4
MpP1p02,RB,772,4
MpP1p02,RB,776,3
MpP1p02,RB,780,4
MpP1p02,RB,784,4
MpP1p02,RB,788,5
MpP1p02,RB,792,4
MpP1p02,RB,796,3
MpP1p02,RB,800,4
MpP1p02,RB,804,3
MpP1p02,RB,808,7
MpP1p02,RB,812,5
MpP1p02,RB,816,5
MpP1p02,RB,820,5
MpP1p02,RB,824,5
MpP1p02,RB,828,3
MpP1p02,RB,832,4
MpP1p02,RB,836,5
MpP1p02,RB,840,4
MpP1p02,RB,844,3
MpP1p02,RB,848,5
MpP1p02,RB,852,6
MpP1p02,RB,856,6
MpP1p02,RB,860,5
MpP1p02,RB,864,6
MpP1p02,RB,868,4
MpP1p02,RB,872,3
MpP1p02,RB,876,6
MpP1p02,RB,880,4
MpP1p02,RB,884,3
MpP1p02,RB,888,5
MpP1p02,RB,892,6
MpP1p02,RB,896,5
MpP1p02,RB,900,4
MpP1p02,RB,904,7
MpP1p02,RB,908,4
MpP1p02,RB,912,5
MpP1p02,RB,916,7
MpP1p02,RB,920,4
MpP1p02,RB,924,6
MpP1p02,RB,928,8
MpP1p02,RB,932,7
MpP1p02,RB,936,8
MpP1p02,RB,940,11
MpP1p02,RB,944,5
MpP1p02,RB,948,9
MpP1p02,RB,952,5
MpP1p02,RB,956,9
MpP1p02,RB,960,4
MpP1p02,RB,964,5
MpP1p02,RB,968,8
MpP1p02,RB,972,9
MpP1p02,RB,976,9
MpP1p02,RB,980,9
MpP1p02,RB,984,8
MpP1p02,RB,988,10
MpP1p02,RB,992,8
MpP1p02,RB,996,7
MpP1p02,RB,1000,8
MpP1p02,RB,1004,8
MpP1p02,RB,1008,7
MpP1p02,RB,1012,8
MpP1p02,RB,1016,6
MpP1p02,RB,1020,3
MpP1p02,RB,1024,5
MpP1p02,RB,1028,9
MpP1p02,RB,1032,6
MpP1p02,RB,1036,8
MpP1p02,RB,1040,10
MpP1p02,RB,1044,6
MpP1p02,RB,1048,3
MpP1p02,RB,1052,5
MpP1p02,RB,1056,7
MpP1p02,RB,1060,8
MpP1p02,RB,1064,8
MpP1p02,RB,1068,10
MpP1p02,RB,1072,6
MpP1p02,RB,1076,9
MpP1p02,RB,1080,14
MpP1p02,RB,1084,11
MpP1p02,RB,1088,12
MpP1p02,RB,1092,13
MpP1p02,RB,1096,10
MpP1p02,RB,1100,9
MpP1p02,RB,1104,9
MpP1p02,RB,1108,7
MpP1p02,RB,1112,8
MpP1p02,RB,1116,7
MpP1p02,RB,1120,9
MpP1p02,RB,1124,12
MpP1p02,RB,1128,18
MpP1p02,RB,1132,15
MpP1p02,RB,1136,8
MpP1p02,RB,1140,12
MpP1p02,RB,1144,15
MpP1p02,RB,1148,15
MpP1p02,RB,1152,8
MpP1p02,RB,1156,12
MpP1p02,RB,1160,15
MpP1p02,RB,1164,15
MpP1p02,RB,1168,10
MpP1p02,RB,1172,16
MpP1p02,RB,1176,14
MpP1p02,RB,1180,17
MpP1p02,RB,1184,14
MpP1p02,RB,1188,15
MpP1p02,RB,1192,8
MpP1p02,RB,1196,12
MpP1p02,RB,1200,11
MpP1p02,RB,1204,13
MpP1p02,RB,1208,13
MpP1p02,RB,1212,13
MpP1p02,RB,1216,16
MpP1p02,RB,1220,13
MpP1p02,RB,1224,13
MpP1p02,RB,1228,19
MpP1p02,RB,1232,23
MpP1p02,RB,1236,17
MpP1p02,RB,1240,16
MpP1p02,RB,1244,16
MpP1p02,RB,1248,17
MpP1p02,RB,1252,16
MpP1p02,RB,1256,22
MpP1p02,RB,1260,16
MpP1p02,RB,1264,14
MpP1p02,RB,1268,13
MpP1p02,RB,1272,11
MpP1p02,RB,1276,15
MpP1p02,RB,1280,12
MpP1p02,RB,1284,11
MpP1p02,RB,1288,8
MpP1p02,RB,1292,10
MpP1p02,RB,1296,13
MpP1p02,RB,1300,9
MpP1p02,RB,1304,10
MpP1p02,RB,1308,4
MpP1p02,RB,1312,0
MpP1p02,RB,1316,0
MpP1p02,RB,1320,0
MpP1p02,RB,1324,0
MpP1p02,RB,1328,0
MpP1p02,RB,1332,0
MpP1p02,RB,1336,0
MpP1p02,RB,1340,0
MpP1p02,RB,1344,0
MpP1p02,RB,1348,0
MpP1p02,RB,1352,0
MpP1p02,RB,1356,0
MpP1p02,RB,1360,0
MpP1p02,RB,1364,0
MpP1p02,RB,1368,0
MpP1p02,RB,1372,0
MpP1p02,RB,1376,0
MpP1p02,RB,1380,0
MpP1p02,RB,1384,0
MpP1p02,RB,1388,0
MpP1p02,RB,1392,0
MpP1p02,RB,1396,0
MpP1p02,RB,1400,0
MpP1p02,RB,1404,0
MpP1p02,RB,1408,0
MpP1p02,RB,1412,0
MpP1p02,RB,1416,0
MpP1p02,RB,1420,0
MpP1p02,RB,1424,0
MpP1p02,RB,1428,0
MpP1p02,RB,1432,0
MpP1p02,RB,1436,0
MpP1p02,RB,1440,0
MpP1p02,RB,1444,0
MpP1p02,RB,1448,0
MpP1p02,RB,1452,0
MpP1p02,RB,1456,0
MpP1p02,RB,1460,0
MpP1p02,RB,1464,0
MpP1p02,RB,1468,0
MpP1p02,RB,1472,0
MpP1p02,RB,1476,0
MpP1p02,RB,1480,0
MpP1p03,RB,0,0
MpP1p03,RB,4,0
MpP1p03,RB,8,0
MpP1p03,RB,12,0
MpP1p03,RB,16,0
MpP1p03,RB,20,0
MpP1p03,RB,24,0
MpP1p03,RB,28,0
MpP1p03,RB,32,0
MpP1p03,RB,36,0
MpP1p03,RB,40,0
MpP1p03,RB,44,0
MpP1p03,RB,48,0
MpP1p03,RB,52,0
MpP1p03,RB,56,0
MpP1p03,RB,60,0
MpP1p03,RB,64,0
MpP1p03,RB,68,0
MpP1p03,RB,72,0
MpP1p03,RB,76,0
MpP1p03,RB,80,0
MpP1p03,RB,84,0
MpP1p03,RB,88,0
MpP1p03,RB,92,0
MpP1p03,RB,96,0
MpP1p03,RB,100,0
MpP1p03,RB,104,0
MpP1p03,RB,108,0
MpP1p03,RB,112,0
MpP1p03,RB,116,0
MpP1p03,RB,120,0
MpP1p03,RB,124,0
MpP1p03,RB,128,0
MpP1p03,RB,132,0
MpP1p03,RB,136,0
MpP1p03,RB,140,0
MpP1p03,RB,144,0
MpP1p03,RB,148,0
MpP1p03,RB,152,0
MpP1p03,RB,156,0
MpP1p03,RB,160,0
MpP1p03,RB,164,0
MpP1p03,RB,168,0
MpP1p03,RB,172,0
MpP1p03,RB,176,0
MpP1p03,RB,180,0
MpP1p03,RB,184,0
MpP1p03,RB,188,0
MpP1p03,RB,192,0
MpP1p03,RB,196,0
MpP1p03,RB,200,0
MpP1p03,RB,204,1
MpP1p03,RB,208,2
MpP1p03,RB,212,0
MpP1p03,RB,216,0
MpP1p03,RB,220,1
MpP1p03,RB,224,2
MpP1p03,RB,228,2
MpP1p03,RB,232,2
MpP1p03,RB,236,2
MpP1p03,RB,240,2
MpP1p03,RB,244,2
MpP1p03,RB,248,2
MpP1p03,RB,252,0
MpP1p03,RB,256,0
MpP1p03,RB,260,1
MpP1p03,RB,264,1
MpP1p03,RB,268,1
MpP1p03,RB,272,0
MpP1p03,RB,276,1
MpP1p03,RB,280,2
MpP1p03,RB,284,2
MpP1p03,RB,288,2
MpP1p03,RB,292,1
MpP1p03,RB,296,1
MpP1p03,RB,300,1
MpP1p03,RB,304,1
MpP1p03,RB,308,1
MpP1p03,RB,312,0
MpP1p03,RB,316,1
MpP1p03,RB,320,0
MpP1p03,RB,324,2
MpP1p03,RB,328,1
MpP1p03,RB,332,2
MpP1p03,RB,336,1
MpP1p03,RB,340,2
MpP1p03,RB,344,1
MpP1p03,RB,348,0
MpP1p03,RB,352,0
MpP1p03,RB,356,0
MpP1p03,RB,360,1
MpP1p03,RB,364,1
MpP1p03,RB,368,2
MpP1p03,RB,372,1
MpP1p03,RB,376,0
MpP1p03,RB,380,0
MpP1p03,RB,384,0
MpP1p03,RB,388,1
MpP1p03,RB,392,1
MpP1p03,RB,396,1
MpP1p03,RB,400,1
MpP1p03,RB,404,0
MpP1p03,RB,408,0
MpP1p03,RB,412,1
MpP1p03,RB,416,1
MpP1p03,RB,420,2
MpP1p03,RB,424,1
MpP1p03,RB,428,1
MpP1p03,RB,432,1
MpP1p03,RB,436,0
MpP1p03,RB,440,0
MpP1p03,RB,444,0
MpP1p03,RB,448,1
MpP1p03,RB,452,0
MpP1p03,RB,456,0
MpP1p03,RB,460,0
MpP1p03,RB,464,0
MpP1p03,RB,468,1
MpP1p03,RB,472,0
MpP1p03,RB,476,1
MpP1p03,RB,480,0
MpP1p03,RB,484,0
MpP1p03,RB,488,0
MpP1p03,RB,492,1
MpP1p03,RB,496,1
MpP1p03,RB,500,1
MpP1p03,RB,504,0
MpP1p03,RB,508,2
MpP1p03,RB,512,1
MpP1p03,RB,516,1
MpP1p03,RB,520,0
MpP1p03,RB,524,1
MpP1p03,RB,528,0
MpP1p03,RB,532,3
MpP1p03,RB,536,2
MpP1p03,RB,540,2
MpP1p03,RB,544,1
MpP1p03,RB,548,1
MpP1p03,RB,552,1
MpP1p03,RB,556,1
MpP1p03,RB,560,2
MpP1p03,RB,564,1
MpP1p03,RB,568,2
MpP1p03,RB,572,0
MpP1p03,RB,576,0
MpP1p03,RB,580,2
MpP1p03,RB,584,1
MpP1p03,RB,588,0
MpP1p03,RB,592,2
MpP1p03,RB,596,2
MpP1p03,RB,600,2
MpP1p03,RB,604,1
MpP1p03,RB,608,1
MpP1p03,RB,612,0
MpP1p03,RB,616,1
MpP1p03,RB,620,2
MpP1p03,RB,624,1
MpP1p03,RB,628,2
MpP1p03,RB,632,0
MpP1p03,RB,636,0
MpP1p03,RB,640,2
MpP1p03,RB,644,2
MpP1p03,RB,648,3
MpP1p03,RB,652,2
MpP1p03,RB,656,2
MpP1p03,RB,660,2
MpP1p03,RB,664,3
MpP1p03,RB,668,2
MpP1p03,RB,672,1
MpP1p03,RB,676,1
MpP1p03,RB,680,2
MpP1p03,RB,684,1
MpP1p03,RB,688,0
MpP1p03,RB,692,0
MpP1p03,RB,696,0
MpP1p03,RB,700,1
MpP1p03,RB,704,1
MpP1p03,RB,708,0
MpP1p03,RB,712,0
MpP1p03,RB,716,0
MpP1p03,RB,720,0
MpP1p03,RB,724,0
MpP1p03,RB,728,0
MpP1p03,RB,732,0
MpP1p03,RB,736,0
MpP1p03,RB,740,1
MpP1p03,RB,744,1
MpP1p03,RB,748,1
MpP1p03,RB,752,2
MpP1p03,RB,756,0
MpP1p03,RB,760,0
MpP1p03,RB,764,1
MpP1p03,RB,768,1
MpP1p03,RB,772,0
MpP1p03,RB,776,0
MpP1p03,RB,780,0
MpP1p03,RB,784,1
MpP1p03,RB,788,1
MpP1p03,RB,792,0
MpP1p03,RB,796,0
MpP1p03,RB,800,1
MpP1p03,RB,804,3
MpP1p03,RB,808,1
MpP1p03,RB,812,1
MpP1p03,RB,816,1
MpP1p03,RB,820,1
MpP1p03,RB,824,0
MpP1p03,RB,828,0
MpP1p03,RB,832,1
MpP1p03,RB,836,1
MpP1p03,RB,840,1
MpP1p03,RB,844,2
MpP1p03,RB,848,0
MpP1p03,RB,852,1
MpP1p03,RB,856,1
MpP1p03,RB,860,1
MpP1p03,RB,864,2
MpP1p03,RB,868,2
MpP1p03,RB,872,2
MpP1p03,RB,876,2
MpP1p03,RB,880,3
MpP1p03,RB,884,2
MpP1p03,RB,888,0
MpP1p03,RB,892,0
MpP1p03,RB,896,1
MpP1p03,RB,900,2
MpP1p03,RB,904,2
MpP1p03,RB,908,2
MpP1p03,RB,912,1
MpP1p03,RB,916,2
MpP1p03,RB,920,1
MpP1p03,RB,924,2
MpP1p03,RB,928,3
MpP1p03,RB,932,2
MpP1p03,RB,936,1
MpP1p03,RB,940,2
MpP1p03,RB,944,2
MpP1p03,RB,948,1
MpP1p03,RB,952,0
MpP1p03,RB,956,1
MpP1p03,RB,960,4
MpP1p03,RB,964,5
MpP1p03,RB,968,4
MpP1p03,RB,972,2
MpP1p03,RB,976,1
MpP1p03,RB,980,4
MpP1p03,RB,984,2
MpP1p03,RB,988,3
MpP1p03,RB,992,5
MpP1p03,RB,996,3
MpP1p03,RB,1000,2
MpP1p03,RB,1004,3
MpP1p03,RB,1008,4
MpP1p03,RB,1012,3
MpP1p03,RB,1016,4
MpP1p03,RB,1020,5
MpP1p03,RB,1024,4
MpP1p03,RB,1028,6
MpP1p03,RB,1032,5
MpP1p03,RB,1036,3
MpP1p03,RB,1040,5
MpP1p03,RB,1044,4
MpP1p03,RB,1048,8
MpP1p03,RB,1052,7
MpP1p03,RB,1056,5
MpP1p03,RB,1060,7
MpP1p03,RB,1064,5
MpP1p03,RB,1068,6
MpP1p03,RB,1072,4
MpP1p03,RB,1076,2
MpP1p03,RB,1080,4
MpP1p03,RB,1084,5
MpP1p03,RB,1088,9
MpP1p03,RB,1092,8
MpP1p03,RB,1096,7
MpP1p03,RB,1100,8
MpP1p03,RB,1104,7
MpP1p03,RB,1108,8
MpP1p03,RB,1112,9
MpP1p03,RB,1116,10
MpP1p03,RB,1120,11
MpP1p03,RB,1124,11
MpP1p03,RB,1128,9
MpP1p03,RB,1132,10
MpP1p03,RB,1136,6
MpP1p03,RB,1140,7
MpP1p03,RB,1144,10
MpP1p03,RB,1148,9
MpP1p03,RB,1152,8
MpP1p03,RB,1156,8
MpP1p03,RB,1160,5
MpP1p03,RB,1164,5
MpP1p03,RB,1168,9
MpP1p03,RB,1172,8
MpP1p03,RB,1176,8
MpP1p03,RB,1180,5
MpP1p03,RB,1184,5
MpP1p03,RB,1188,9
MpP1p03,RB,1192,8
MpP1p03,RB,1196,7
MpP1p03,RB,1200,11
MpP1p03,RB,1204,7
MpP1p03,RB,1208,9
MpP1p03,RB,1212,9
MpP1p03,RB,1216,12
MpP1p03,RB,1220,13
MpP1p03,RB,1224,12
MpP1p03,RB,1228,12
MpP1p03,RB,1232,13
MpP1p03,RB,1236,12
MpP1p03,RB,1240,9
MpP1p03,RB,1244,11
MpP1p03,RB,1248,12
MpP1p03,RB,1252,7
MpP1p03,RB,1256,10
MpP1p03,RB,1260,10
MpP1p03,RB,1264,12
MpP1p03,RB,1268,8
MpP1p03,RB,1272,2
MpP1p03,RB,1276,6
MpP1p03,RB,1280,7
MpP1p03,RB,1284,6
MpP1p03,RB,1288,7
MpP1p03,RB,1292,6
MpP1p03,RB,1296,5
MpP1p03,RB,1300,8
MpP1p03,RB,1304,6
MpP1p03,RB,1308,3
MpP1p03,RB,1312,1
MpP1p03,RB,1316,0
MpP1p03,RB,1320,0
MpP1p03,RB,1324,0
MpP1p03,RB,1328,0
MpP1p03,RB,1332,0
MpP1p03,RB,1336,0
MpP1p03,RB,1340,0
MpP1p03,RB,1344,0
MpP1p03,RB,1348,0
MpP1p03,RB,1352,0
MpP1p03,RB,1356,0
MpP1p03,RB,1360,0
MpP1p03,RB,1364,0
MpP1p03,RB,1368,0
MpP1p03,RB,1372,0
MpP1p03,RB,1376,0
MpP1p03,RB,1380,0
MpP1p03,RB,1384,0
MpP1p03,RB,1388,0
MpP1p03,RB,1392,0
MpP1p03,RB,1396,0
MpP1p03,RB,1400,0
MpP1p03,RB,1404,0
MpP1p03,RB,1408,0
MpP1p03,RB,1412,0
MpP1p03,RB,1416,0
MpP1p03,RB,1420,0
MpP1p03,RB,1424,0
MpP1p03,RB,1428,0
MpP1p03,RB,1432,0
MpP1p03,RB,1436,0
MpP1p03,RB,1440,0
MpP1p03,RB,1444,0
MpP1p03,RB,1448,0
MpP1p03,RB,1452,0
MpP1p03,RB,1456,0
MpP1p03,RB,1460,0
MpP1p03,RB,1464,0
MpP1p03,RB,1468,0
MpP1p03,RB,1472,0
MpP1p03,RB,1476,0
MpP1p03,RB,1480,0
MpP1p04,RB,0,0
MpP1p04,RB,4,0
MpP1p04,RB,8,0
MpP1p04,RB,12,0
MpP1p04,RB,16,1
MpP1p04,RB,20,1
MpP1p04,RB,24,1
MpP1p04,RB,28,0
MpP1p04,RB,32,0
MpP1p04,RB,36,1
MpP1p04,RB,40,1
MpP1p04,RB,44,1
MpP1p04,RB,48,1
MpP1p04,RB,52,1
MpP1p04,RB,56,1
MpP1p04,RB,60,0
MpP1p04,RB,64,0
MpP1p04,RB,68,0
MpP1p04,RB,72,2
MpP1p04,RB,76,3
MpP1p04,RB,80,2
MpP1p04,RB,84,0
MpP1p04,RB,88,1
MpP1p04,RB,92,1
MpP1p04,RB,96,1
MpP1p04,RB,100,0
MpP1p04,RB,104,1
MpP1p04,RB,108,3
MpP1p04,RB,112,3
MpP1p04,RB,116,1
MpP1p04,RB,120,1
MpP1p04,RB,124,0
MpP1p04,RB,128,0
MpP1p04,RB,132,0
MpP1p04,RB,136,1
MpP1p04,RB,140,1
MpP1p04,RB,144,1
MpP1p04,RB,148,2
MpP1p04,RB,152,1
MpP1p04,RB,156,1
MpP1p04,RB,160,3
MpP1p04,RB,164,2
MpP1p04,RB,168,3
MpP1p04,RB,172,2
MpP1p04,RB,176,3
MpP1p04,RB,180,3
MpP1p04,RB,184,1
MpP1p04,RB,188,1
MpP1p04,RB,192,3
MpP1p04,RB,196,0
MpP1p04,RB,200,1
MpP1p04,RB,204,3
MpP1p04,RB,208,0
MpP1p04,RB,212,2
MpP1p04,RB,216,2
MpP1p04,RB,220,1
MpP1p04,RB,224,3
MpP1p04,RB,228,2
MpP1p04,RB,232,1
MpP1p04,RB,236,2
MpP1p04,RB,240,1
MpP1p04,RB,244,2
MpP1p04,RB,248,2
MpP1p04,RB,252,2
MpP1p04,RB,256,3
MpP1p04,RB,260,1
MpP1p04,RB,264,1
MpP1p04,RB,268,2
MpP1p04,RB,272,2
MpP1p04,RB,276,3
MpP1p04,RB,280,1
MpP1p04,RB,284,2
MpP1p04,RB,288,3
MpP1p04,RB,292,2
MpP1p04,RB,296,2
MpP1p04,RB,300,3
MpP1p04,RB,304,3
MpP1p04,RB,308,1
MpP1p04,RB,312,4
MpP1p04,RB,316,4
MpP1p04,RB,320,2
MpP1p04,RB,324,1
MpP1p04,RB,328,2
MpP1p04,RB,332,5
MpP1p04,RB,336,4
MpP1p04,RB,340,4
MpP1p04,RB,344,4
MpP1p04,RB,348,5
MpP1p04,RB,352,4
MpP1p04,RB,356,3
MpP1p04,RB,360,1
MpP1p04,RB,364,3
MpP1p04,RB,368,2
MpP1p04,RB,372,2
MpP1p04,RB,376,4
MpP1p04,RB,380,1
MpP1p04,RB,384,4
MpP1p04,RB,388,4
MpP1p04,RB,392,3
MpP1p04,RB,396,3
MpP1p04,RB,400,2
MpP1p04,RB,404,1
MpP1p04,RB,408,1
MpP1p04,RB,412,1
MpP1p04,RB,416,1
MpP1p04,RB,420,1
MpP1p04,RB,424,2
MpP1p04,RB,428,3
MpP1p04,RB,432,2
MpP1p04,RB,436,1
MpP1p04,RB,440,2
MpP1p04,RB,444,2
MpP1p04,RB,448,1
MpP1p04,RB,452,1
MpP1p04,RB,456,2
MpP1p04,RB,460,2
MpP1p04,RB,464,5
MpP1p04,RB,468,3
MpP1p04,RB,472,3
MpP1p04,RB,476,1
MpP1p04,RB,480,3
MpP1p04,RB,484,3
MpP1p04,RB,488,4
MpP1p04,RB,492,1
MpP1p04,RB,496,2
MpP1p04,RB,500,1
MpP1p04,RB,504,2
MpP1p04,RB,508,4
MpP1p04,RB,512,4
MpP1p04,RB,516,2
MpP1p04,RB,520,3
MpP1p04,RB,524,4
MpP1p04,RB,528,3
MpP1p04,RB,532,4
MpP1p04,RB,536,5
MpP1p04,RB,540,2
MpP1p04,RB,544,3
MpP1p04,RB,548,3
MpP1p04,RB,552,1
MpP1p04,RB,556,2
MpP1p04,RB,560,3
MpP1p04,RB,564,2
MpP1p04,RB,568,4
MpP1p04,RB,572,3
MpP1p04,RB,576,5
MpP1p04,RB,580,3
MpP1p04,RB,584,3
MpP1p04,RB,588,5
MpP1p04,RB,592,6
MpP1p04,RB,596,4
MpP1p04,RB,600,3
MpP1p04,RB,604,3
MpP1p04,RB,608,2
MpP1p04,RB,612,2
MpP1p04,RB,616,3
MpP1p04,RB,620,0
MpP1p04,RB,624,1
MpP1p04,RB,628,3
MpP1p04,RB,632,4
MpP1p04,RB,636,3
MpP1p04,RB,640,2
MpP1p04,RB,644,2
MpP1p04,RB,648,1
MpP1p04,RB,652,1
MpP1p04,RB,656,1
MpP1p04,RB,660,1
MpP1p04,RB,664,0
MpP1p04,RB,668,0
MpP1p04,RB,672,0
MpP1p04,RB,676,2
MpP1p04,RB,680,2
MpP1p04,RB,684,2
MpP1p04,RB,688,2
MpP1p04,RB,692,2
MpP1p04,RB,696,2
MpP1p04,RB,700,1
MpP1p04,RB,704,3
MpP1p04,RB,708,3
MpP1p04,RB,712,2
MpP1p04,RB,716,2
MpP1p04,RB,720,1
MpP1p04,RB,724,1
MpP1p04,RB,728,1
MpP1p04,RB,732,2
MpP1p04,RB,736,1
MpP1p04,RB,740,4
MpP1p04,RB,744,2
MpP1p04,RB,748,3
MpP1p04,RB,752,2
MpP1p04,RB,756,2
MpP1p04,RB,760,3
MpP1p04,RB,764,3
MpP1p04,RB,768,1
MpP1p04,RB,772,0
MpP1p04,RB,776,1
MpP1p04,RB,780,1
MpP1p04,RB,784,2
MpP1p04,RB,788,1
MpP1p04,RB,792,2
MpP1p04,RB,796,1
MpP1p04,RB,800,1
MpP1p04,RB,804,0
MpP1p04,RB,808,3
MpP1p04,RB,812,3
MpP1p04,RB,816,2
MpP1p04,RB,820,3
MpP1p04,RB,824,2
MpP1p04,RB,828,3
MpP1p04,RB,832,2
MpP1p04,RB,836,3
MpP1p04,RB,840,1
MpP1p04,RB,844,3
MpP1p04,RB,848,1
MpP1p04,RB,852,1
MpP1p04,RB,856,2
MpP1p04,RB,860,3
MpP1p04,RB,864,3
MpP1p04,RB,868,3
MpP1p04,RB,872,3
MpP1p04,RB,876,3
MpP1p04,RB,880,3
MpP1p04,RB,884,5
MpP1p04,RB,888,3
MpP1p04,RB,892,3
MpP1p04,RB,896,4
MpP1p04,RB,900,3
MpP1p04,RB,904,3
MpP1p04,RB,908,4
MpP1p04,RB,912,4
MpP1p04,RB,916,5
MpP1p04,RB,920,7
MpP1p04,RB,924,6
MpP1p04,RB,928,3
MpP1p04,RB,932,4
MpP1p04,RB,936,1
MpP1p04,RB,940,3
MpP1p04,RB,944,4
MpP1p04,RB,948,5
MpP1p04,RB,952,6
MpP1p04,RB,956,6
MpP1p04,RB,960,6
MpP1p04,RB,964,4
MpP1p04,RB,968,2
MpP1p04,RB,972,3
MpP1p04,RB,976,1
MpP1p04,RB,980,1
MpP1p04,RB,984,3
MpP1p04,RB,988,3
MpP1p04,RB,992,3
MpP1p04,RB,996,2
MpP1p04,RB,1000,4
MpP1p04,RB,1004,3
MpP1p04,RB,1008,4
MpP1p04,RB,1012,4
MpP1p04,RB,1016,4
MpP1p04,RB,1020,4
MpP1p04,RB,1024,2
MpP1p04,RB,1028,2
MpP1p04,RB,1032,2
MpP1p04,RB,1036,5
MpP1p04,RB,1040,5
MpP1p04,RB,1044,7
MpP1p04,RB,1048,4
MpP1p04,RB,1052,5
MpP1p04,RB,1056,2
MpP1p04,RB,1060,3
MpP1p04,RB,1064,4
MpP1p04,RB,1068,3
MpP1p04,RB,1072,2
MpP1p04,RB,1076,4
MpP1p04,RB,1080,3
MpP1p04,RB,1084,2
MpP1p04,RB,1088,3
MpP1p04,RB,1092,2
MpP1p04,RB,1096,5
MpP1p04,RB,1100,5
MpP1p04,RB,1104,6
MpP1p04,RB,1108,4
MpP1p04,RB,1112,4
MpP1p04,RB,1116,5
MpP1p04,RB,1120,3
MpP1p04,RB,1124,3
MpP1p04,RB,1128,1
MpP1p04,RB,1132,3
MpP1p04,RB,1136,4
MpP1p04,RB,1140,2
MpP1p04,RB,1144,4
MpP1p04,RB,1148,3
MpP1p04,RB,1152,3
MpP1p04,RB,1156,2
MpP1p04,RB,1160,2
MpP1p04,RB,1164,0
MpP1p04,RB,1168,2
MpP1p04,RB,1172,3
MpP1p04,RB,1176,5
MpP1p04,RB,1180,6
MpP1p04,RB,1184,6
MpP1p04,RB,1188,5
MpP1p04,RB,1192,4
MpP1p04,RB,1196,6
MpP1p04,RB,1200,5
MpP1p04,RB,1204,3
MpP1p04,RB,1208,3
MpP1p04,RB,1212,6
MpP1p04,RB,1216,5
MpP1p04,RB,1220,7
MpP1p04,RB,1224,8
MpP1p04,RB,1228,8
MpP1p04,RB,1232,11
MpP1p04,RB,1236,12
MpP1p04,RB,1240,7
MpP1p04,RB,1244,10
MpP1p04,RB,1248,8
MpP1p04,RB,1252,6
MpP1p04,RB,1256,6
MpP1p04,RB,1260,7
MpP1p04,RB,1264,8
MpP1p04,RB,1268,5
MpP1p04,RB,1272,9
MpP1p04,RB,1276,3
MpP1p04,RB,1280,5
MpP1p04,RB,1284,4
MpP1p04,RB,1288,5
MpP1p04,RB,1292,4
MpP1p04,RB,1296,1
MpP1p04,RB,1300,2
MpP1p04,RB,1304,4
MpP1p04,RB,1308,0
MpP1p04,RB,1312,0
MpP1p04,RB,1316,0
MpP1p04,RB,1320,0
MpP1p04,RB,1324,0
MpP1p04,RB,1328,0
MpP1p04,RB,1332,0
MpP1p04,RB,1336,0
MpP1p04,RB,1340,0
MpP1p04,RB,1344,0
MpP1p04,RB,1348,0
MpP1p04,RB,1352,0
MpP1p04,RB,1356,0
MpP1p04,RB,1360,0
MpP1p04,RB,1364,0
MpP1p04,RB,1368,0
MpP1p04,RB,1372,0
MpP1p04,RB,1376,0
MpP1p04,RB,1380,0
MpP1p04,RB,1384,0
MpP1p04,RB,1388,0
MpP1p04,RB,1392,0
MpP1p04,RB,1396,0
MpP1p04,RB,1400,0
MpP1p04,RB,1404,0
MpP1p04,RB,1408,0
MpP1p04,RB,1412,0
MpP1p04,RB,1416,0
MpP1p04,RB,1420,0
MpP1p04,RB,1424,0
MpP1p04,RB,1428,0
MpP1p04,RB,1432,0
MpP1p04,RB,1436,0
MpP1p04,RB,1440,0
MpP1p04,RB,1444,0
MpP1p04,RB,1448,0
MpP1p04,RB,1452,0
MpP1p04,RB,1456,0
MpP1p04,RB,1460,0
MpP1p04,RB,1464,0
MpP1p04,RB,1468,0
MpP1p04,RB,1472,0
MpP1p04,RB,1476,0
MpP1p04,RB,1480,0
MpP1p05,RB,0,0
MpP1p05,RB,4,0
MpP1p05,RB,8,0
MpP1p05,RB,12,0
MpP1p05,RB,16,0
MpP1p05,RB,20,0
MpP1p05,RB,24,0
MpP1p05,RB,28,0
MpP1p05,RB,32,0
MpP1p05,RB,36,0
MpP1p05,RB,40,1
MpP1p05,RB,44,1
MpP1p05,RB,48,0
MpP1p05,RB,52,1
MpP1p05,RB,56,1
MpP1p05,RB,60,1
MpP1p05,RB,64,1
MpP1p05,RB,68,1
MpP1p05,RB,72,0
MpP1p05,RB,76,0
MpP1p05,RB,80,0
MpP1p05,RB,84,0
MpP1p05,RB,88,0
MpP1p05,RB,92,0
MpP1p05,RB,96,0
MpP1p05,RB,100,1
MpP1p05,RB,104,1
MpP1p05,RB,108,0
MpP1p05,RB,112,0
MpP1p05,RB,116,0
MpP1p05,RB,120,0
MpP1p05,RB,124,1
MpP1p05,RB,128,1
MpP1p05,RB,132,2
MpP1p05,RB,136,1
MpP1p05,RB,140,2
MpP1p05,RB,144,0
MpP1p05,RB,148,2
MpP1p05,RB,152,1
MpP1p05,RB,156,2
MpP1p05,RB,160,1
MpP1p05,RB,164,1
MpP1p05,RB,168,0
MpP1p05,RB,172,0
MpP1p05,RB,176,1
MpP1p05,RB,180,2
MpP1p05,RB,184,1
MpP1p05,RB,188,1
MpP1p05,RB,192,1
MpP1p05,RB,196,1
MpP1p05,RB,200,3
MpP1p05,RB,204,3
MpP1p05,RB,208,2
MpP1p05,RB,212,4
MpP1p05,RB,216,3
MpP1p05,RB,220,3
MpP1p05,RB,224,2
MpP1p05,RB,228,1
MpP1p05,RB,232,2
MpP1p05,RB,236,3
MpP1p05,RB,240,2
MpP1p05,RB,244,1
MpP1p05,RB,248,2
MpP1p05,RB,252,2
MpP1p05,RB,256,2
MpP1p05,RB,260,2
MpP1p05,RB,264,3
MpP1p05,RB,268,3
MpP1p05,RB,272,2
MpP1p05,RB,276,1
MpP1p05,RB,280,2
MpP1p05,RB,284,1
MpP1p05,RB,288,2
MpP1p05,RB,292,4
MpP1p05,RB,296,3
MpP1p05,RB,300,6
MpP1p05,RB,304,3
MpP1p05,RB,308,2
MpP1p05,RB,312,1
MpP1p05,RB,316,2
MpP1p05,RB,320,3
MpP1p05,RB,324,3
MpP1p05,RB,328,2
MpP1p05,RB,332,2
MpP1p05,RB,336,3
MpP1p05,RB,340,5
MpP1p05,RB,344,2
MpP1p05,RB,348,3
MpP1p05,RB,352,1
MpP1p05,RB,356,1
MpP1p05,RB,360,1
MpP1p05,RB,364,3
MpP1p05,RB,368,3
MpP1p05,RB,372,4
MpP1p05,RB,376,3
MpP1p05,RB,380,4
MpP1p05,RB,384,4
MpP1p05,RB,388,3
MpP1p05,RB,392,4
MpP1p05,RB,396,3
MpP1p05,RB,400,3
MpP1p05,RB,404,6
MpP1p05,RB,408,3
MpP1p05,RB,412,4
MpP1p05,RB,416,2
MpP1p05,RB,420,2
MpP1p05,RB,424,2
MpP1p05,RB,428,1
MpP1p05,RB,432,1
MpP1p05,RB,436,3
MpP1p05,RB,440,3
MpP1p05,RB,444,3
MpP1p05,RB,448,3
MpP1p05,RB,452,1
MpP1p05,RB,456,3
MpP1p05,RB,460,3
MpP1p05,RB,464,5
MpP1p05,RB,468,6
MpP1p05,RB,472,4
MpP1p05,RB,476,3
MpP1p05,RB,480,1
MpP1p05,RB,484,2
MpP1p05,RB,488,1
MpP1p05,RB,492,3
MpP1p05,RB,496,2
MpP1p05,RB,500,2
MpP1p05,RB,504,4
MpP1p05,RB,508,2
MpP1p05,RB,512,3
MpP1p05,RB,516,2
MpP1p05,RB,520,2
MpP1p05,RB,524,3
MpP1p05,RB,528,3
MpP1p05,RB,532,4
MpP1p05,RB,536,3
MpP1p05,RB,540,3
MpP1p05,RB,544,3
MpP1p05,RB,548,4
MpP1p05,RB,552,5
MpP1p05,RB,556,4
MpP1p05,RB,560,5
MpP1p05,RB,564,5
MpP1p05,RB,568,6
MpP1p05,RB,572,8
MpP1p05,RB,576,5
MpP1p05,RB,580,6
MpP1p05,RB,584,4
MpP1p05,RB,588,4
MpP1p05,RB,592,3
MpP1p05,RB,596,5
MpP1p05,RB,600,6
MpP1p05,RB,604,6
MpP1p05,RB,608,6
MpP1p05,RB,612,6
MpP1p05,RB,616,6
MpP1p05,RB,620,4
MpP1p05,RB,624,2
MpP1p05,RB,628,4
MpP1p05,RB,632,5
MpP1p05,RB,636,3
MpP1p05,RB,640,2
MpP1p05,RB,644,4
MpP1p05,RB,648,4
MpP1p05,RB,652,6
MpP1p05,RB,656,4
MpP1p05,RB,660,4
MpP1p05,RB,664,6
MpP1p05,RB,668,5
MpP1p05,RB,672,3
MpP1p05,RB,676,0
MpP1p05,RB,680,1
MpP1p05,RB,684,2
MpP1p05,RB,688,3
MpP1p05,RB,692,2
MpP1p05,RB,696,2
MpP1p05,RB,700,5
MpP1p05,RB,704,3
MpP1p05,RB,708,4
MpP1p05,RB,712,5
MpP1p05,RB,716,4
MpP1p05,RB,720,3
MpP1p05,RB,724,5
MpP1p05,RB,728,3
MpP1p05,RB,732,5
MpP1p05,RB,736,2
MpP1p05,RB,740,3
MpP1p05,RB,744,4
MpP1p05,RB,748,3
MpP1p05,RB,752,4
MpP1p05,RB,756,6
MpP1p05,RB,760,1
MpP1p05,RB,764,4
MpP1p05,RB,768,4
MpP1p05,RB,772,5
MpP1p05,RB,776,4
MpP1p05,RB,780,4
MpP1p05,RB,784,5
MpP1p05,RB,788,4
MpP1p05,RB,792,4
MpP1p05,RB,796,2
MpP1p05,RB,800,2
MpP1p05,RB,804,4
MpP1p05,RB,808,5
MpP1p05,RB,812,3
MpP1p05,RB,816,5
MpP1p05,RB,820,3
MpP1p05,RB,824,3
MpP1p05,RB,828,5
MpP1p05,RB,832,4
MpP1p05,RB,836,7
MpP1p05,RB,840,3
MpP1p05,RB,844,4
MpP1p05,RB,848,4
MpP1p05,RB,852,6
MpP1p05,RB,856,5
MpP1p05,RB,860,4
MpP1p05,RB,864,4
MpP1p05,RB,868,3
MpP1p05,RB,872,5
MpP1p05,RB,876,5
MpP1p05,RB,880,4
MpP1p05,RB,884,4
MpP1p05,RB,888,4
MpP1p05,RB,892,1
MpP1p05,RB,896,3
MpP1p05,RB,900,3
MpP1p05,RB,904,4
MpP1p05,RB,908,3
MpP1p05,RB,912,2
MpP1p05,RB,916,3
MpP1p05,RB,920,4
MpP1p05,RB,924,5
MpP1p05,RB,928,2
MpP1p05,RB,932,4
MpP1p05,RB,936,6
MpP1p05,RB,940,3
MpP1p05,RB,944,6
MpP1p05,RB,948,7
MpP1p05,RB,952,7
MpP1p05,RB,956,5
MpP1p05,RB,960,3
MpP1p05,RB,964,3
MpP1p05,RB,968,2
MpP1p05,RB,972,4
MpP1p05,RB,976,6
MpP1p05,RB,980,6
MpP1p05,RB,984,6
MpP1p05,RB,988,6
MpP1p05,RB,992,8
MpP1p05,RB,996,5
MpP1p05,RB,1000,7
MpP1p05,RB,1004,8
MpP1p05,RB,1008,3
MpP1p05,RB,1012,4
MpP1p05,RB,1016,6
MpP1p05,RB,1020,3
MpP1p05,RB,1024,5
MpP1p05,RB,1028,9
MpP1p05,RB,1032,7
MpP1p05,RB,1036,4
MpP1p05,RB,1040,7
MpP1p05,RB,1044,6
MpP1p05,RB,1048,7
MpP1p05,RB,1052,9
MpP1p05,RB,1056,6
MpP1p05,RB,1060,9
MpP1p05,RB,1064,6
MpP1p05,RB,1068,8
MpP1p05,RB,1072,9
MpP1p05,RB,1076,5
MpP1p05,RB,1080,7
MpP1p05,RB,1084,6
MpP1p05,RB,1088,7
MpP1p05,RB,1092,8
MpP1p05,RB,1096,9
MpP1p05,RB,1100,9
MpP1p05,RB,1104,7
MpP1p05,RB,1108,10
MpP1p05,RB,1112,6
MpP1p05,RB,1116,12
MpP1p05,RB,1120,7
MpP1p05,RB,1124,10
MpP1p05,RB,1128,7
MpP1p05,RB,1132,10
MpP1p05,RB,1136,8
MpP1p05,RB,1140,12
MpP1p05,RB,1144,11
MpP1p05,RB,1148,15
MpP1p05,RB,1152,6
MpP1p05,RB,1156,7
MpP1p05,RB,1160,12
MpP1p05,RB,1164,11
MpP1p05,RB,1168,9
MpP1p05,RB,1172,13
MpP1p05,RB,1176,17
MpP1p05,RB,1180,15
MpP1p05,RB,1184,13
MpP1p05,RB,1188,11
MpP1p05,RB,1192,14
MpP1p05,RB,1196,15
MpP1p05,RB,1200,16
MpP1p05,RB,1204,16
MpP1p05,RB,1208,13
MpP1p05,RB,1212,16
MpP1p05,RB,1216,18
MpP1p05,RB,1220,16
MpP1p05,RB,1224,13
MpP1p05,RB,1228,7
MpP1p05,RB,1232,15
MpP1p05,RB,1236,16
MpP1p05,RB,1240,17
MpP1p05,RB,1244,14
MpP1p05,RB,1248,17
MpP1p05,RB,1252,15
MpP1p05,RB,1256,7
MpP1p05,RB,1260,14
MpP1p05,RB,1264,14
MpP1p05,RB,1268,10
MpP1p05,RB,1272,12
MpP1p05,RB,1276,7
MpP1p05,RB,1280,8
MpP1p05,RB,1284,8
MpP1p05,RB,1288,8
MpP1p05,RB,1292,4
MpP1p05,RB,1296,5
MpP1p05,RB,1300,6
MpP1p05,RB,1304,7
MpP1p05,RB,1308,2
MpP1p05,RB,1312,0
MpP1p05,RB,1316,0
MpP1p05,RB,1320,0
MpP1p05,RB,1324,0
MpP1p05,RB,1328,0
MpP1p05,RB,1332,0
MpP1p05,RB,1336,0
MpP1p05,RB,1340,0
MpP1p05,RB,1344,0
MpP1p05,RB,1348,0
MpP1p05,RB,1352,0
MpP1p05,RB,1356,0
MpP1p05,RB,1360,0
MpP1p05,RB,1364,0
MpP1p05,RB,1368,0
MpP1p05,RB,1372,0
MpP1p05,RB,1376,0
MpP1p05,RB,1380,0
MpP1p05,RB,1384,0
MpP1p05,RB,1388,0
MpP1p05,RB,1392,0
MpP1p05,RB,1396,0
MpP1p05,RB,1400,0
MpP1p05,RB,1404,0
MpP1p05,RB,1408,0
MpP1p05,RB,1412,0
MpP1p05,RB,1416,0
MpP1p05,RB,1420,0
MpP1p05,RB,1424,0
MpP1p05,RB,1428,0
MpP1p05,RB,1432,0
MpP1p05,RB,1436,0
MpP1p05,RB,1440,0
MpP1p05,RB,1444,0
MpP1p05,RB,1448,0
MpP1p05,RB,1452,0
MpP1p05,RB,1456,0
MpP1p05,RB,1460,0
MpP1p05,RB,1464,0
MpP1p05,RB,1468,0
MpP1p05,RB,1472,0
MpP1p05,RB,1476,0
MpP1p05,RB,1480,0
MpP1p06,RB,0,0
MpP1p06,RB,4,0
MpP1p06,RB,8,0
MpP1p06,RB,12,0
MpP1p06,RB,16,0
MpP1p06,RB,20,0
MpP1p06,RB,24,0
MpP1p06,RB,28,0
MpP1p06,RB,32,0
MpP1p06,RB,36,0
MpP1p06,RB,40,0
MpP1p06,RB,44,0
MpP1p06,RB,48,0
MpP1p06,RB,52,0
MpP1p06,RB,56,0
MpP1p06,RB,60,0
MpP1p06,RB,64,0
MpP1p06,RB,68,0
MpP1p06,RB,72,0
MpP1p06,RB,76,0
MpP1p06,RB,80,0
MpP1p06,RB,84,0
MpP1p06,RB,88,0
MpP1p06,RB,92,0
MpP1p06,RB,96,0
MpP1p06,RB,100,0
MpP1p06,RB,104,0
MpP1p06,RB,108,0
MpP1p06,RB,112,0
MpP1p06,RB,116,0
MpP1p06,RB,120,0
MpP1p06,RB,124,0
MpP1p06,RB,128,0
MpP1p06,RB,132,0
MpP1p06,RB,136,0
MpP1p06,RB,140,0
MpP1p06,RB,144,0
MpP1p06,RB,148,0
MpP1p06,RB,152,1
MpP1p06,RB,156,1
MpP1p06,RB,160,1
MpP1p06,RB,164,1
MpP1p06,RB,168,1
MpP1p06,RB,172,0
MpP1p06,RB,176,1
MpP1p06,RB,180,1
MpP1p06,RB,184,1
MpP1p06,RB,188,1
MpP1p06,RB,192,0
MpP1p06,RB,196,1
MpP1p06,RB,200,0
MpP1p06,RB,204,0
MpP1p06,RB,208,2
MpP1p06,RB,212,2
MpP1p06,RB,216,1
MpP1p06,RB,220,1
MpP1p06,RB,224,1
MpP1p06,RB,228,1
MpP1p06,RB,232,1
MpP1p06,RB,236,1
MpP1p06,RB,240,2
MpP1p06,RB,244,1
MpP1p06,RB,248,1
MpP1p06,RB,252,1
MpP1p06,RB,256,0
MpP1p06,RB,260,1
MpP1p06,RB,264,1
MpP1p06,RB,268,1
MpP1p06,RB,272,1
MpP1p06,RB,276,1
MpP1p06,RB,280,1
MpP1p06,RB,284,1
MpP1p06,RB,288,2
MpP1p06,RB,292,1
MpP1p06,RB,296,0
MpP1p06,RB,300,1
MpP1p06,RB,304,1
MpP1p06,RB,308,2
MpP1p06,RB,312,1
MpP1p06,RB,316,0
MpP1p06,RB,320,1
MpP1p06,RB,324,1
MpP1p06,RB,328,1
MpP1p06,RB,332,2
MpP1p06,RB,336,1
MpP1p06,RB,340,1
MpP1p06,RB,344,2
MpP1p06,RB,348,2
MpP1p06,RB,352,1
MpP1p06,RB,356,2
MpP1p06,RB,360,2
MpP1p06,RB,364,1
MpP1p06,RB,368,2
MpP1p06,RB,372,2
MpP1p06,RB,376,1
MpP1p06,RB,380,0
MpP1p06,RB,384,2
MpP1p06,RB,388,3
MpP1p06,RB,392,3
MpP1p06,RB,396,3
MpP1p06,RB,400,3
MpP1p06,RB,404,1
MpP1p06,RB,408,1
MpP1p06,RB,412,2
MpP1p06,RB,416,2
MpP1p06,RB,420,2
MpP1p06,RB,424,2
MpP1p06,RB,428,2
MpP1p06,RB,432,1
MpP1p06,RB,436,4
MpP1p06,RB,440,0
MpP1p06,RB,444,2
MpP1p06,RB,448,1
MpP1p06,RB,452,1
MpP1p06,RB,456,2
MpP1p06,RB,460,2
MpP1p06,RB,464,2
MpP1p06,RB,468,2
MpP1p06,RB,472,2
MpP1p06,RB,476,3
MpP1p06,RB,480,3
MpP1p06,RB,484,2
MpP1p06,RB,488,2
MpP1p06,RB,492,3
MpP1p06,RB,496,3
MpP1p06,RB,500,1
MpP1p06,RB,504,3
MpP1p06,RB,508,2
MpP1p06,RB,512,3
MpP1p06,RB,516,1
MpP1p06,RB,520,0
MpP1p06,RB,524,5
MpP1p06,RB,528,4
MpP1p06,RB,532,2
MpP1p06,RB,536,2
MpP1p06,RB,540,3
MpP1p06,RB,544,1
MpP1p06,RB,548,3
MpP1p06,RB,552,3
MpP1p06,RB,556,4
MpP1p06,RB,560,3
MpP1p06,RB,564,2
MpP1p06,RB,568,2
MpP1p06,RB,572,1
MpP1p06,RB,576,2
MpP1p06,RB,580,4
MpP1p06,RB,584,2
MpP1p06,RB,588,2
MpP1p06,RB,592,4
MpP1p06,RB,596,4
MpP1p06,RB,600,3
MpP1p06,RB,604,3
MpP1p06,RB,608,3
MpP1p06,RB,612,3
MpP1p06,RB,616,2
MpP1p06,RB,620,1
MpP1p06,RB,624,0
MpP1p06,RB,628,0
MpP1p06,RB,632,0
MpP1p06,RB,636,2
MpP1p06,RB,640,2
MpP1p06,RB,644,3
MpP1p06,RB,648,3
MpP1p06,RB,652,3
MpP1p06,RB,656,2
MpP1p06,RB,660,1
MpP1p06,RB,664,1
MpP1p06,RB,668,2
MpP1p06,RB,672,1
MpP1p06,RB,676,2
MpP1p06,RB,680,2
MpP1p06,RB,684,2
MpP1p06,RB,688,0
MpP1p06,RB,692,1
MpP1p06,RB,696,2
MpP1p06,RB,700,2
MpP1p06,RB,704,2
MpP1p06,RB,708,3
MpP1p06,RB,712,4
MpP1p06,RB,716,4
MpP1p06,RB,720,2
MpP1p06,RB,724,2
MpP1p06,RB,728,3
MpP1p06,RB,732,3
MpP1p06,RB,736,2
MpP1p06,RB,740,3
MpP1p06,RB,744,4
MpP1p06,RB,748,2
MpP1p06,RB,752,5
MpP1p06,RB,756,3
MpP1p06,RB,760,3
MpP1p06,RB,764,3
MpP1p06,RB,768,4
MpP1p06,RB,772,3
MpP1p06,RB,776,2
MpP1p06,RB,780,3
MpP1p06,RB,784,1
MpP1p06,RB,788,3
MpP1p06,RB,792,4
MpP1p06,RB,796,2
MpP1p06,RB,800,4
MpP1p06,RB,804,3
MpP1p06,RB,808,3
MpP1p06,RB,812,2
MpP1p06,RB,816,0
MpP1p06,RB,820,3
MpP1p06,RB,824,4
MpP1p06,RB,828,4
MpP1p06,RB,832,3
MpP1p06,RB,836,5
MpP1p06,RB,840,4
MpP1p06,RB,844,4
MpP1p06,RB,848,4
MpP1p06,RB,852,3
MpP1p06,RB,856,4
MpP1p06,RB,860,5
MpP1p06,RB,864,3
MpP1p06,RB,868,2
MpP1p06,RB,872,2
MpP1p06,RB,876,3
MpP1p06,RB,880,2
MpP1p06,RB,884,3
MpP1p06,RB,888,2
MpP1p06,RB,892,2
MpP1p06,RB,896,1
MpP1p06,RB,900,0
MpP1p06,RB,904,0
MpP1p06,RB,908,3
MpP1p06,RB,912,5
MpP1p06,RB,916,4
MpP1p06,RB,920,1
MpP1p06,RB,924,3
MpP1p06,RB,928,3
MpP1p06,RB,932,3
MpP1p06,RB,936,3
MpP1p06,RB,940,6
MpP1p06,RB,944,3
MpP1p06,RB,948,5
MpP1p06,RB,952,7
MpP1p06,RB,956,5
MpP1p06,RB,960,6
MpP1p06,RB,964,8
MpP1p06,RB,968,5
MpP1p06,RB,972,7
MpP1p06,RB,976,5
MpP1p06,RB,980,7
MpP1p06,RB,984,7
MpP1p06,RB,988,7
MpP1p06,RB,992,5
MpP1p06,RB,996,6
MpP1p06,RB,1000,9
MpP1p06,RB,1004,8
MpP1p06,RB,1008,5
MpP1p06,RB,1012,3
MpP1p06,RB,1016,6
MpP1p06,RB,1020,5
MpP1p06,RB,1024,11
MpP1p06,RB,1028,11
MpP1p06,RB,1032,10
MpP1p06,RB,1036,9
MpP1p06,RB,1040,10
MpP1p06,RB,1044,10
MpP1p06,RB,1048,8
MpP1p06,RB,1052,7
MpP1p06,RB,1056,7
MpP1p06,RB,1060,9
MpP1p06,RB,1064,5
MpP1p06,RB,1068,9
MpP1p06,RB,1072,10
MpP1p06,RB,1076,14
MpP1p06,RB,1080,13
MpP1p06,RB,1084,13
MpP1p06,RB,1088,12
MpP1p06,RB,1092,10
MpP1p06,RB,1096,9
MpP1p06,RB,1100,9
MpP1p06,RB,1104,10
MpP1p06,RB,1108,12
MpP1p06,RB,1112,9
MpP1p06,RB,1116,13
MpP1p06,RB,1120,12
MpP1p06,RB,1124,9
MpP1p06,RB,1128,8
MpP1p06,RB,1132,12
MpP1p06,RB,1136,17
MpP1p06,RB,1140,14
MpP1p06,RB,1144,13
MpP1p06,RB,1148,10
MpP1p06,RB,1152,13
MpP1p06,RB,1156,11
MpP1p06,RB,1160,12
MpP1p06,RB,1164,12
MpP1p06,RB,1168,15
MpP1p06,RB,1172,18
MpP1p06,RB,1176,19
MpP1p06,RB,1180,13
MpP1p06,RB,1184,11
MpP1p06,RB,1188,11
MpP1p06,RB,1192,10
MpP1p06,RB,1196,15
MpP1p06,RB,1200,17
MpP1p06,RB,1204,13
MpP1p06,RB,1208,11
MpP1p06,RB,1212,14
MpP1p06,RB,1216,14
MpP1p06,RB,1220,15
MpP1p06,RB,1224,14
MpP1p06,RB,1228,13
MpP1p06,RB,1232,17
MpP1p06,RB,1236,17
MpP1p06,RB,1240,11
MpP1p06,RB,1244,14
MpP1p06,RB,1248,14
MpP1p06,RB,1252,18
MpP1p06,RB,1256,15
MpP1p06,RB,1260,11
MpP1p06,RB,1264,11
MpP1p06,RB,1268,15
MpP1p06,RB,1272,8
MpP1p06,RB,1276,6
MpP1p06,RB,1280,7
MpP1p06,RB,1284,5
MpP1p06,RB,1288,9
MpP1p06,RB,1292,4
MpP1p06,RB,1296,4
MpP1p06,RB,1300,5
MpP1p06,RB,1304,6
MpP1p06,RB,1308,2
MpP1p06,RB,1312,0
MpP1p06,RB,1316,0
MpP1p06,RB,1320,0
MpP1p06,RB,1324,0
MpP1p06,RB,1328,0
MpP1p06,RB,1332,0
MpP1p06,RB,1336,0
MpP1p06,RB,1340,0
MpP1p06,RB,1344,0
MpP1p06,RB,1348,0
MpP1p06,RB,1352,0
MpP1p06,RB,1356,0
MpP1p06,RB,1360,0
MpP1p06,RB,1364,0
MpP1p06,RB,1368,0
MpP1p06,RB,1372,0
MpP1p06,RB,1376,0
MpP1p06,RB,1380,0
MpP1p06,RB,1384,0
MpP1p06,RB,1388,0
MpP1p06,RB,1392,0
MpP1p06,RB,1396,0
MpP1p06,RB,1400,0
MpP1p06,RB,1404,0
MpP1p06,RB,1408,0
MpP1p06,RB,1412,0
MpP1p06,RB,1416,0
MpP1p06,RB,1420,0
MpP1p06,RB,1424,0
MpP1p06,RB,1428,0
MpP1p06,RB,1432,0
MpP1p06,RB,1436,0
MpP1p06,RB,1440,0
MpP1p06,RB,1444,0
MpP1p06,RB,1448,0
MpP1p06,RB,1452,0
MpP1p06,RB,1456,0
MpP1p06,RB,1460,0
MpP1p06,RB,1464,0
MpP1p06,RB,1468,0
MpP1p06,RB,1472,0
MpP1p06,RB,1476,0
MpP1p06,RB,1480,0
MpP1p07,RB,0,0
MpP1p07,RB,4,0
MpP1p07,RB,8,0
MpP1p07,RB,12,0
MpP1p07,RB,16,0
MpP1p07,RB,20,0
MpP1p07,RB,24,0
MpP1p07,RB,28,0
MpP1p07,RB,32,0
MpP1p07,RB,36,0
MpP1p07,RB,40,0
MpP1p07,RB,44,1
MpP1p07,RB,48,1
MpP1p07,RB,52,1
MpP1p07,RB,56,1
MpP1p07,RB,60,1
MpP1p07,RB,64,1
MpP1p07,RB,68,2
MpP1p07,RB,72,2
MpP1p07,RB,76,1
MpP1p07,RB,80,1
MpP1p07,RB,84,1
MpP1p07,RB,88,2
MpP1p07,RB,92,2
MpP1p07,RB,96,2
MpP1p07,RB,100,1
MpP1p07,RB,104,0
MpP1p07,RB,108,1
MpP1p07,RB,112,1
MpP1p07,RB,116,1
MpP1p07,RB,120,1
MpP1p07,RB,124,1
MpP1p07,RB,128,1
MpP1p07,RB,132,0
MpP1p07,RB,136,1
MpP1p07,RB,140,1
MpP1p07,RB,144,0
MpP1p07,RB,148,0
MpP1p07,RB,152,0
MpP1p07,RB,156,0
MpP1p07,RB,160,1
MpP1p07,RB,164,0
MpP1p07,RB,168,0
MpP1p07,RB,172,0
MpP1p07,RB,176,0
MpP1p07,RB,180,0
MpP1p07,RB,184,1
MpP1p07,RB,188,1
MpP1p07,RB,192,1
MpP1p07,RB,196,1
MpP1p07,RB,200,1
MpP1p07,RB,204,0
MpP1p07,RB,208,0
MpP1p07,RB,212,1
MpP1p07,RB,216,0
MpP1p07,RB,220,1
MpP1p07,RB,224,2
MpP1p07,RB,228,0
MpP1p07,RB,232,0
MpP1p07,RB,236,1
MpP1p07,RB,240,1
MpP1p07,RB,244,0
MpP1p07,RB,248,1
MpP1p07,RB,252,0
MpP1p07,RB,256,2
MpP1p07,RB,260,1
MpP1p07,RB,264,1
MpP1p07,RB,268,1
MpP1p07,RB,272,0
MpP1p07,RB,276,0
MpP1p07,RB,280,1
MpP1p07,RB,284,2
MpP1p07,RB,288,1
MpP1p07,RB,292,2
MpP1p07,RB,296,1
MpP1p07,RB,300,0
MpP1p07,RB,304,0
MpP1p07,RB,308,1
MpP1p07,RB,312,1
MpP1p07,RB,316,1
MpP1p07,RB,320,2
MpP1p07,RB,324,2
MpP1p07,RB,328,2
MpP1p07,RB,332,2
MpP1p07,RB,336,1
MpP1p07,RB,340,3
MpP1p07,RB,344,2
MpP1p07,RB,348,2
MpP1p07,RB,352,1
MpP1p07,RB,356,2
MpP1p07,RB,360,1
MpP1p07,RB,364,2
MpP1p07,RB,368,2
MpP1p07,RB,372,3
MpP1p07,RB,376,1
MpP1p07,RB,380,1
MpP1p07,RB,384,2
MpP1p07,RB,388,1
MpP1p07,RB,392,2
MpP1p07,RB,396,2
MpP1p07,RB,400,2
MpP1p07,RB,404,2
MpP1p07,RB,408,2
MpP1p07,RB,412,2
MpP1p07,RB,416,4
MpP1p07,RB,420,4
MpP1p07,RB,424,4
MpP1p07,RB,428,2
MpP1p07,RB,432,3
MpP1p07,RB,436,4
MpP1p07,RB,440,4
MpP1p07,RB,444,4
MpP1p07,RB,448,4
MpP1p07,RB,452,3
MpP1p07,RB,456,2
MpP1p07,RB,460,2
MpP1p07,RB,464,2
MpP1p07,RB,468,3
MpP1p07,RB,472,1
MpP1p07,RB,476,1
MpP1p07,RB,480,1
MpP1p07,RB,484,3
MpP1p07,RB,488,2
MpP1p07,RB,492,3
MpP1p07,RB,496,3
MpP1p07,RB,500,2
MpP1p07,RB,504,2
MpP1p07,RB,508,2
MpP1p07,RB,512,2
MpP1p07,RB,516,1
MpP1p07,RB,520,3
MpP1p07,RB,524,2
MpP1p07,RB,528,3
MpP1p07,RB,532,4
MpP1p07,RB,536,2
MpP1p07,RB,540,2
MpP1p07,RB,544,2
MpP1p07,RB,548,2
MpP1p07,RB,552,1
MpP1p07,RB,556,1
MpP1p07,RB,560,2
MpP1p07,RB,564,2
MpP1p07,RB,568,2
MpP1p07,RB,572,2
MpP1p07,RB,576,3
MpP1p07,RB,580,2
MpP1p07,RB,584,2
MpP1p07,RB,588,2
MpP1p07,RB,592,4
MpP1p07,RB,596,1
MpP1p07,RB,600,2
MpP1p07,RB,604,3
MpP1p07,RB,608,4
MpP1p07,RB,612,2
MpP1p07,RB,616,4
MpP1p07,RB,620,2
MpP1p07,RB,624,3
MpP1p07,RB,628,2
MpP1p07,RB,632,3
MpP1p07,RB,636,5
MpP1p07,RB,640,3
MpP1p07,RB,644,2
MpP1p07,RB,648,3
MpP1p07,RB,652,3
MpP1p07,RB,656,5
MpP1p07,RB,660,4
MpP1p07,RB,664,2
MpP1p07,RB,668,3
MpP1p07,RB,672,4
MpP1p07,RB,676,5
MpP1p07,RB,680,3
MpP1p07,RB,684,5
MpP1p07,RB,688,2
MpP1p07,RB,692,5
MpP1p07,RB,696,4
MpP1p07,RB,700,3
MpP1p07,RB,704,5
MpP1p07,RB,708,3
MpP1p07,RB,712,5
MpP1p07,RB,716,5
MpP1p07,RB,720,2
MpP1p07,RB,724,1
MpP1p07,RB,728,1
MpP1p07,RB,732,5
MpP1p07,RB,736,4
MpP1p07,RB,740,3
MpP1p07,RB,744,4
MpP1p07,RB,748,4
MpP1p07,RB,752,4
MpP1p07,RB,756,3
MpP1p07,RB,760,3
MpP1p07,RB,764,2
MpP1p07,RB,768,2
MpP1p07,RB,772,4
MpP1p07,RB,776,5
MpP1p07,RB,780,5
MpP1p07,RB,784,5
MpP1p07,RB,788,2
MpP1p07,RB,792,3
MpP1p07,RB,796,3
MpP1p07,RB,800,3
MpP1p07,RB,804,3
MpP1p07,RB,808,2
MpP1p07,RB,812,2
MpP1p07,RB,816,1
MpP1p07,RB,820,1
MpP1p07,RB,824,2
MpP1p07,RB,828,2
MpP1p07,RB,832,1
MpP1p07,RB,836,2
MpP1p07,RB,840,2
MpP1p07,RB,844,1
MpP1p07,RB,848,1
MpP1p07,RB,852,1
MpP1p07,RB,856,1
MpP1p07,RB,860,1
MpP1p07,RB,864,0
MpP1p07,RB,868,0
MpP1p07,RB,872,0
MpP1p07,RB,876,2
MpP1p07,RB,880,1
MpP1p07,RB,884,0
MpP1p07,RB,888,0
MpP1p07,RB,892,0
MpP1p07,RB,896,0
MpP1p07,RB,900,0
MpP1p07,RB,904,0
MpP1p07,RB,908,0
MpP1p07,RB,912,1
MpP1p07,RB,916,2
MpP1p07,RB,920,1
MpP1p07,RB,924,2
MpP1p07,RB,928,3
MpP1p07,RB,932,1
MpP1p07,RB,936,1
MpP1p07,RB,940,2
MpP1p07,RB,944,2
MpP1p07,RB,948,1
MpP1p07,RB,952,0
MpP1p07,RB,956,1
MpP1p07,RB,960,1
MpP1p07,RB,964,0
MpP1p07,RB,968,1
MpP1p07,RB,972,0
MpP1p07,RB,976,1
MpP1p07,RB,980,2
MpP1p07,RB,984,2
MpP1p07,RB,988,4
MpP1p07,RB,992,5
MpP1p07,RB,996,5
MpP1p07,RB,1000,5
MpP1p07,RB,1004,5
MpP1p07,RB,1008,4
MpP1p07,RB,1012,3
MpP1p07,RB,1016,2
MpP1p07,RB,1020,4
MpP1p07,RB,1024,3
MpP1p07,RB,1028,4
MpP1p07,RB,1032,3
MpP1p07,RB,1036,4
MpP1p07,RB,1040,2
MpP1p07,RB,1044,5
MpP1p07,RB,1048,3
MpP1p07,RB,1052,6
MpP1p07,RB,1056,4
MpP1p07,RB,1060,5
MpP1p07,RB,1064,7
MpP1p07,RB,1068,4
MpP1p07,RB,1072,4
MpP1p07,RB,1076,1
MpP1p07,RB,1080,2
MpP1p07,RB,1084,1
MpP1p07,RB,1088,2
MpP1p07,RB,1092,3
MpP1p07,RB,1096,5
MpP1p07,RB,1100,5
MpP1p07,RB,1104,3
MpP1p07,RB,1108,3
MpP1p07,RB,1112,2
MpP1p07,RB,1116,4
MpP1p07,RB,1120,4
MpP1p07,RB,1124,4
MpP1p07,RB,1128,4
MpP1p07,RB,1132,6
MpP1p07,RB,1136,7
MpP1p07,RB,1140,6
MpP1p07,RB,1144,7
MpP1p07,RB,1148,6
MpP1p07,RB,1152,4
MpP1p07,RB,1156,5
MpP1p07,RB,1160,4
MpP1p07,RB,1164,4
MpP1p07,RB,1168,2
MpP1p07,RB,1172,7
MpP1p07,RB,1176,7
MpP1p07,RB,1180,6
MpP1p07,RB,1184,5
MpP1p07,RB,1188,7
MpP1p07,RB,1192,5
MpP1p07,RB,1196,8
MpP1p07,RB,1200,4
MpP1p07,RB,1204,6
MpP1p07,RB,1208,3
MpP1p07,RB,1212,6
MpP1p07,RB,1216,14
MpP1p07,RB,1220,13
MpP1p07,RB,1224,9
MpP1p07,RB,1228,7
MpP1p07,RB,1232,9
MpP1p07,RB,1236,8
MpP1p07,RB,1240,14
MpP1p07,RB,1244,10
MpP1p07,RB,1248,7
MpP1p07,RB,1252,9
MpP1p07,RB,1256,10
MpP1p07,RB,1260,12
MpP1p07,RB,1264,13
MpP1p07,RB,1268,11
MpP1p07,RB,1272,12
MpP1p07,RB,1276,7
MpP1p07,RB,1280,8
MpP1p07,RB,1284,12
MpP1p07,RB,1288,6
MpP1p07,RB,1292,12
MpP1p07,RB,1296,6
MpP1p07,RB,1300,6
MpP1p07,RB,1304,6
MpP1p07,RB,1308,3
MpP1p07,RB,1312,0
MpP1p07,RB,1316,0
MpP1p07,RB,1320,0
MpP1p07,RB,1324,0
MpP1p07,RB,1328,0
MpP1p07,RB,1332,0
MpP1p07,RB,1336,0
MpP1p07,RB,1340,0
MpP1p07,RB,1344,0
MpP1p07,RB,1348,0
MpP1p07,RB,1352,0
MpP1p07,RB,1356,0
MpP1p07,RB,1360,0
MpP1p07,RB,1364,0
MpP1p07,RB,1368,0
MpP1p07,RB,1372,0
MpP1p07,RB,1376,0
MpP1p07,RB,1380,0
MpP1p07,RB,1384,0
MpP1p07,RB,1388,0
MpP1p07,RB,1392,0
MpP1p07,RB,1396,0
MpP1p07,RB,1400,0
MpP1p07,RB,1404,0
MpP1p07,RB,1408,0
MpP1p07,RB,1412,0
MpP1p07,RB,1416,0
MpP1p07,RB,1420,0
MpP1p07,RB,1424,0
MpP1p07,RB,1428,0
MpP1p07,RB,1432,0
MpP1p07,RB,1436,0
MpP1p07,RB,1440,0
MpP1p07,RB,1444,0
MpP1p07,RB,1448,0
MpP1p07,RB,1452,0
MpP1p07,RB,1456,0
MpP1p07,RB,1460,0
MpP1p07,RB,1464,0
MpP1p07,RB,1468,0
MpP1p07,RB,1472,0
MpP1p07,RB,1476,0
MpP1p07,RB,1480,0
MpP1p08,RB,0,0
MpP1p08,RB,4,0
MpP1p08,RB,8,0
MpP1p08,RB,12,0
MpP1p08,RB,16,0
MpP1p08,RB,20,1
MpP1p08,RB,24,1
MpP1p08,RB,28,0
MpP1p08,RB,32,0
MpP1p08,RB,36,0
MpP1p08,RB,40,0
MpP1p08,RB,44,0
MpP1p08,RB,48,0
MpP1p08,RB,52,0
MpP1p08,RB,56,0
MpP1p08,RB,60,0
MpP1p08,RB,64,0
MpP1p08,RB,68,1
MpP1p08,RB,72,0
MpP1p08,RB,76,1
MpP1p08,RB,80,0
MpP1p08,RB,84,1
MpP1p08,RB,88,0
MpP1p08,RB,92,0
MpP1p08,RB,96,0
MpP1p08,RB,100,0
MpP1p08,RB,104,0
MpP1p08,RB,108,1
MpP1p08,RB,112,2
MpP1p08,RB,116,2
MpP1p08,RB,120,1
MpP1p08,RB,124,1
MpP1p08,RB,128,0
MpP1p08,RB,132,0
MpP1p08,RB,136,1
MpP1p08,RB,140,1
MpP1p08,RB,144,1
MpP1p08,RB,148,2
MpP1p08,RB,152,2
MpP1p08,RB,156,1
MpP1p08,RB,160,2
MpP1p08,RB,164,2
MpP1p08,RB,168,2
MpP1p08,RB,172,2
MpP1p08,RB,176,1
MpP1p08,RB,180,1
MpP1p08,RB,184,0
MpP1p08,RB,188,0
MpP1p08,RB,192,0
MpP1p08,RB,196,1
MpP1p08,RB,200,1
MpP1p08,RB,204,2
MpP1p08,RB,208,1
MpP1p08,RB,212,0
MpP1p08,RB,216,0
MpP1p08,RB,220,1
MpP1p08,RB,224,1
MpP1p08,RB,228,0
MpP1p08,RB,232,1
MpP1p08,RB,236,1
MpP1p08,RB,240,2
MpP1p08,RB,244,1
MpP1p08,RB,248,0
MpP1p08,RB,252,0
MpP1p08,RB,256,3
MpP1p08,RB,260,3
MpP1p08,RB,264,2
MpP1p08,RB,268,3
MpP1p08,RB,272,1
MpP1p08,RB,276,2
MpP1p08,RB,280,1
MpP1p08,RB,284,1
MpP1p08,RB,288,2
MpP1p08,RB,292,1
MpP1p08,RB,296,1
MpP1p08,RB,300,0
MpP1p08,RB,304,0
MpP1p08,RB,308,1
MpP1p08,RB,312,1
MpP1p08,RB,316,2
MpP1p08,RB,320,2
MpP1p08,RB,324,3
MpP1p08,RB,328,3
MpP1p08,RB,332,2
MpP1p08,RB,336,0
MpP1p08,RB,340,0
MpP1p08,RB,344,0
MpP1p08,RB,348,3
MpP1p08,RB,352,3
MpP1p08,RB,356,1
MpP1p08,RB,360,3
MpP1p08,RB,364,1
MpP1p08,RB,368,2
MpP1p08,RB,372,2
MpP1p08,RB,376,3
MpP1p08,RB,380,5
MpP1p08,RB,384,2
MpP1p08,RB,388,4
MpP1p08,RB,392,4
MpP1p08,RB,396,5
MpP1p08,RB,400,3
MpP1p08,RB,404,4
MpP1p08,RB,408,4
MpP1p08,RB,412,4
MpP1p08,RB,416,4
MpP1p08,RB,420,4
MpP1p08,RB,424,4
MpP1p08,RB,428,5
MpP1p08,RB,432,4
MpP1p08,RB,436,4
MpP1p08,RB,440,3
MpP1p08,RB,444,0
MpP1p08,RB,448,0
MpP1p08,RB,452,2
MpP1p08,RB,456,2
MpP1p08,RB,460,0
MpP1p08,RB,464,2
MpP1p08,RB,468,2
MpP1p08,RB,472,2
MpP1p08,RB,476,4
MpP1p08,RB,480,4
MpP1p08,RB,484,5
MpP1p08,RB,488,1
MpP1p08,RB,492,1
MpP1p08,RB,496,2
MpP1p08,RB,500,2
MpP1p08,RB,504,3
MpP1p08,RB,508,3
MpP1p08,RB,512,4
MpP1p08,RB,516,4
MpP1p08,RB,520,4
MpP1p08,RB,524,4
MpP1p08,RB,528,4
MpP1p08,RB,532,4
MpP1p08,RB,536,4
MpP1p08,RB,540,3
MpP1p08,RB,544,3
MpP1p08,RB,548,3
MpP1p08,RB,552,4
MpP1p08,RB,556,5
MpP1p08,RB,560,5
MpP1p08,RB,564,3
MpP1p08,RB,568,1
MpP1p08,RB,572,1
MpP1p08,RB,576,2
MpP1p08,RB,580,1
MpP1p08,RB,584,4
MpP1p08,RB,588,4
MpP1p08,RB,592,3
MpP1p08,RB,596,4
MpP1p08,RB,600,4
MpP1p08,RB,604,4
MpP1p08,RB,608,3
MpP1p08,RB,612,3
MpP1p08,RB,616,3
MpP1p08,RB,620,3
MpP1p08,RB,624,2
MpP1p08,RB,628,1
MpP1p08,RB,632,2
MpP1p08,RB,636,2
MpP1p08,RB,640,3
MpP1p08,RB,644,3
MpP1p08,RB,648,3
MpP1p08,RB,652,3
MpP1p08,RB,656,2
MpP1p08,RB,660,2
MpP1p08,RB,664,3
MpP1p08,RB,668,2
MpP1p08,RB,672,2
MpP1p08,RB,676,1
MpP1p08,RB,680,0
MpP1p08,RB,684,3
MpP1p08,RB,688,2
MpP1p08,RB,692,2
MpP1p08,RB,696,2
MpP1p08,RB,700,1
MpP1p08,RB,704,3
MpP1p08,RB,708,4
MpP1p08,RB,712,3
MpP1p08,RB,716,4
MpP1p08,RB,720,3
MpP1p08,RB,724,3
MpP1p08,RB,728,2
MpP1p08,RB,732,1
MpP1p08,RB,736,2
MpP1p08,RB,740,3
MpP1p08,RB,744,1
MpP1p08,RB,748,3
MpP1p08,RB,752,2
MpP1p08,RB,756,2
MpP1p08,RB,760,3
MpP1p08,RB,764,4
MpP1p08,RB,768,3
MpP1p08,RB,772,2
MpP1p08,RB,776,2
MpP1p08,RB,780,1
MpP1p08,RB,784,1
MpP1p08,RB,788,3
MpP1p08,RB,792,2
MpP1p08,RB,796,2
MpP1p08,RB,800,2
MpP1p08,RB,804,1
MpP1p08,RB,808,2
MpP1p08,RB,812,3
MpP1p08,RB,816,3
MpP1p08,RB,820,3
MpP1p08,RB,824,2
MpP1p08,RB,828,3
MpP1p08,RB,832,3
MpP1p08,RB,836,2
MpP1p08,RB,840,3
MpP1p08,RB,844,3
MpP1p08,RB,848,2
MpP1p08,RB,852,2
MpP1p08,RB,856,0
MpP1p08,RB,860,2
MpP1p08,RB,864,3
MpP1p08,RB,868,1
MpP1p08,RB,872,0
MpP1p08,RB,876,1
MpP1p08,RB,880,2
MpP1p08,RB,884,2
MpP1p08,RB,888,1
MpP1p08,RB,892,1
MpP1p08,RB,896,1
MpP1p08,RB,900,2
MpP1p08,RB,904,3
MpP1p08,RB,908,4
MpP1p08,RB,912,4
MpP1p08,RB,916,4
MpP1p08,RB,920,3
MpP1p08,RB,924,4
MpP1p08,RB,928,4
MpP1p08,RB,932,5
MpP1p08,RB,936,1
MpP1p08,RB,940,3
MpP1p08,RB,944,3
MpP1p08,RB,948,2
MpP1p08,RB,952,3
MpP1p08,RB,956,3
MpP1p08,RB,960,2
MpP1p08,RB,964,4
MpP1p08,RB,968,6
MpP1p08,RB,972,7
MpP1p08,RB,976,5
MpP1p08,RB,980,5
MpP1p08,RB,984,4
MpP1p08,RB,988,4
MpP1p08,RB,992,6
MpP1p08,RB,996,6
MpP1p08,RB,1000,5
MpP1p08,RB,1004,5
MpP1p08,RB,1008,7
MpP1p08,RB,1012,6
MpP1p08,RB,1016,3
MpP1p08,RB,1020,4
MpP1p08,RB,1024,3
MpP1p08,RB,1028,4
MpP1p08,RB,1032,4
MpP1p08,RB,1036,6
MpP1p08,RB,1040,1
MpP1p08,RB,1044,3
MpP1p08,RB,1048,5
MpP1p08,RB,1052,6
MpP1p08,RB,1056,6
MpP1p08,RB,1060,4
MpP1p08,RB,1064,7
MpP1p08,RB,1068,6
MpP1p08,RB,1072,8
MpP1p08,RB,1076,6
MpP1p08,RB,1080,9
MpP1p08,RB,1084,10
MpP1p08,RB,1088,11
MpP1p08,RB,1092,10
MpP1p08,RB,1096,10
MpP1p08,RB,1100,11
MpP1p08,RB,1104,10
MpP1p08,RB,1108,10
MpP1p08,RB,1112,10
MpP1p08,RB,1116,10
MpP1p08,RB,1120,9
MpP1p08,RB,1124,9
MpP1p08,RB,1128,10
MpP1p08,RB,1132,8
MpP1p08,RB,1136,14
MpP1p08,RB,1140,16
MpP1p08,RB,1144,15
MpP1p08,RB,1148,9
MpP1p08,RB,1152,8
MpP1p08,RB,1156,11
MpP1p08,RB,1160,11
MpP1p08,RB,1164,12
MpP1p08,RB,1168,12
MpP1p08,RB,1172,12
MpP1p08,RB,1176,9
MpP1p08,RB,1180,10
MpP1p08,RB,1184,10
MpP1p08,RB,1188,13
MpP1p08,RB,1192,12
MpP1p08,RB,1196,11
MpP1p08,RB,1200,11
MpP1p08,RB,1204,9
MpP1p08,RB,1208,13
MpP1p08,RB,1212,11
MpP1p08,RB,1216,14
MpP1p08,RB,1220,14
MpP1p08,RB,1224,12
MpP1p08,RB,1228,13
MpP1p08,RB,1232,11
MpP1p08,RB,1236,9
MpP1p08,RB,1240,8
MpP1p08,RB,1244,12
MpP1p08,RB,1248,8
MpP1p08,RB,1252,8
MpP1p08,RB,1256,8
MpP1p08,RB,1260,11
MpP1p08,RB,1264,10
MpP1p08,RB,1268,11
MpP1p08,RB,1272,10
MpP1p08,RB,1276,12
MpP1p08,RB,1280,8
MpP1p08,RB,1284,11
MpP1p08,RB,1288,8
MpP1p08,RB,1292,8
MpP1p08,RB,1296,9
MpP1p08,RB,1300,7
MpP1p08,RB,1304,6
MpP1p08,RB,1308,3
MpP1p08,RB,1312,0
MpP1p08,RB,1316,0
MpP1p08,RB,1320,0
MpP1p08,RB,1324,0
MpP1p08,RB,1328,0
MpP1p08,RB,1332,0
MpP1p08,RB,1336,0
MpP1p08,RB,1340,0
MpP1p08,RB,1344,0
MpP1p08,RB,1348,0
MpP1p08,RB,1352,0
MpP1p08,RB,1356,0
MpP1p08,RB,1360,0
MpP1p08,RB,1364,0
MpP1p08,RB,1368,0
MpP1p08,RB,1372,0
MpP1p08,RB,1376,0
MpP1p08,RB,1380,0
MpP1p08,RB,1384,0
MpP1p08,RB,1388,0
MpP1p08,RB,1392,0
MpP1p08,RB,1396,0
MpP1p08,RB,1400,0
MpP1p08,RB,1404,0
MpP1p08,RB,1408,0
MpP1p08,RB,1412,0
MpP1p08,RB,1416,0
MpP1p08,RB,1420,0
MpP1p08,RB,1424,0
MpP1p08,RB,1428,0
MpP1p08,RB,1432,0
MpP1p08,RB,1436,0
MpP1p08,RB,1440,0
MpP1p08,RB,1444,0
MpP1p08,RB,1448,0
MpP1p08,RB,1452,0
MpP1p08,RB,1456,0
MpP1p08,RB,1460,0
MpP1p08,RB,1464,0
MpP1p08,RB,1468,0
MpP1p08,RB,1472,0
MpP1p08,RB,1476,0
MpP1p08,RB,1480,0
MpP1p09,RB,0,0
MpP1p09,RB,4,0
MpP1p09,RB,8,0
MpP1p09,RB,12,0
MpP1p09,RB,16,0
MpP1p09,RB,20,0
MpP1p09,RB,24,0
MpP1p09,RB,28,0
MpP1p09,RB,32,0
MpP1p09,RB,36,0
MpP1p09,RB,40,0
MpP1p09,RB,44,0
MpP1p09,RB,48,0
MpP1p09,RB,52,0
MpP1p09,RB,56,0
MpP1p09,RB,60,0
MpP1p09,RB,64,0
MpP1p09,RB,68,0
MpP1p09,RB,72,0
MpP1p09,RB,76,1
MpP1p09,RB,80,1
MpP1p09,RB,84,1
MpP1p09,RB,88,1
MpP1p09,RB,92,1
MpP1p09,RB,96,1
MpP1p09,RB,100,1
MpP1p09,RB,104,1
MpP1p09,RB,108,1
MpP1p09,RB,112,1
MpP1p09,RB,116,1
MpP1p09,RB,120,1
MpP1p09,RB,124,1
MpP1p09,RB,128,1
MpP1p09,RB,132,0
MpP1p09,RB,136,1
MpP1p09,RB,140,0
MpP1p09,RB,144,0
MpP1p09,RB,148,0
MpP1p09,RB,152,1
MpP1p09,RB,156,1
MpP1p09,RB,160,1
MpP1p09,RB,164,1
MpP1p09,RB,168,1
MpP1p09,RB,172,1
MpP1p09,RB,176,0
MpP1p09,RB,180,0
MpP1p09,RB,184,0
MpP1p09,RB,188,0
MpP1p09,RB,192,2
MpP1p09,RB,196,2
MpP1p09,RB,200,2
MpP1p09,RB,204,2
MpP1p09,RB,208,1
MpP1p09,RB,212,1
MpP1p09,RB,216,1
MpP1p09,RB,220,2
MpP1p09,RB,224,2
MpP1p09,RB,228,2
MpP1p09,RB,232,1
MpP1p09,RB,236,1
MpP1p09,RB,240,2
MpP1p09,RB,244,0
MpP1p09,RB,248,1
MpP1p09,RB,252,1
MpP1p09,RB,256,1
MpP1p09,RB,260,1
MpP1p09,RB,264,1
MpP1p09,RB,268,0
MpP1p09,RB,272,1
MpP1p09,RB,276,1
MpP1p09,RB,280,1
MpP1p09,RB,284,1
MpP1p09,RB,288,1
MpP1p09,RB,292,1
MpP1p09,RB,296,1
MpP1p09,RB,300,2
MpP1p09,RB,304,1
MpP1p09,RB,308,0
MpP1p09,RB,312,1
MpP1p09,RB,316,1
MpP1p09,RB,320,2
MpP1p09,RB,324,2
MpP1p09,RB,328,1
MpP1p09,RB,332,1
MpP1p09,RB,336,2
MpP1p09,RB,340,3
MpP1p09,RB,344,4
MpP1p09,RB,348,3
MpP1p09,RB,352,3
MpP1p09,RB,356,4
MpP1p09,RB,360,3
MpP1p09,RB,364,2
MpP1p09,RB,368,2
MpP1p09,RB,372,3
MpP1p09,RB,376,2
MpP1p09,RB,380,3
MpP1p09,RB,384,3
MpP1p09,RB,388,3
MpP1p09,RB,392,4
MpP1p09,RB,396,3
MpP1p09,RB,400,3
MpP1p09,RB,404,2
MpP1p09,RB,408,2
MpP1p09,RB,412,3
MpP1p09,RB,416,3
MpP1p09,RB,420,2
MpP1p09,RB,424,2
MpP1p09,RB,428,0
MpP1p09,RB,432,3
MpP1p09,RB,436,3
MpP1p09,RB,440,4
MpP1p09,RB,444,3
MpP1p09,RB,448,3
MpP1p09,RB,452,3
MpP1p09,RB,456,4
MpP1p09,RB,460,2
MpP1p09,RB,464,2
MpP1p09,RB,468,4
MpP1p09,RB,472,4
MpP1p09,RB,476,4
MpP1p09,RB,480,4
MpP1p09,RB,484,3
MpP1p09,RB,488,4
MpP1p09,RB,492,4
MpP1p09,RB,496,3
MpP1p09,RB,500,4
MpP1p09,RB,504,3
MpP1p09,RB,508,3
MpP1p09,RB,512,1
MpP1p09,RB,516,1
MpP1p09,RB,520,2
MpP1p09,RB,524,2
MpP1p09,RB,528,3
MpP1p09,RB,532,4
MpP1p09,RB,536,4
MpP1p09,RB,540,3
MpP1p09,RB,544,3
MpP1p09,RB,548,3
MpP1p09,RB,552,3
MpP1p09,RB,556,4
MpP1p09,RB,560,4
MpP1p09,RB,564,4
MpP1p09,RB,568,4
MpP1p09,RB,572,3
MpP1p09,RB,576,4
MpP1p09,RB,580,3
MpP1p09,RB,584,2
MpP1p09,RB,588,4
MpP1p09,RB,592,4
MpP1p09,RB,596,3
MpP1p09,RB,600,3
MpP1p09,RB,604,3
MpP1p09,RB,608,5
MpP1p09,RB,612,5
MpP1p09,RB,616,5
MpP1p09,RB,620,2
MpP1p09,RB,624,1
MpP1p09,RB,628,2
MpP1p09,RB,632,3
MpP1p09,RB,636,4
MpP1p09,RB,640,2
MpP1p09,RB,644,2
MpP1p09,RB,648,5
MpP1p09,RB,652,6
MpP1p09,RB,656,4
MpP1p09,RB,660,4
MpP1p09,RB,664,4
MpP1p09,RB,668,4
MpP1p09,RB,672,4
MpP1p09,RB,676,4
MpP1p09,RB,680,5
MpP1p09,RB,684,6
MpP1p09,RB,688,6
MpP1p09,RB,692,6
MpP1p09,RB,696,6
MpP1p09,RB,700,6
MpP1p09,RB,704,5
MpP1p09,RB,708,4
MpP1p09,RB,712,4
MpP1p09,RB,716,3
MpP1p09,RB,720,2
MpP1p09,RB,724,2
MpP1p09,RB,728,3
MpP1p09,RB,732,3
MpP1p09,RB,736,3
MpP1p09,RB,740,4
MpP1p09,RB,744,4
MpP1p09,RB,748,4
MpP1p09,RB,752,4
MpP1p09,RB,756,6
MpP1p09,RB,760,3
MpP1p09,RB,764,5
MpP1p09,RB,768,4
MpP1p09,RB,772,4
MpP1p09,RB,776,3
MpP1p09,RB,780,2
MpP1p09,RB,784,3
MpP1p09,RB,788,4
MpP1p09,RB,792,5
MpP1p09,RB,796,5
MpP1p09,RB,800,5
MpP1p09,RB,804,4
MpP1p09,RB,808,5
MpP1p09,RB,812,5
MpP1p09,RB,816,4
MpP1p09,RB,820,3
MpP1p09,RB,824,5
MpP1p09,RB,828,6
MpP1p09,RB,832,3
MpP1p09,RB,836,4
MpP1p09,RB,840,4
MpP1p09,RB,844,4
MpP1p09,RB,848,5
MpP1p09,RB,852,6
MpP1p09,RB,856,6
MpP1p09,RB,860,6
MpP1p09,RB,864,6
MpP1p09,RB,868,4
MpP1p09,RB,872,4
MpP1p09,RB,876,3
MpP1p09,RB,880,6
MpP1p09,RB,884,5
MpP1p09,RB,888,4
MpP1p09,RB,892,5
MpP1p09,RB,896,6
MpP1p09,RB,900,7
MpP1p09,RB,904,6
MpP1p09,RB,908,5
MpP1p09,RB,912,4
MpP1p09,RB,916,7
MpP1p09,RB,920,8
MpP1p09,RB,924,7
MpP1p09,RB,928,6
MpP1p09,RB,932,6
MpP1p09,RB,936,5
MpP1p09,RB,940,7
MpP1p09,RB,944,8
MpP1p09,RB,948,9
MpP1p09,RB,952,8
MpP1p09,RB,956,9
MpP1p09,RB,960,7
MpP1p09,RB,964,7
MpP1p09,RB,968,7
MpP1p09,RB,972,6
MpP1p09,RB,976,6
MpP1p09,RB,980,6
MpP1p09,RB,984,7
MpP1p09,RB,988,9
MpP1p09,RB,992,9
MpP1p09,RB,996,10
MpP1p09,RB,1000,9
MpP1p09,RB,1004,9
MpP1p09,RB,1008,7
MpP1p09,RB,1012,10
MpP1p09,RB,1016,10
MpP1p09,RB,1020,10
MpP1p09,RB,1024,13
MpP1p09,RB,1028,12
MpP1p09,RB,1032,12
MpP1p09,RB,1036,12
MpP1p09,RB,1040,14
MpP1p09,RB,1044,12
MpP1p09,RB,1048,11
MpP1p09,RB,1052,16
MpP1p09,RB,1056,14
MpP1p09,RB,1060,19
MpP1p09,RB,1064,15
MpP1p09,RB,1068,16
MpP1p09,RB,1072,16
MpP1p09,RB,1076,17
MpP1p09,RB,1080,15
MpP1p09,RB,1084,14
MpP1p09,RB,1088,16
MpP1p09,RB,1092,16
MpP1p09,RB,1096,16
MpP1p09,RB,1100,16
MpP1p09,RB,1104,15
MpP1p09,RB,1108,16
MpP1p09,RB,1112,18
MpP1p09,RB,1116,14
MpP1p09,RB,1120,16
MpP1p09,RB,1124,16
MpP1p09,RB,1128,16
MpP1p09,RB,1132,19
MpP1p09,RB,1136,17
MpP1p09,RB,1140,17
MpP1p09,RB,1144,14
MpP1p09,RB,1148,19
MpP1p09,RB,1152,18
MpP1p09,RB,1156,18
MpP1p09,RB,1160,20
MpP1p09,RB,1164,19
MpP1p09,RB,1168,19
MpP1p09,RB,1172,18
MpP1p09,RB,1176,15
MpP1p09,RB,1180,18
MpP1p09,RB,1184,18
MpP1p09,RB,1188,18
MpP1p09,RB,1192,20
MpP1p09,RB,1196,19
MpP1p09,RB,1200,21
MpP1p09,RB,1204,19
MpP1p09,RB,1208,21
MpP1p09,RB,1212,19
MpP1p09,RB,1216,21
MpP1p09,RB,1220,23
MpP1p09,RB,1224,20
MpP1p09,RB,1228,21
MpP1p09,RB,1232,22
MpP1p09,RB,1236,18
MpP1p09,RB,1240,19
MpP1p09,RB,1244,19
MpP1p09,RB,1248,20
MpP1p09,RB,1252,21
MpP1p09,RB,1256,19
MpP1p09,RB,1260,22
MpP1p09,RB,1264,21
MpP1p09,RB,1268,19
MpP1p09,RB,1272,22
MpP1p09,RB,1276,18
MpP1p09,RB,1280,16
MpP1p09,RB,1284,18
MpP1p09,RB,1288,16
MpP1p09,RB,1292,16
MpP1p09,RB,1296,17
MpP1p09,RB,1300,16
MpP1p09,RB,1304,14
MpP1p09,RB,1308,7
MpP1p09,RB,1312,0
MpP1p09,RB,1316,0
MpP1p09,RB,1320,0
MpP1p09,RB,1324,0
MpP1p09,RB,1328,0
MpP1p09,RB,1332,0
MpP1p09,RB,1336,0
MpP1p09,RB,1340,0
MpP1p09,RB,1344,0
MpP1p09,RB,1348,0
MpP1p09,RB,1352,0
MpP1p09,RB,1356,0
MpP1p09,RB,1360,0
MpP1p09,RB,1364,0
MpP1p09,RB,1368,0
MpP1p09,RB,1372,0
MpP1p09,RB,1376,0
MpP1p09,RB,1380,0
MpP1p09,RB,1384,0
MpP1p09,RB,1388,0
MpP1p09,RB,1392,0
MpP1p09,RB,1396,0
MpP1p09,RB,1400,0
MpP1p09,RB,1404,0
MpP1p09,RB,1408,0
MpP1p09,RB,1412,0
MpP1p09,RB,1416,0
MpP1p09,RB,1420,0
MpP1p09,RB,1424,0
MpP1p09,RB,1428,0
MpP1p09,RB,1432,0
MpP1p09,RB,1436,0
MpP1p09,RB,1440,0
MpP1p09,RB,1444,0
MpP1p09,RB,1448,0
MpP1p09,RB,1452,0
MpP1p09,RB,1456,0
MpP1p09,RB,1460,0
MpP1p09,RB,1464,0
MpP1p09,RB,1468,0
MpP1p09,RB,1472,0
MpP1p09,RB,1476,0
MpP1p09,RB,1480,0
MpP1p10,RB,0,0
MpP1p10,RB,4,0
MpP1p10,RB,8,0
MpP1p10,RB,12,0
MpP1p10,RB,16,0
MpP1p10,RB,20,1
MpP1p10,RB,24,1
MpP1p10,RB,28,1
MpP1p10,RB,32,1
MpP1p10,RB,36,1
MpP1p10,RB,40,1
MpP1p10,RB,44,1
MpP1p10,RB,48,1
MpP1p10,RB,52,1
MpP1p10,RB,56,0
MpP1p10,RB,60,1
MpP1p10,RB,64,1
MpP1p10,RB,68,2
MpP1p10,RB,72,2
MpP1p10,RB,76,1
MpP1p10,RB,80,2
MpP1p10,RB,84,2
MpP1p10,RB,88,2
MpP1p10,RB,92,2
MpP1p10,RB,96,2
MpP1p10,RB,100,2
MpP1p10,RB,104,2
MpP1p10,RB,108,2
MpP1p10,RB,112,1
MpP1p10,RB,116,2
MpP1p10,RB,120,2
MpP1p10,RB,124,2
MpP1p10,RB,128,2
MpP1p10,RB,132,2
MpP1p10,RB,136,2
MpP1p10,RB,140,2
MpP1p10,RB,144,2
MpP1p10,RB,148,2
MpP1p10,RB,152,2
MpP1p10,RB,156,2
MpP1p10,RB,160,2
MpP1p10,RB,164,2
MpP1p10,RB,168,2
MpP1p10,RB,172,1
MpP1p10,RB,176,0
MpP1p10,RB,180,1
MpP1p10,RB,184,2
MpP1p10,RB,188,2
MpP1p10,RB,192,2
MpP1p10,RB,196,2
MpP1p10,RB,200,2
MpP1p10,RB,204,2
MpP1p10,RB,208,3
MpP1p10,RB,212,1
MpP1p10,RB,216,2
MpP1p10,RB,220,3
MpP1p10,RB,224,3
MpP1p10,RB,228,1
MpP1p10,RB,232,2
MpP1p10,RB,236,1
MpP1p10,RB,240,1
MpP1p10,RB,244,0
MpP1p10,RB,248,1
MpP1p10,RB,252,1
MpP1p10,RB,256,2
MpP1p10,RB,260,2
MpP1p10,RB,264,2
MpP1p10,RB,268,2
MpP1p10,RB,272,2
MpP1p10,RB,276,2
MpP1p10,RB,280,1
MpP1p10,RB,284,2
MpP1p10,RB,288,2
MpP1p10,RB,292,2
MpP1p10,RB,296,2
MpP1p10,RB,300,2
MpP1p10,RB,304,2
MpP1p10,RB,308,0
MpP1p10,RB,312,1
MpP1p10,RB,316,1
MpP1p10,RB,320,2
MpP1p10,RB,324,2
MpP1p10,RB,328,2
MpP1p10,RB,332,2
MpP1p10,RB,336,2
MpP1p10,RB,340,0
MpP1p10,RB,344,1
MpP1p10,RB,348,1
MpP1p10,RB,352,1
MpP1p10,RB,356,2
MpP1p10,RB,360,1
MpP1p10,RB,364,0
MpP1p10,RB,368,1
MpP1p10,RB,372,2
MpP1p10,RB,376,1
MpP1p10,RB,380,2
MpP1p10,RB,384,2
MpP1p10,RB,388,2
MpP1p10,RB,392,2
MpP1p10,RB,396,2
MpP1p10,RB,400,2
MpP1p10,RB,404,1
MpP1p10,RB,408,2
MpP1p10,RB,412,2
MpP1p10,RB,416,1
MpP1p10,RB,420,1
MpP1p10,RB,424,1
MpP1p10,RB,428,0
MpP1p10,RB,432,1
MpP1p10,RB,436,1
MpP1p10,RB,440,1
MpP1p10,RB,444,0
MpP1p10,RB,448,2
MpP1p10,RB,452,3
MpP1p10,RB,456,3
MpP1p10,RB,460,1
MpP1p10,RB,464,2
MpP1p10,RB,468,1
MpP1p10,RB,472,1
MpP1p10,RB,476,2
MpP1p10,RB,480,1
MpP1p10,RB,484,2
MpP1p10,RB,488,2
MpP1p10,RB,492,2
MpP1p10,RB,496,3
MpP1p10,RB,500,2
MpP1p10,RB,504,1
MpP1p10,RB,508,1
MpP1p10,RB,512,2
MpP1p10,RB,516,4
MpP1p10,RB,520,4
MpP1p10,RB,524,3
MpP1p10,RB,528,3
MpP1p10,RB,532,2
MpP1p10,RB,536,1
MpP1p10,RB,540,2
MpP1p10,RB,544,3
MpP1p10,RB,548,3
MpP1p10,RB,552,3
MpP1p10,RB,556,2
MpP1p10,RB,560,3
MpP1p10,RB,564,2
MpP1p10,RB,568,2
MpP1p10,RB,572,3
MpP1p10,RB,576,3
MpP1p10,RB,580,3
MpP1p10,RB,584,4
MpP1p10,RB,588,4
MpP1p10,RB,592,4
MpP1p10,RB,596,4
MpP1p10,RB,600,4
MpP1p10,RB,604,2
MpP1p10,RB,608,4
MpP1p10,RB,612,4
MpP1p10,RB,616,4
MpP1p10,RB,620,5
MpP1p10,RB,624,4
MpP1p10,RB,628,3
MpP1p10,RB,632,4
MpP1p10,RB,636,3
MpP1p10,RB,640,3
MpP1p10,RB,644,3
MpP1p10,RB,648,3
MpP1p10,RB,652,3
MpP1p10,RB,656,4
MpP1p10,RB,660,4
MpP1p10,RB,664,4
MpP1p10,RB,668,3
MpP1p10,RB,672,3
MpP1p10,RB,676,3
MpP1p10,RB,680,4
MpP1p10,RB,684,5
MpP1p10,RB,688,4
MpP1p10,RB,692,5
MpP1p10,RB,696,5
MpP1p10,RB,700,4
MpP1p10,RB,704,3
MpP1p10,RB,708,2
MpP1p10,RB,712,2
MpP1p10,RB,716,3
MpP1p10,RB,720,4
MpP1p10,RB,724,4
MpP1p10,RB,728,5
MpP1p10,RB,732,5
MpP1p10,RB,736,4
MpP1p10,RB,740,4
MpP1p10,RB,744,4
MpP1p10,RB,748,4
MpP1p10,RB,752,4
MpP1p10,RB,756,4
MpP1p10,RB,760,5
MpP1p10,RB,764,4
MpP1p10,RB,768,5
MpP1p10,RB,772,6
MpP1p10,RB,776,5
MpP1p10,RB,780,6
MpP1p10,RB,784,6
MpP1p10,RB,788,6
MpP1p10,RB,792,5
MpP1p10,RB,796,7
MpP1p10,RB,800,6
MpP1p10,RB,804,6
MpP1p10,RB,808,5
MpP1p10,RB,812,6
MpP1p10,RB,816,6
MpP1p10,RB,820,5
MpP1p10,RB,824,5
MpP1p10,RB,828,6
MpP1p10,RB,832,4
MpP1p10,RB,836,5
MpP1p10,RB,840,5
MpP1p10,RB,844,5
MpP1p10,RB,848,6
MpP1p10,RB,852,5
MpP1p10,RB,856,5
MpP1p10,RB,860,4
MpP1p10,RB,864,2
MpP1p10,RB,868,3
MpP1p10,RB,872,3
MpP1p10,RB,876,5
MpP1p10,RB,880,6
MpP1p10,RB,884,5
MpP1p10,RB,888,6
MpP1p10,RB,892,5
MpP1p10,RB,896,5
MpP1p10,RB,900,4
MpP1p10,RB,904,4
MpP1p10,RB,908,6
MpP1p10,RB,912,8
MpP1p10,RB,916,8
MpP1p10,RB,920,6
MpP1p10,RB,924,4
MpP1p10,RB,928,3
MpP1p10,RB,932,6
MpP1p10,RB,936,6
MpP1p10,RB,940,3
MpP1p10,RB,944,6
MpP1p10,RB,948,8
MpP1p10,RB,952,10
MpP1p10,RB,956,10
MpP1p10,RB,960,10
MpP1p10,RB,964,10
MpP1p10,RB,968,8
MpP1p10,RB,972,10
MpP1p10,RB,976,9
MpP1p10,RB,980,9
MpP1p10,RB,984,12
MpP1p10,RB,988,12
MpP1p10,RB,992,11
MpP1p10,RB,996,10
MpP1p10,RB,1000,8
MpP1p10,RB,1004,10
MpP1p10,RB,1008,12
MpP1p10,RB,1012,13
MpP1p10,RB,1016,11
MpP1p10,RB,1020,12
MpP1p10,RB,1024,14
MpP1p10,RB,1028,12
MpP1p10,RB,1032,14
MpP1p10,RB,1036,14
MpP1p10,RB,1040,14
MpP1p10,RB,1044,12
MpP1p10,RB,1048,11
MpP1p10,RB,1052,9
MpP1p10,RB,1056,10
MpP1p10,RB,1060,13
MpP1p10,RB,1064,12
MpP1p10,RB,1068,13
MpP1p10,RB,1072,13
MpP1p10,RB,1076,11
MpP1p10,RB,1080,14
MpP1p10,RB,1084,18
MpP1p10,RB,1088,15
MpP1p10,RB,1092,15
MpP1p10,RB,1096,15
MpP1p10,RB,1100,14
MpP1p10,RB,1104,12
MpP1p10,RB,1108,10
MpP1p10,RB,1112,12
MpP1p10,RB,1116,12
MpP1p10,RB,1120,9
MpP1p10,RB,1124,12
MpP1p10,RB,1128,16
MpP1p10,RB,1132,18
MpP1p10,RB,1136,20
MpP1p10,RB,1140,20
MpP1p10,RB,1144,17
MpP1p10,RB,1148,15
MpP1p10,RB,1152,23
MpP1p10,RB,1156,22
MpP1p10,RB,1160,27
MpP1p10,RB,1164,26
MpP1p10,RB,1168,27
MpP1p10,RB,1172,25
MpP1p10,RB,1176,22
MpP1p10,RB,1180,19
MpP1p10,RB,1184,22
MpP1p10,RB,1188,22
MpP1p10,RB,1192,24
MpP1p10,RB,1196,26
MpP1p10,RB,1200,27
MpP1p10,RB,1204,28
MpP1p10,RB,1208,30
MpP1p10,RB,1212,31
MpP1p10,RB,1216,29
MpP1p10,RB,1220,31
MpP1p10,RB,1224,28
MpP1p10,RB,1228,32
MpP1p10,RB,1232,33
MpP1p10,RB,1236,36
MpP1p10,RB,1240,36
MpP1p10,RB,1244,41
MpP1p10,RB,1248,37
MpP1p10,RB,1252,37
MpP1p10,RB,1256,38
MpP1p10,RB,1260,41
MpP1p10,RB,1264,37
MpP1p10,RB,1268,39
MpP1p10,RB,1272,31
MpP1p10,RB,1276,32
MpP1p10,RB,1280,31
MpP1p10,RB,1284,32
MpP1p10,RB,1288,29
MpP1p10,RB,1292,32
MpP1p10,RB,1296,27
MpP1p10,RB,1300,27
MpP1p10,RB,1304,19
MpP1p10,RB,1308,12
MpP1p10,RB,1312,5
MpP1p10,RB,1316,0
MpP1p10,RB,1320,0
MpP1p10,RB,1324,0
MpP1p10,RB,1328,0
MpP1p10,RB,1332,0
MpP1p10,RB,1336,0
MpP1p10,RB,1340,0
MpP1p10,RB,1344,0
MpP1p10,RB,1348,0
MpP1p10,RB,1352,0
MpP1p10,RB,1356,0
MpP1p10,RB,1360,0
MpP1p10,RB,1364,0
MpP1p10,RB,1368,0
MpP1p10,RB,1372,0
MpP1p10,RB,1376,0
MpP1p10,RB,1380,0
MpP1p10,RB,1384,0
MpP1p10,RB,1388,0
MpP1p10,RB,1392,0
MpP1p10,RB,1396,0
MpP1p10,RB,1400,0
MpP1p10,RB,1404,0
MpP1p10,RB,1408,0
MpP1p10,RB,1412,0
MpP1p10,RB,1416,0
MpP1p10,RB,1420,0
MpP1p10,RB,1424,0
MpP1p10,RB,1428,0
MpP1p10,RB,1432,0
MpP1p10,RB,1436,0
MpP1p10,RB,1440,0
MpP1p10,RB,1444,0
MpP1p10,RB,1448,0
MpP1p10,RB,1452,0
MpP1p10,RB,1456,0
MpP1p10,RB,1460,0
MpP1p10,RB,1464,0
MpP1p10,RB,1468,0
MpP1p10,RB,1472,0
MpP1p10,RB,1476,0
MpP1p10,RB,1480,0
MpP1p11,RB,0,0
MpP1p11,RB,4,0
MpP1p11,RB,8,0
MpP1p11,RB,12,0
MpP1p11,RB,16,0
MpP1p11,RB,20,0
MpP1p11,RB,24,0
MpP1p11,RB,28,0
MpP1p11,RB,32,0
MpP1p11,RB,36,0
MpP1p11,RB,40,0
MpP1p11,RB,44,0
MpP1p11,RB,48,0
MpP1p11,RB,52,0
MpP1p11,RB,56,0
MpP1p11,RB,60,0
MpP1p11,RB,64,0
MpP1p11,RB,68,0
MpP1p11,RB,72,0
MpP1p11,RB,76,0
MpP1p11,RB,80,1
MpP1p11,RB,84,0
MpP1p11,RB,88,0
MpP1p11,RB,92,1
MpP1p11,RB,96,0
MpP1p11,RB,100,2
MpP1p11,RB,104,0
MpP1p11,RB,108,0
MpP1p11,RB,112,1
MpP1p11,RB,116,1
MpP1p11,RB,120,1
MpP1p11,RB,124,0
MpP1p11,RB,128,0
MpP1p11,RB,132,0
MpP1p11,RB,136,2
MpP1p11,RB,140,1
MpP1p11,RB,144,0
MpP1p11,RB,148,1
MpP1p11,RB,152,3
MpP1p11,RB,156,2
MpP1p11,RB,160,1
MpP1p11,RB,164,2
MpP1p11,RB,168,1
MpP1p11,RB,172,2
MpP1p11,RB,176,2
MpP1p11,RB,180,0
MpP1p11,RB,184,1
MpP1p11,RB,188,2
MpP1p11,RB,192,3
MpP1p11,RB,196,2
MpP1p11,RB,200,2
MpP1p11,RB,204,1
MpP1p11,RB,208,4
MpP1p11,RB,212,0
MpP1p11,RB,216,2
MpP1p11,RB,220,3
MpP1p11,RB,224,1
MpP1p11,RB,228,2
MpP1p11,RB,232,4
MpP1p11,RB,236,0
MpP1p11,RB,240,1
MpP1p11,RB,244,3
MpP1p11,RB,248,0
MpP1p11,RB,252,1
MpP1p11,RB,256,0
MpP1p11,RB,260,1
MpP1p11,RB,264,2
MpP1p11,RB,268,3
MpP1p11,RB,272,3
MpP1p11,RB,276,1
MpP1p11,RB,280,1
MpP1p11,RB,284,1
MpP1p11,RB,288,3
MpP1p11,RB,292,2
MpP1p11,RB,296,4
MpP1p11,RB,300,4
MpP1p11,RB,304,4
MpP1p11,RB,308,4
MpP1p11,RB,312,0
MpP1p11,RB,316,2
MpP1p11,RB,320,2
MpP1p11,RB,324,1
MpP1p11,RB,328,1
MpP1p11,RB,332,1
MpP1p11,RB,336,2
MpP1p11,RB,340,4
MpP1p11,RB,344,2
MpP1p11,RB,348,3
MpP1p11,RB,352,3
MpP1p11,RB,356,1
MpP1p11,RB,360,0
MpP1p11,RB,364,1
MpP1p11,RB,368,3
MpP1p11,RB,372,1
MpP1p11,RB,376,2
MpP1p11,RB,380,2
MpP1p11,RB,384,1
MpP1p11,RB,388,3
MpP1p11,RB,392,3
MpP1p11,RB,396,3
MpP1p11,RB,400,2
MpP1p11,RB,404,1
MpP1p11,RB,408,2
MpP1p11,RB,412,3
MpP1p11,RB,416,2
MpP1p11,RB,420,2
MpP1p11,RB,424,1
MpP1p11,RB,428,0
MpP1p11,RB,432,1
MpP1p11,RB,436,0
MpP1p11,RB,440,0
MpP1p11,RB,444,1
MpP1p11,RB,448,1
MpP1p11,RB,452,2
MpP1p11,RB,456,0
MpP1p11,RB,460,1
MpP1p11,RB,464,2
MpP1p11,RB,468,2
MpP1p11,RB,472,0
MpP1p11,RB,476,1
MpP1p11,RB,480,2
MpP1p11,RB,484,2
MpP1p11,RB,488,3
MpP1p11,RB,492,3
MpP1p11,RB,496,2
MpP1p11,RB,500,3
MpP1p11,RB,504,4
MpP1p11,RB,508,4
MpP1p11,RB,512,3
MpP1p11,RB,516,2
MpP1p11,RB,520,1
MpP1p11,RB,524,0
MpP1p11,RB,528,3
MpP1p11,RB,532,1
MpP1p11,RB,536,1
MpP1p11,RB,540,2
MpP1p11,RB,544,2
MpP1p11,RB,548,1
MpP1p11,RB,552,2
MpP1p11,RB,556,1
MpP1p11,RB,560,2
MpP1p11,RB,564,1
MpP1p11,RB,568,3
MpP1p11,RB,572,2
MpP1p11,RB,576,1
MpP1p11,RB,580,2
MpP1p11,RB,584,1
MpP1p11,RB,588,1
MpP1p11,RB,592,1
MpP1p11,RB,596,0
MpP1p11,RB,600,1
MpP1p11,RB,604,2
MpP1p11,RB,608,0
MpP1p11,RB,612,0
MpP1p11,RB,616,1
MpP1p11,RB,620,2
MpP1p11,RB,624,2
MpP1p11,RB,628,1
MpP1p11,RB,632,0
MpP1p11,RB,636,3
MpP1p11,RB,640,3
MpP1p11,RB,644,1
MpP1p11,RB,648,2
MpP1p11,RB,652,3
MpP1p11,RB,656,3
MpP1p11,RB,660,2
MpP1p11,RB,664,2
MpP1p11,RB,668,3
MpP1p11,RB,672,2
MpP1p11,RB,676,1
MpP1p11,RB,680,0
MpP1p11,RB,684,2
MpP1p11,RB,688,3
MpP1p11,RB,692,1
MpP1p11,RB,696,1
MpP1p11,RB,700,2
MpP1p11,RB,704,2
MpP1p11,RB,708,1
MpP1p11,RB,712,1
MpP1p11,RB,716,0
MpP1p11,RB,720,2
MpP1p11,RB,724,0
MpP1p11,RB,728,1
MpP1p11,RB,732,2
MpP1p11,RB,736,1
MpP1p11,RB,740,0
MpP1p11,RB,744,1
MpP1p11,RB,748,3
MpP1p11,RB,752,1
MpP1p11,RB,756,1
MpP1p11,RB,760,3
MpP1p11,RB,764,2
MpP1p11,RB,768,3
MpP1p11,RB,772,0
MpP1p11,RB,776,0
MpP1p11,RB,780,2
MpP1p11,RB,784,2
MpP1p11,RB,788,1
MpP1p11,RB,792,3
MpP1p11,RB,796,0
MpP1p11,RB,800,1
MpP1p11,RB,804,1
MpP1p11,RB,808,4
MpP1p11,RB,812,2
MpP1p11,RB,816,2
MpP1p11,RB,820,2
MpP1p11,RB,824,0
MpP1p11,RB,828,3
MpP1p11,RB,832,3
MpP1p11,RB,836,4
MpP1p11,RB,840,2
MpP1p11,RB,844,5
MpP1p11,RB,848,6
MpP1p11,RB,852,3
MpP1p11,RB,856,4
MpP1p11,RB,860,3
MpP1p11,RB,864,2
MpP1p11,RB,868,2
MpP1p11,RB,872,2
MpP1p11,RB,876,1
MpP1p11,RB,880,2
MpP1p11,RB,884,2
MpP1p11,RB,888,2
MpP1p11,RB,892,3
MpP1p11,RB,896,1
MpP1p11,RB,900,0
MpP1p11,RB,904,1
MpP1p11,RB,908,2
MpP1p11,RB,912,2
MpP1p11,RB,916,2
MpP1p11,RB,920,2
MpP1p11,RB,924,1
MpP1p11,RB,928,2
MpP1p11,RB,932,5
MpP1p11,RB,936,5
MpP1p11,RB,940,3
MpP1p11,RB,944,4
MpP1p11,RB,948,3
MpP1p11,RB,952,3
MpP1p11,RB,956,3
MpP1p11,RB,960,3
MpP1p11,RB,964,4
MpP1p11,RB,968,3
MpP1p11,RB,972,7
MpP1p11,RB,976,4
MpP1p11,RB,980,4
MpP1p11,RB,984,5
MpP1p11,RB,988,4
MpP1p11,RB,992,4
MpP1p11,RB,996,3
MpP1p11,RB,1000,4
MpP1p11,RB,1004,6
MpP1p11,RB,1008,3
MpP1p11,RB,1012,4
MpP1p11,RB,1016,4
MpP1p11,RB,1020,8
MpP1p11,RB,1024,5
MpP1p11,RB,1028,3
MpP1p11,RB,1032,1
MpP1p11,RB,1036,4
MpP1p11,RB,1040,9
MpP1p11,RB,1044,5
MpP1p11,RB,1048,5
MpP1p11,RB,1052,4
MpP1p11,RB,1056,6
MpP1p11,RB,1060,9
MpP1p11,RB,1064,7
MpP1p11,RB,1068,8
MpP1p11,RB,1072,6
MpP1p11,RB,1076,6
MpP1p11,RB,1080,6
MpP1p11,RB,1084,5
MpP1p11,RB,1088,5
MpP1p11,RB,1092,10
MpP1p11,RB,1096,8
MpP1p11,RB,1100,7
MpP1p11,RB,1104,10
MpP1p11,RB,1108,5
MpP1p11,RB,1112,6
MpP1p11,RB,1116,8
MpP1p11,RB,1120,5
MpP1p11,RB,1124,7
MpP1p11,RB,1128,9
MpP1p11,RB,1132,5
MpP1p11,RB,1136,9
MpP1p11,RB,1140,13
MpP1p11,RB,1144,9
MpP1p11,RB,1148,10
MpP1p11,RB,1152,7
MpP1p11,RB,1156,5
MpP1p11,RB,1160,8
MpP1p11,RB,1164,6
MpP1p11,RB,1168,5
MpP1p11,RB,1172,6
MpP1p11,RB,1176,7
MpP1p11,RB,1180,8
MpP1p11,RB,1184,9
MpP1p11,RB,1188,10
MpP1p11,RB,1192,12
MpP1p11,RB,1196,8
MpP1p11,RB,1200,11
MpP1p11,RB,1204,12
MpP1p11,RB,1208,10
MpP1p11,RB,1212,14
MpP1p11,RB,1216,14
MpP1p11,RB,1220,9
MpP1p11,RB,1224,8
MpP1p11,RB,1228,4
MpP1p11,RB,1232,9
MpP1p11,RB,1236,10
MpP1p11,RB,1240,7
MpP1p11,RB,1244,8
MpP1p11,RB,1248,6
MpP1p11,RB,1252,9
MpP1p11,RB,1256,8
MpP1p11,RB,1260,7
MpP1p11,RB,1264,5
MpP1p11,RB,1268,2
MpP1p11,RB,1272,3
MpP1p11,RB,1276,5
MpP1p11,RB,1280,4
MpP1p11,RB,1284,5
MpP1p11,RB,1288,5
MpP1p11,RB,1292,3
MpP1p11,RB,1296,4
MpP1p11,RB,1300,2
MpP1p11,RB,1304,3
MpP1p11,RB,1308,2
MpP1p11,RB,1312,0
MpP1p11,RB,1316,0
MpP1p11,RB,1320,0
MpP1p11,RB,1324,0
MpP1p11,RB,1328,0
MpP1p11,RB,1332,0
MpP1p11,RB,1336,0
MpP1p11,RB,1340,0
MpP1p11,RB,1344,0
MpP1p11,RB,1348,0
MpP1p11,RB,1352,0
MpP1p11,RB,1356,0
MpP1p11,RB,1360,0
MpP1p11,RB,1364,0
MpP1p11,RB,1368,0
MpP1p11,RB,1372,0
MpP1p11,RB,1376,0
MpP1p11,RB,1380,0
MpP1p11,RB,1384,0
MpP1p11,RB,1388,0
MpP1p11,RB,1392,0
MpP1p11,RB,1396,0
MpP1p11,RB,1400,0
MpP1p11,RB,1404,0
MpP1p11,RB,1408,0
MpP1p11,RB,1412,0
MpP1p11,RB,1416,0
MpP1p11,RB,1420,0
MpP1p11,RB,1424,0
MpP1p11,RB,1428,0
MpP1p11,RB,1432,0
MpP1p11,RB,1436,0
MpP1p11,RB,1440,0
MpP1p11,RB,1444,0
MpP1p11,RB,1448,0
MpP1p11,RB,1452,0
MpP1p11,RB,1456,0
MpP1p11,RB,1460,0
MpP1p11,RB,1464,0
MpP1p11,RB,1468,0
MpP1p11,RB,1472,0
MpP1p11,RB,1476,0
MpP1p11,RB,1480,0
MpP1p01,P,0,0
MpP1p01,P,4,0
MpP1p01,P,8,0
MpP1p01,P,12,0
MpP1p01,P,16,0
MpP1p01,P,20,0
MpP1p01,P,24,0
MpP1p01,P,28,0
MpP1p01,P,32,0
MpP1p01,P,36,0
MpP1p01,P,40,0
MpP1p01,P,44,0
MpP1p01,P,48,0
MpP1p01,P,52,0
MpP1p01,P,56,0
MpP1p01,P,60,0
MpP1p01,P,64,0
MpP1p01,P,68,0
MpP1p01,P,72,0
MpP1p01,P,76,0
MpP1p01,P,80,0
MpP1p01,P,84,0
MpP1p01,P,88,0
MpP1p01,P,92,0
MpP1p01,P,96,0
MpP1p01,P,100,0
MpP1p01,P,104,0
MpP1p01,P,108,0
MpP1p01,P,112,0
MpP1p01,P,116,0
MpP1p01,P,120,0
MpP1p01,P,124,0
MpP1p01,P,128,0
MpP1p01,P,132,0
MpP1p01,P,136,0
MpP1p01,P,140,0
MpP1p01,P,144,0
MpP1p01,P,148,0
MpP1p01,P,152,0
MpP1p01,P,156,0
MpP1p01,P,160,0
MpP1p01,P,164,0
MpP1p01,P,168,0
MpP1p01,P,172,0
MpP1p01,P,176,0
MpP1p01,P,180,0
MpP1p01,P,184,0
MpP1p01,P,188,0
MpP1p01,P,192,0
MpP1p01,P,196,0
MpP1p01,P,200,0
MpP1p01,P,204,0
MpP1p01,P,208,0
MpP1p01,P,212,1
MpP1p01,P,216,1
MpP1p01,P,220,1
MpP1p01,P,224,1
MpP1p01,P,228,1
MpP1p01,P,232,1
MpP1p01,P,236,1
MpP1p01,P,240,1
MpP1p01,P,244,1
MpP1p01,P,248,1
MpP1p01,P,252,1
MpP1p01,P,256,1
MpP1p01,P,260,1
MpP1p01,P,264,1
MpP1p01,P,268,1
MpP1p01,P,272,1
MpP1p01,P,276,1
MpP1p01,P,280,1
MpP1p01,P,284,1
MpP1p01,P,288,1
MpP1p01,P,292,1
MpP1p01,P,296,1
MpP1p01,P,300,1
MpP1p01,P,304,1
MpP1p01,P,308,3
MpP1p01,P,312,3
MpP1p01,P,316,3
MpP1p01,P,320,3
MpP1p01,P,324,3
MpP1p01,P,328,3
MpP1p01,P,332,4
MpP1p01,P,336,4
MpP1p01,P,340,4
MpP1p01,P,344,4
MpP1p01,P,348,4
MpP1p01,P,352,4
MpP1p01,P,356,4
MpP1p01,P,360,4
MpP1p01,P,364,4
MpP1p01,P,368,4
MpP1p01,P,372,4
MpP1p01,P,376,5
MpP1p01,P,380,6
MpP1p01,P,384,6
MpP1p01,P,388,6
MpP1p01,P,392,7
MpP1p01,P,396,7
MpP1p01,P,400,7
MpP1p01,P,404,7
MpP1p01,P,408,8
MpP1p01,P,412,8
MpP1p01,P,416,8
MpP1p01,P,420,8
MpP1p01,P,424,8
MpP1p01,P,428,8
MpP1p01,P,432,9
MpP1p01,P,436,9
MpP1p01,P,440,10
MpP1p01,P,444,10
MpP1p01,P,448,10
MpP1p01,P,452,10
MpP1p01,P,456,10
MpP1p01,P,460,10
MpP1p01,P,464,12
MpP1p01,P,468,13
MpP1p01,P,472,14
MpP1p01,P,476,15
MpP1p01,P,480,15
MpP1p01,P,484,15
MpP1p01,P,488,16
MpP1p01,P,492,16
MpP1p01,P,496,16
MpP1p01,P,500,16
MpP1p01,P,504,17
MpP1p01,P,508,17
MpP1p01,P,512,17
MpP1p01,P,516,17
MpP1p01,P,520,17
MpP1p01,P,524,17
MpP1p01,P,528,17
MpP1p01,P,532,17
MpP1p01,P,536,18
MpP1p01,P,540,18
MpP1p01,P,544,21
MpP1p01,P,548,21
MpP1p01,P,552,23
MpP1p01,P,556,24
MpP1p01,P,560,24
MpP1p01,P,564,24
MpP1p01,P,568,24
MpP1p01,P,572,24
MpP1p01,P,576,24
MpP1p01,P,580,24
MpP1p01,P,584,24
MpP1p01,P,588,25
MpP1p01,P,592,25
MpP1p01,P,596,25
MpP1p01,P,600,28
MpP1p01,P,604,28
MpP1p01,P,608,29
MpP1p01,P,612,29
MpP1p01,P,616,29
MpP1p01,P,620,29
MpP1p01,P,624,29
MpP1p01,P,628,29
MpP1p01,P,632,29
MpP1p01,P,636,29
MpP1p01,P,640,33
MpP1p01,P,644,33
MpP1p01,P,648,34
MpP1p01,P,652,34
MpP1p01,P,656,34
MpP1p01,P,660,34
MpP1p01,P,664,35
MpP1p01,P,668,36
MpP1p01,P,672,36
MpP1p01,P,676,36
MpP1p01,P,680,37
MpP1p01,P,684,37
MpP1p01,P,688,39
MpP1p01,P,692,39
MpP1p01,P,696,39
MpP1p01,P,700,39
MpP1p01,P,704,40
MpP1p01,P,708,40
MpP1p01,P,712,40
MpP1p01,P,716,40
MpP1p01,P,720,41
MpP1p01,P,724,41
MpP1p01,P,728,41
MpP1p01,P,732,41
MpP1p01,P,736,41
MpP1p01,P,740,41
MpP1p01,P,744,41
MpP1p01,P,748,41
MpP1p01,P,752,41
MpP1p01,P,756,42
MpP1p01,P,760,43
MpP1p01,P,764,43
MpP1p01,P,768,44
MpP1p01,P,772,44
MpP1p01,P,776,44
MpP1p01,P,780,44
MpP1p01,P,784,44
MpP1p01,P,788,44
MpP1p01,P,792,44
MpP1p01,P,796,44
MpP1p01,P,800,44
MpP1p01,P,804,45
MpP1p01,P,808,45
MpP1p01,P,812,45
MpP1p01,P,816,45
MpP1p01,P,820,48
MpP1p01,P,824,48
MpP1p01,P,828,49
MpP1p01,P,832,49
MpP1p01,P,836,49
MpP1p01,P,840,49
MpP1p01,P,844,51
MpP1p01,P,848,51
MpP1p01,P,852,51
MpP1p01,P,856,52
MpP1p01,P,860,52
MpP1p01,P,864,53
MpP1p01,P,868,53
MpP1p01,P,872,54
MpP1p01,P,876,54
MpP1p01,P,880,54
MpP1p01,P,884,54
MpP1p01,P,888,55
MpP1p01,P,892,55
MpP1p01,P,896,55
MpP1p01,P,900,55
MpP1p01,P,904,57
MpP1p01,P,908,57
MpP1p01,P,912,58
MpP1p01,P,916,59
MpP1p01,P,920,59
MpP1p01,P,924,59
MpP1p01,P,928,59
MpP1p01,P,932,60
MpP1p01,P,936,60
MpP1p01,P,940,61
MpP1p01,P,944,62
MpP1p01,P,948,64
MpP1p01,P,952,66
MpP1p01,P,956,66
MpP1p01,P,960,66
MpP1p01,P,964,66
MpP1p01,P,968,68
MpP1p01,P,972,69
MpP1p01,P,976,71
MpP1p01,P,980,72
MpP1p01,P,984,73
MpP1p01,P,988,74
MpP1p01,P,992,75
MpP1p01,P,996,75
MpP1p01,P,1000,76
MpP1p01,P,1004,76
MpP1p01,P,1008,76
MpP1p01,P,1012,77
MpP1p01,P,1016,78
MpP1p01,P,1020,79
MpP1p01,P,1024,79
MpP1p01,P,1028,79
MpP1p01,P,1032,79
MpP1p01,P,1036,81
MpP1p01,P,1040,82
MpP1p01,P,1044,83
MpP1p01,P,1048,84
MpP1p01,P,1052,85
MpP1p01,P,1056,85
MpP1p01,P,1060,85
MpP1p01,P,1064,86
MpP1p01,P,1068,87
MpP1p01,P,1072,90
MpP1p01,P,1076,92
MpP1p01,P,1080,93
MpP1p01,P,1084,93
MpP1p01,P,1088,94
MpP1p01,P,1092,94
MpP1p01,P,1096,95
MpP1p01,P,1100,96
MpP1p01,P,1104,98
MpP1p01,P,1108,98
MpP1p01,P,1112,99
MpP1p01,P,1116,100
MpP1p01,P,1120,104
MpP1p01,P,1124,104
MpP1p01,P,1128,106
MpP1p01,P,1132,109
MpP1p01,P,1136,111
MpP1p01,P,1140,113
MpP1p01,P,1144,117
MpP1p01,P,1148,120
MpP1p01,P,1152,122
MpP1p01,P,1156,123
MpP1p01,P,1160,125
MpP1p01,P,1164,127
MpP1p01,P,1168,128
MpP1p01,P,1172,130
MpP1p01,P,1176,134
MpP1p01,P,1180,137
MpP1p01,P,1184,137
MpP1p01,P,1188,140
MpP1p01,P,1192,140
MpP1p01,P,1196,141
MpP1p01,P,1200,142
MpP1p01,P,1204,145
MpP1p01,P,1208,148
MpP1p01,P,1212,150
MpP1p01,P,1216,153
MpP1p01,P,1220,156
MpP1p01,P,1224,158
MpP1p01,P,1228,160
MpP1p01,P,1232,165
MpP1p01,P,1236,167
MpP1p01,P,1240,170
MpP1p01,P,1244,173
MpP1p01,P,1248,173
MpP1p01,P,1252,176
MpP1p01,P,1256,184
MpP1p01,P,1260,187
MpP1p01,P,1264,190
MpP1p01,P,1268,190
MpP1p01,P,1272,193
MpP1p01,P,1276,194
MpP1p01,P,1280,197
MpP1p01,P,1284,199
MpP1p01,P,1288,203
MpP1p01,P,1292,206
MpP1p01,P,1296,211
MpP1p01,P,1300,213
MpP1p01,P,1304,203
MpP1p01,P,1308,201
MpP1p01,P,1312,186
MpP1p01,P,1316,180
MpP1p01,P,1320,154
MpP1p01,P,1324,130
MpP1p01,P,1328,115
MpP1p01,P,1332,101
MpP1p01,P,1336,78
MpP1p01,P,1340,53
MpP1p01,P,1344,19
MpP1p01,P,1348,4
MpP1p01,P,1352,0
MpP1p01,P,1356,0
MpP1p01,P,1360,0
MpP1p01,P,1364,0
MpP1p01,P,1368,0
MpP1p01,P,1372,0
MpP1p01,P,1376,0
MpP1p01,P,1380,0
MpP1p01,P,1384,0
MpP1p01,P,1388,0
MpP1p01,P,1392,0
MpP1p01,P,1396,0
MpP1p01,P,1400,0
MpP1p01,P,1404,0
MpP1p01,P,1408,0
MpP1p01,P,1412,0
MpP1p01,P,1416,0
MpP1p01,P,1420,0
MpP1p01,P,1424,0
MpP1p01,P,1428,0
MpP1p01,P,1432,0
MpP1p01,P,1436,0
MpP1p01,P,1440,0
MpP1p01,P,1444,0
MpP1p01,P,1448,0
MpP1p01,P,1452,0
MpP1p01,P,1456,0
MpP1p01,P,1460,0
MpP1p01,P,1464,0
MpP1p01,P,1468,0
MpP1p01,P,1472,0
MpP1p01,P,1476,0
MpP1p01,P,1480,0
MpP1p02,P,0,0
MpP1p02,P,4,0
MpP1p02,P,8,0
MpP1p02,P,12,0
MpP1p02,P,16,0
MpP1p02,P,20,0
MpP1p02,P,24,0
MpP1p02,P,28,0
MpP1p02,P,32,0
MpP1p02,P,36,0
MpP1p02,P,40,0
MpP1p02,P,44,0
MpP1p02,P,48,0
MpP1p02,P,52,0
MpP1p02,P,56,0
MpP1p02,P,60,0
MpP1p02,P,64,0
MpP1p02,P,68,1
MpP1p02,P,72,1
MpP1p02,P,76,1
MpP1p02,P,80,2
MpP1p02,P,84,2
MpP1p02,P,88,3
MpP1p02,P,92,3
MpP1p02,P,96,5
MpP1p02,P,100,5
MpP1p02,P,104,5
MpP1p02,P,108,5
MpP1p02,P,112,6
MpP1p02,P,116,6
MpP1p02,P,120,6
MpP1p02,P,124,7
MpP1p02,P,128,7
MpP1p02,P,132,7
MpP1p02,P,136,8
MpP1p02,P,140,8
MpP1p02,P,144,9
MpP1p02,P,148,9
MpP1p02,P,152,12
MpP1p02,P,156,12
MpP1p02,P,160,14
MpP1p02,P,164,14
MpP1p02,P,168,15
MpP1p02,P,172,15
MpP1p02,P,176,17
MpP1p02,P,180,18
MpP1p02,P,184,18
MpP1p02,P,188,18
MpP1p02,P,192,18
MpP1p02,P,196,19
MpP1p02,P,200,19
MpP1p02,P,204,20
MpP1p02,P,208,20
MpP1p02,P,212,20
MpP1p02,P,216,22
MpP1p02,P,220,22
MpP1p02,P,224,23
MpP1p02,P,228,25
MpP1p02,P,232,25
MpP1p02,P,236,26
MpP1p02,P,240,26
MpP1p02,P,244,28
MpP1p02,P,248,29
MpP1p02,P,252,32
MpP1p02,P,256,34
MpP1p02,P,260,34
MpP1p02,P,264,35
MpP1p02,P,268,37
MpP1p02,P,272,37
MpP1p02,P,276,40
MpP1p02,P,280,45
MpP1p02,P,284,45
MpP1p02,P,288,46
MpP1p02,P,292,47
MpP1p02,P,296,47
MpP1p02,P,300,47
MpP1p02,P,304,49
MpP1p02,P,308,49
MpP1p02,P,312,49
MpP1p02,P,316,49
MpP1p02,P,320,49
MpP1p02,P,324,52
MpP1p02,P,328,52
MpP1p02,P,332,53
MpP1p02,P,336,54
MpP1p02,P,340,54
MpP1p02,P,344,57
MpP1p02,P,348,58
MpP1p02,P,352,58
MpP1p02,P,356,58
MpP1p02,P,360,60
MpP1p02,P,364,61
MpP1p02,P,368,61
MpP1p02,P,372,62
MpP1p02,P,376,63
MpP1p02,P,380,63
MpP1p02,P,384,65
MpP1p02,P,388,66
MpP1p02,P,392,66
MpP1p02,P,396,68
MpP1p02,P,400,70
MpP1p02,P,404,71
MpP1p02,P,408,72
MpP1p02,P,412,74
MpP1p02,P,416,75
MpP1p02,P,420,76
MpP1p02,P,424,77
MpP1p02,P,428,79
MpP1p02,P,432,80
MpP1p02,P,436,83
MpP1p02,P,440,85
MpP1p02,P,444,88
MpP1p02,P,448,90
MpP1p02,P,452,91
MpP1p02,P,456,94
MpP1p02,P,460,95
MpP1p02,P,464,97
MpP1p02,P,468,98
MpP1p02,P,472,98
MpP1p02,P,476,99
MpP1p02,P,480,100
MpP1p02,P,484,100
MpP1p02,P,488,100
MpP1p02,P,492,101
MpP1p02,P,496,102
MpP1p02,P,500,104
MpP1p02,P,504,105
MpP1p02,P,508,108
MpP1p02,P,512,108
MpP1p02,P,516,108
MpP1p02,P,520,111
MpP1p02,P,524,113
MpP1p02,P,528,115
MpP1p02,P,532,116
MpP1p02,P,536,117
MpP1p02,P,540,121
MpP1p02,P,544,121
MpP1p02,P,548,121
MpP1p02,P,552,124
MpP1p02,P,556,127
MpP1p02,P,560,129
MpP1p02,P,564,130
MpP1p02,P,568,133
MpP1p02,P,572,135
MpP1p02,P,576,136
MpP1p02,P,580,139
MpP1p02,P,584,140
MpP1p02,P,588,143
MpP1p02,P,592,144
MpP1p02,P,596,145
MpP1p02,P,600,145
MpP1p02,P,604,147
MpP1p02,P,608,147
MpP1p02,P,612,148
MpP1p02,P,616,150
MpP1p02,P,620,152
MpP1p02,P,624,154
MpP1p02,P,628,155
MpP1p02,P,632,158
MpP1p02,P,636,158
MpP1p02,P,640,163
MpP1p02,P,644,166
MpP1p02,P,648,167
MpP1p02,P,652,168
MpP1p02,P,656,168
MpP1p02,P,660,168
MpP1p02,P,664,173
MpP1p02,P,668,175
MpP1p02,P,672,177
MpP1p02,P,676,178
MpP1p02,P,680,181
MpP1p02,P,684,183
MpP1p02,P,688,186
MpP1p02,P,692,190
MpP1p02,P,696,192
MpP1p02,P,700,192
MpP1p02,P,704,195
MpP1p02,P,708,198
MpP1p02,P,712,200
MpP1p02,P,716,202
MpP1p02,P,720,204
MpP1p02,P,724,206
MpP1p02,P,728,210
MpP1p02,P,732,215
MpP1p02,P,736,217
MpP1p02,P,740,220
MpP1p02,P,744,221
MpP1p02,P,748,222
MpP1p02,P,752,224
MpP1p02,P,756,228
MpP1p02,P,760,231
MpP1p02,P,764,235
MpP1p02,P,768,239
MpP1p02,P,772,241
MpP1p02,P,776,243
MpP1p02,P,780,246
MpP1p02,P,784,247
MpP1p02,P,788,249
MpP1p02,P,792,254
MpP1p02,P,796,258
MpP1p02,P,800,260
MpP1p02,P,804,262
MpP1p02,P,808,262
MpP1p02,P,812,266
MpP1p02,P,816,268
MpP1p02,P,820,272
MpP1p02,P,824,274
MpP1p02,P,828,277
MpP1p02,P,832,280
MpP1p02,P,836,282
MpP1p02,P,840,284
MpP1p02,P,844,286
MpP1p02,P,848,287
MpP1p02,P,852,290
MpP1p02,P,856,295
MpP1p02,P,860,298
MpP1p02,P,864,300
MpP1p02,P,868,306
MpP1p02,P,872,310
MpP1p02,P,876,312
MpP1p02,P,880,316
MpP1p02,P,884,319
MpP1p02,P,888,321
MpP1p02,P,892,322
MpP1p02,P,896,324
MpP1p02,P,900,328
MpP1p02,P,904,329
MpP1p02,P,908,334
MpP1p02,P,912,337
MpP1p02,P,916,339
MpP1p02,P,920,343
MpP1p02,P,924,351
MpP1p02,P,928,353
MpP1p02,P,932,360
MpP1p02,P,936,364
MpP1p02,P,940,366
MpP1p02,P,944,374
MpP1p02,P,948,376
MpP1p02,P,952,384
MpP1p02,P,956,388
MpP1p02,P,960,395
MpP1p02,P,964,398
MpP1p02,P,968,400
MpP1p02,P,972,404
MpP1p02,P,976,407
MpP1p02,P,980,409
MpP1p02,P,984,415
MpP1p02,P,988,417
MpP1p02,P,992,421
MpP1p02,P,996,428
MpP1p02,P,1000,429
MpP1p02,P,1004,434
MpP1p02,P,1008,437
MpP1p02,P,1012,444
MpP1p02,P,1016,449
MpP1p02,P,1020,455
MpP1p02,P,1024,459
MpP1p02,P,1028,464
MpP1p02,P,1032,469
MpP1p02,P,1036,473
MpP1p02,P,1040,474
MpP1p02,P,1044,481
MpP1p02,P,1048,486
MpP1p02,P,1052,488
MpP1p02,P,1056,494
MpP1p02,P,1060,497
MpP1p02,P,1064,502
MpP1p02,P,1068,506
MpP1p02,P,1072,515
MpP1p02,P,1076,517
MpP1p02,P,1080,519
MpP1p02,P,1084,526
MpP1p02,P,1088,531
MpP1p02,P,1092,533
MpP1p02,P,1096,543
MpP1p02,P,1100,550
MpP1p02,P,1104,557
MpP1p02,P,1108,566
MpP1p02,P,1112,568
MpP1p02,P,1116,578
MpP1p02,P,1120,584
MpP1p02,P,1124,589
MpP1p02,P,1128,594
MpP1p02,P,1132,601
MpP1p02,P,1136,611
MpP1p02,P,1140,616
MpP1p02,P,1144,620
MpP1p02,P,1148,628
MpP1p02,P,1152,637
MpP1p02,P,1156,640
MpP1p02,P,1160,645
MpP1p02,P,1164,650
MpP1p02,P,1168,659
MpP1p02,P,1172,664
MpP1p02,P,1176,672
MpP1p02,P,1180,678
MpP1p02,P,1184,689
MpP1p02,P,1188,697
MpP1p02,P,1192,710
MpP1p02,P,1196,716
MpP1p02,P,1200,722
MpP1p02,P,1204,728
MpP1p02,P,1208,734
MpP1p02,P,1212,741
MpP1p02,P,1216,745
MpP1p02,P,1220,754
MpP1p02,P,1224,761
MpP1p02,P,1228,767
MpP1p02,P,1232,769
MpP1p02,P,1236,783
MpP1p02,P,1240,755
MpP1p02,P,1244,764
MpP1p02,P,1248,771
MpP1p02,P,1252,778
MpP1p02,P,1256,785
MpP1p02,P,1260,793
MpP1p02,P,1264,802
MpP1p02,P,1268,810
MpP1p02,P,1272,819
MpP1p02,P,1276,821
MpP1p02,P,1280,830
MpP1p02,P,1284,834
MpP1p02,P,1288,841
MpP1p02,P,1292,846
MpP1p02,P,1296,831
MpP1p02,P,1300,838
MpP1p02,P,1304,767
MpP1p02,P,1308,721
MpP1p02,P,1312,675
MpP1p02,P,1316,640
MpP1p02,P,1320,557
MpP1p02,P,1324,429
MpP1p02,P,1328,375
MpP1p02,P,1332,318
MpP1p02,P,1336,238
MpP1p02,P,1340,142
MpP1p02,P,1344,41
MpP1p02,P,1348,1
MpP1p02,P,1352,0
MpP1p02,P,1356,0
MpP1p02,P,1360,0
MpP1p02,P,1364,0
MpP1p02,P,1368,0
MpP1p02,P,1372,0
MpP1p02,P,1376,0
MpP1p02,P,1380,0
MpP1p02,P,1384,0
MpP1p02,P,1388,0
MpP1p02,P,1392,0
MpP1p02,P,1396,0
MpP1p02,P,1400,0
MpP1p02,P,1404,0
MpP1p02,P,1408,0
MpP1p02,P,1412,0
MpP1p02,P,1416,0
MpP1p02,P,1420,0
MpP1p02,P,1424,0
MpP1p02,P,1428,0
MpP1p02,P,1432,0
MpP1p02,P,1436,0
MpP1p02,P,1440,0
MpP1p02,P,1444,0
MpP1p02,P,1448,0
MpP1p02,P,1452,0
MpP1p02,P,1456,0
MpP1p02,P,1460,0
MpP1p02,P,1464,0
MpP1p02,P,1468,0
MpP1p02,P,1472,0
MpP1p02,P,1476,0
MpP1p02,P,1480,0
MpP1p03,P,0,0
MpP1p03,P,4,0
MpP1p03,P,8,0
MpP1p03,P,12,0
MpP1p03,P,16,0
MpP1p03,P,20,0
MpP1p03,P,24,0
MpP1p03,P,28,0
MpP1p03,P,32,0
MpP1p03,P,36,0
MpP1p03,P,40,0
MpP1p03,P,44,0
MpP1p03,P,48,0
MpP1p03,P,52,0
MpP1p03,P,56,0
MpP1p03,P,60,0
MpP1p03,P,64,0
MpP1p03,P,68,0
MpP1p03,P,72,0
MpP1p03,P,76,0
MpP1p03,P,80,0
MpP1p03,P,84,0
MpP1p03,P,88,0
MpP1p03,P,92,0
MpP1p03,P,96,0
MpP1p03,P,100,0
MpP1p03,P,104,0
MpP1p03,P,108,0
MpP1p03,P,112,0
MpP1p03,P,116,0
MpP1p03,P,120,0
MpP1p03,P,124,0
MpP1p03,P,128,0
MpP1p03,P,132,0
MpP1p03,P,136,0
MpP1p03,P,140,0
MpP1p03,P,144,0
MpP1p03,P,148,0
MpP1p03,P,152,0
MpP1p03,P,156,0
MpP1p03,P,160,0
MpP1p03,P,164,0
MpP1p03,P,168,0
MpP1p03,P,172,0
MpP1p03,P,176,0
MpP1p03,P,180,0
MpP1p03,P,184,0
MpP1p03,P,188,0
MpP1p03,P,192,0
MpP1p03,P,196,1
MpP1p03,P,200,1
MpP1p03,P,204,1
MpP1p03,P,208,2
MpP1p03,P,212,4
MpP1p03,P,216,5
MpP1p03,P,220,5
MpP1p03,P,224,5
MpP1p03,P,228,5
MpP1p03,P,232,5
MpP1p03,P,236,5
MpP1p03,P,240,5
MpP1p03,P,244,5
MpP1p03,P,248,5
MpP1p03,P,252,7
MpP1p03,P,256,8
MpP1p03,P,260,9
MpP1p03,P,264,10
MpP1p03,P,268,10
MpP1p03,P,272,11
MpP1p03,P,276,11
MpP1p03,P,280,11
MpP1p03,P,284,11
MpP1p03,P,288,11
MpP1p03,P,292,12
MpP1p03,P,296,12
MpP1p03,P,300,13
MpP1p03,P,304,14
MpP1p03,P,308,14
MpP1p03,P,312,16
MpP1p03,P,316,16
MpP1p03,P,320,17
MpP1p03,P,324,17
MpP1p03,P,328,18
MpP1p03,P,332,18
MpP1p03,P,336,21
MpP1p03,P,340,21
MpP1p03,P,344,22
MpP1p03,P,348,23
MpP1p03,P,352,23
MpP1p03,P,356,24
MpP1p03,P,360,26
MpP1p03,P,364,27
MpP1p03,P,368,28
MpP1p03,P,372,30
MpP1p03,P,376,31
MpP1p03,P,380,32
MpP1p03,P,384,32
MpP1p03,P,388,32
MpP1p03,P,392,32
MpP1p03,P,396,32
MpP1p03,P,400,33
MpP1p03,P,404,34
MpP1p03,P,408,34
MpP1p03,P,412,34
MpP1p03,P,416,35
MpP1p03,P,420,35
MpP1p03,P,424,37
MpP1p03,P,428,38
MpP1p03,P,432,38
MpP1p03,P,436,39
MpP1p03,P,440,40
MpP1p03,P,444,40
MpP1p03,P,448,40
MpP1p03,P,452,41
MpP1p03,P,456,41
MpP1p03,P,460,42
MpP1p03,P,464,42
MpP1p03,P,468,42
MpP1p03,P,472,44
MpP1p03,P,476,44
MpP1p03,P,480,45
MpP1p03,P,484,46
MpP1p03,P,488,46
MpP1p03,P,492,46
MpP1p03,P,496,47
MpP1p03,P,500,48
MpP1p03,P,504,49
MpP1p03,P,508,49
MpP1p03,P,512,50
MpP1p03,P,516,51
MpP1p03,P,520,52
MpP1p03,P,524,52
MpP1p03,P,528,54
MpP1p03,P,532,54
MpP1p03,P,536,56
MpP1p03,P,540,57
MpP1p03,P,544,59
MpP1p03,P,548,59
MpP1p03,P,552,59
MpP1p03,P,556,59
MpP1p03,P,560,59
MpP1p03,P,564,60
MpP1p03,P,568,60
MpP1p03,P,572,62
MpP1p03,P,576,63
MpP1p03,P,580,63
MpP1p03,P,584,65
MpP1p03,P,588,66
MpP1p03,P,592,66
MpP1p03,P,596,66
MpP1p03,P,600,66
MpP1p03,P,604,67
MpP1p03,P,608,67
MpP1p03,P,612,69
MpP1p03,P,616,69
MpP1p03,P,620,70
MpP1p03,P,624,72
MpP1p03,P,628,73
MpP1p03,P,632,75
MpP1p03,P,636,77
MpP1p03,P,640,77
MpP1p03,P,644,78
MpP1p03,P,648,79
MpP1p03,P,652,82
MpP1p03,P,656,84
MpP1p03,P,660,85
MpP1p03,P,664,86
MpP1p03,P,668,88
MpP1p03,P,672,89
MpP1p03,P,676,89
MpP1p03,P,680,89
MpP1p03,P,684,90
MpP1p03,P,688,92
MpP1p03,P,692,92
MpP1p03,P,696,93
MpP1p03,P,700,93
MpP1p03,P,704,93
MpP1p03,P,708,94
MpP1p03,P,712,94
MpP1p03,P,716,95
MpP1p03,P,720,95
MpP1p03,P,724,95
MpP1p03,P,728,96
MpP1p03,P,732,96
MpP1p03,P,736,96
MpP1p03,P,740,96
MpP1p03,P,744,96
MpP1p03,P,748,96
MpP1p03,P,752,96
MpP1p03,P,756,98
MpP1p03,P,760,99
MpP1p03,P,764,100
MpP1p03,P,768,101
MpP1p03,P,772,102
MpP1p03,P,776,102
MpP1p03,P,780,104
MpP1p03,P,784,105
MpP1p03,P,788,106
MpP1p03,P,792,107
MpP1p03,P,796,107
MpP1p03,P,800,107
MpP1p03,P,804,107
MpP1p03,P,808,109
MpP1p03,P,812,109
MpP1p03,P,816,109
MpP1p03,P,820,111
MpP1p03,P,824,113
MpP1p03,P,828,113
MpP1p03,P,832,113
MpP1p03,P,836,114
MpP1p03,P,840,116
MpP1p03,P,844,116
MpP1p03,P,848,118
MpP1p03,P,852,118
MpP1p03,P,856,119
MpP1p03,P,860,119
MpP1p03,P,864,119
MpP1p03,P,868,120
MpP1p03,P,872,122
MpP1p03,P,876,123
MpP1p03,P,880,126
MpP1p03,P,884,127
MpP1p03,P,888,129
MpP1p03,P,892,130
MpP1p03,P,896,130
MpP1p03,P,900,130
MpP1p03,P,904,131
MpP1p03,P,908,133
MpP1p03,P,912,135
MpP1p03,P,916,136
MpP1p03,P,920,138
MpP1p03,P,924,138
MpP1p03,P,928,139
MpP1p03,P,932,140
MpP1p03,P,936,141
MpP1p03,P,940,143
MpP1p03,P,944,145
MpP1p03,P,948,146
MpP1p03,P,952,147
MpP1p03,P,956,148
MpP1p03,P,960,148
MpP1p03,P,964,149
MpP1p03,P,968,150
MpP1p03,P,972,153
MpP1p03,P,976,156
MpP1p03,P,980,157
MpP1p03,P,984,159
MpP1p03,P,988,159
MpP1p03,P,992,159
MpP1p03,P,996,162
MpP1p03,P,1000,163
MpP1p03,P,1004,163
MpP1p03,P,1008,164
MpP1p03,P,1012,165
MpP1p03,P,1016,166
MpP1p03,P,1020,169
MpP1p03,P,1024,173
MpP1p03,P,1028,175
MpP1p03,P,1032,178
MpP1p03,P,1036,180
MpP1p03,P,1040,181
MpP1p03,P,1044,187
MpP1p03,P,1048,188
MpP1p03,P,1052,192
MpP1p03,P,1056,196
MpP1p03,P,1060,200
MpP1p03,P,1064,204
MpP1p03,P,1068,208
MpP1p03,P,1072,213
MpP1p03,P,1076,217
MpP1p03,P,1080,219
MpP1p03,P,1084,222
MpP1p03,P,1088,224
MpP1p03,P,1092,227
MpP1p03,P,1096,230
MpP1p03,P,1100,234
MpP1p03,P,1104,237
MpP1p03,P,1108,244
MpP1p03,P,1112,250
MpP1p03,P,1116,258
MpP1p03,P,1120,261
MpP1p03,P,1124,267
MpP1p03,P,1128,276
MpP1p03,P,1132,282
MpP1p03,P,1136,291
MpP1p03,P,1140,295
MpP1p03,P,1144,298
MpP1p03,P,1148,302
MpP1p03,P,1152,310
MpP1p03,P,1156,316
MpP1p03,P,1160,321
MpP1p03,P,1164,324
MpP1p03,P,1168,328
MpP1p03,P,1172,334
MpP1p03,P,1176,339
MpP1p03,P,1180,343
MpP1p03,P,1184,347
MpP1p03,P,1188,350
MpP1p03,P,1192,356
MpP1p03,P,1196,364
MpP1p03,P,1200,367
MpP1p03,P,1204,377
MpP1p03,P,1208,382
MpP1p03,P,1212,384
MpP1p03,P,1216,388
MpP1p03,P,1220,393
MpP1p03,P,1224,402
MpP1p03,P,1228,408
MpP1p03,P,1232,414
MpP1p03,P,1236,423
MpP1p03,P,1240,404
MpP1p03,P,1244,412
MpP1p03,P,1248,416
MpP1p03,P,1252,430
MpP1p03,P,1256,434
MpP1p03,P,1260,439
MpP1p03,P,1264,445
MpP1p03,P,1268,453
MpP1p03,P,1272,459
MpP1p03,P,1276,462
MpP1p03,P,1280,464
MpP1p03,P,1284,468
MpP1p03,P,1288,472
MpP1p03,P,1292,474
MpP1p03,P,1296,467
MpP1p03,P,1300,469
MpP1p03,P,1304,432
MpP1p03,P,1308,408
MpP1p03,P,1312,382
MpP1p03,P,1316,365
MpP1p03,P,1320,321
MpP1p03,P,1324,229
MpP1p03,P,1328,203
MpP1p03,P,1332,176
MpP1p03,P,1336,140
MpP1p03,P,1340,84
MpP1p03,P,1344,29
MpP1p03,P,1348,1
MpP1p03,P,1352,0
MpP1p03,P,1356,0
MpP1p03,P,1360,0
MpP1p03,P,1364,0
MpP1p03,P,1368,0
MpP1p03,P,1372,0
MpP1p03,P,1376,0
MpP1p03,P,1380,0
MpP1p03,P,1384,0
MpP1p03,P,1388,0
MpP1p03,P,1392,0
MpP1p03,P,1396,0
MpP1p03,P,1400,0
MpP1p03,P,1404,0
MpP1p03,P,1408,0
MpP1p03,P,1412,0
MpP1p03,P,1416,0
MpP1p03,P,1420,0
MpP1p03,P,1424,0
MpP1p03,P,1428,0
MpP1p03,P,1432,0
MpP1p03,P,1436,0
MpP1p03,P,1440,0
MpP1p03,P,1444,0
MpP1p03,P,1448,0
MpP1p03,P,1452,0
MpP1p03,P,1456,0
MpP1p03,P,1460,0
MpP1p03,P,1464,0
MpP1p03,P,1468,0
MpP1p03,P,1472,0
MpP1p03,P,1476,0
MpP1p03,P,1480,0
MpP1p04,P,0,0
MpP1p04,P,4,0
MpP1p04,P,8,0
MpP1p04,P,12,0
MpP1p04,P,16,0
MpP1p04,P,20,0
MpP1p04,P,24,0
MpP1p04,P,28,1
MpP1p04,P,32,1
MpP1p04,P,36,1
MpP1p04,P,40,1
MpP1p04,P,44,3
MpP1p04,P,48,4
MpP1p04,P,52,5
MpP1p04,P,56,5
MpP1p04,P,60,7
MpP1p04,P,64,7
MpP1p04,P,68,7
MpP1p04,P,72,8
MpP1p04,P,76,8
MpP1p04,P,80,11
MpP1p04,P,84,15
MpP1p04,P,88,15
MpP1p04,P,92,15
MpP1p04,P,96,15
MpP1p04,P,100,16
MpP1p04,P,104,16
MpP1p04,P,108,17
MpP1p04,P,112,18
MpP1p04,P,116,20
MpP1p04,P,120,21
MpP1p04,P,124,23
MpP1p04,P,128,23
MpP1p04,P,132,23
MpP1p04,P,136,24
MpP1p04,P,140,24
MpP1p04,P,144,24
MpP1p04,P,148,26
MpP1p04,P,152,27
MpP1p04,P,156,29
MpP1p04,P,160,29
MpP1p04,P,164,31
MpP1p04,P,168,31
MpP1p04,P,172,32
MpP1p04,P,176,33
MpP1p04,P,180,34
MpP1p04,P,184,36
MpP1p04,P,188,38
MpP1p04,P,192,39
MpP1p04,P,196,42
MpP1p04,P,200,44
MpP1p04,P,204,44
MpP1p04,P,208,47
MpP1p04,P,212,47
MpP1p04,P,216,48
MpP1p04,P,220,50
MpP1p04,P,224,50
MpP1p04,P,228,52
MpP1p04,P,232,53
MpP1p04,P,236,54
MpP1p04,P,240,56
MpP1p04,P,244,57
MpP1p04,P,248,57
MpP1p04,P,252,58
MpP1p04,P,256,59
MpP1p04,P,260,62
MpP1p04,P,264,64
MpP1p04,P,268,65
MpP1p04,P,272,68
MpP1p04,P,276,69
MpP1p04,P,280,71
MpP1p04,P,284,73
MpP1p04,P,288,73
MpP1p04,P,292,77
MpP1p04,P,296,78
MpP1p04,P,300,78
MpP1p04,P,304,81
MpP1p04,P,308,84
MpP1p04,P,312,85
MpP1p04,P,316,89
MpP1p04,P,320,93
MpP1p04,P,324,95
MpP1p04,P,328,96
MpP1p04,P,332,97
MpP1p04,P,336,99
MpP1p04,P,340,102
MpP1p04,P,344,105
MpP1p04,P,348,105
MpP1p04,P,352,111
MpP1p04,P,356,114
MpP1p04,P,360,118
MpP1p04,P,364,119
MpP1p04,P,368,123
MpP1p04,P,372,124
MpP1p04,P,376,124
MpP1p04,P,380,128
MpP1p04,P,384,128
MpP1p04,P,388,130
MpP1p04,P,392,133
MpP1p04,P,396,135
MpP1p04,P,400,138
MpP1p04,P,404,140
MpP1p04,P,408,141
MpP1p04,P,412,142
MpP1p04,P,416,144
MpP1p04,P,420,145
MpP1p04,P,424,147
MpP1p04,P,428,151
MpP1p04,P,432,153
MpP1p04,P,436,157
MpP1p04,P,440,158
MpP1p04,P,444,160
MpP1p04,P,448,161
MpP1p04,P,452,162
MpP1p04,P,456,162
MpP1p04,P,460,164
MpP1p04,P,464,166
MpP1p04,P,468,170
MpP1p04,P,472,173
MpP1p04,P,476,176
MpP1p04,P,480,176
MpP1p04,P,484,180
MpP1p04,P,488,181
MpP1p04,P,492,185
MpP1p04,P,496,186
MpP1p04,P,500,189
MpP1p04,P,504,192
MpP1p04,P,508,195
MpP1p04,P,512,196
MpP1p04,P,516,198
MpP1p04,P,520,199
MpP1p04,P,524,199
MpP1p04,P,528,201
MpP1p04,P,532,202
MpP1p04,P,536,204
MpP1p04,P,540,208
MpP1p04,P,544,209
MpP1p04,P,548,211
MpP1p04,P,552,215
MpP1p04,P,556,216
MpP1p04,P,560,219
MpP1p04,P,564,223
MpP1p04,P,568,225
MpP1p04,P,572,228
MpP1p04,P,576,230
MpP1p04,P,580,233
MpP1p04,P,584,234
MpP1p04,P,588,234
MpP1p04,P,592,235
MpP1p04,P,596,238
MpP1p04,P,600,240
MpP1p04,P,604,245
MpP1p04,P,608,247
MpP1p04,P,612,249
MpP1p04,P,616,252
MpP1p04,P,620,257
MpP1p04,P,624,258
MpP1p04,P,628,259
MpP1p04,P,632,260
MpP1p04,P,636,263
MpP1p04,P,640,265
MpP1p04,P,644,267
MpP1p04,P,648,268
MpP1p04,P,652,270
MpP1p04,P,656,271
MpP1p04,P,660,273
MpP1p04,P,664,274
MpP1p04,P,668,274
MpP1p04,P,672,276
MpP1p04,P,676,277
MpP1p04,P,680,280
MpP1p04,P,684,282
MpP1p04,P,688,283
MpP1p04,P,692,284
MpP1p04,P,696,284
MpP1p04,P,700,287
MpP1p04,P,704,288
MpP1p04,P,708,291
MpP1p04,P,712,294
MpP1p04,P,716,295
MpP1p04,P,720,297
MpP1p04,P,724,299
MpP1p04,P,728,302
MpP1p04,P,732,303
MpP1p04,P,736,305
MpP1p04,P,740,307
MpP1p04,P,744,310
MpP1p04,P,748,311
MpP1p04,P,752,312
MpP1p04,P,756,313
MpP1p04,P,760,314
MpP1p04,P,764,316
MpP1p04,P,768,319
MpP1p04,P,772,320
MpP1p04,P,776,321
MpP1p04,P,780,322
MpP1p04,P,784,323
MpP1p04,P,788,326
MpP1p04,P,792,327
MpP1p04,P,796,329
MpP1p04,P,800,329
MpP1p04,P,804,330
MpP1p04,P,808,330
MpP1p04,P,812,330
MpP1p04,P,816,332
MpP1p04,P,820,333
MpP1p04,P,824,336
MpP1p04,P,828,338
MpP1p04,P,832,339
MpP1p04,P,836,341
MpP1p04,P,840,345
MpP1p04,P,844,347
MpP1p04,P,848,349
MpP1p04,P,852,350
MpP1p04,P,856,351
MpP1p04,P,860,352
MpP1p04,P,864,353
MpP1p04,P,868,354
MpP1p04,P,872,355
MpP1p04,P,876,356
MpP1p04,P,880,357
MpP1p04,P,884,357
MpP1p04,P,888,359
MpP1p04,P,892,361
MpP1p04,P,896,364
MpP1p04,P,900,367
MpP1p04,P,904,370
MpP1p04,P,908,372
MpP1p04,P,912,375
MpP1p04,P,916,378
MpP1p04,P,920,380
MpP1p04,P,924,383
MpP1p04,P,928,388
MpP1p04,P,932,390
MpP1p04,P,936,394
MpP1p04,P,940,396
MpP1p04,P,944,396
MpP1p04,P,948,397
MpP1p04,P,952,402
MpP1p04,P,956,404
MpP1p04,P,960,407
MpP1p04,P,964,411
MpP1p04,P,968,413
MpP1p04,P,972,415
MpP1p04,P,976,419
MpP1p04,P,980,421
MpP1p04,P,984,424
MpP1p04,P,988,425
MpP1p04,P,992,429
MpP1p04,P,996,433
MpP1p04,P,1000,433
MpP1p04,P,1004,435
MpP1p04,P,1008,437
MpP1p04,P,1012,443
MpP1p04,P,1016,445
MpP1p04,P,1020,447
MpP1p04,P,1024,451
MpP1p04,P,1028,453
MpP1p04,P,1032,457
MpP1p04,P,1036,459
MpP1p04,P,1040,464
MpP1p04,P,1044,466
MpP1p04,P,1048,473
MpP1p04,P,1052,476
MpP1p04,P,1056,483
MpP1p04,P,1060,485
MpP1p04,P,1064,486
MpP1p04,P,1068,490
MpP1p04,P,1072,492
MpP1p04,P,1076,495
MpP1p04,P,1080,498
MpP1p04,P,1084,501
MpP1p04,P,1088,502
MpP1p04,P,1092,504
MpP1p04,P,1096,505
MpP1p04,P,1100,507
MpP1p04,P,1104,511
MpP1p04,P,1108,514
MpP1p04,P,1112,516
MpP1p04,P,1116,519
MpP1p04,P,1120,522
MpP1p04,P,1124,524
MpP1p04,P,1128,529
MpP1p04,P,1132,530
MpP1p04,P,1136,532
MpP1p04,P,1140,536
MpP1p04,P,1144,538
MpP1p04,P,1148,540
MpP1p04,P,1152,541
MpP1p04,P,1156,545
MpP1p04,P,1160,546
MpP1p04,P,1164,548
MpP1p04,P,1168,550
MpP1p04,P,1172,552
MpP1p04,P,1176,554
MpP1p04,P,1180,556
MpP1p04,P,1184,560
MpP1p04,P,1188,562
MpP1p04,P,1192,566
MpP1p04,P,1196,567
MpP1p04,P,1200,571
MpP1p04,P,1204,575
MpP1p04,P,1208,578
MpP1p04,P,1212,583
MpP1p04,P,1216,590
MpP1p04,P,1220,593
MpP1p04,P,1224,599
MpP1p04,P,1228,603
MpP1p04,P,1232,604
MpP1p04,P,1236,609
MpP1p04,P,1240,547
MpP1p04,P,1244,551
MpP1p04,P,1248,557
MpP1p04,P,1252,564
MpP1p04,P,1256,569
MpP1p04,P,1260,574
MpP1p04,P,1264,577
MpP1p04,P,1268,584
MpP1p04,P,1272,590
MpP1p04,P,1276,597
MpP1p04,P,1280,598
MpP1p04,P,1284,601
MpP1p04,P,1288,605
MpP1p04,P,1292,610
MpP1p04,P,1296,581
MpP1p04,P,1300,584
MpP1p04,P,1304,480
MpP1p04,P,1308,439
MpP1p04,P,1312,391
MpP1p04,P,1316,378
MpP1p04,P,1320,311
MpP1p04,P,1324,213
MpP1p04,P,1328,183
MpP1p04,P,1332,163
MpP1p04,P,1336,124
MpP1p04,P,1340,72
MpP1p04,P,1344,23
MpP1p04,P,1348,5
MpP1p04,P,1352,0
MpP1p04,P,1356,0
MpP1p04,P,1360,0
MpP1p04,P,1364,0
MpP1p04,P,1368,0
MpP1p04,P,1372,0
MpP1p04,P,1376,0
MpP1p04,P,1380,0
MpP1p04,P,1384,0
MpP1p04,P,1388,0
MpP1p04,P,1392,0
MpP1p04,P,1396,0
MpP1p04,P,1400,0
MpP1p04,P,1404,0
MpP1p04,P,1408,0
MpP1p04,P,1412,0
MpP1p04,P,1416,0
MpP1p04,P,1420,0
MpP1p04,P,1424,0
MpP1p04,P,1428,0
MpP1p04,P,1432,0
MpP1p04,P,1436,0
MpP1p04,P,1440,0
MpP1p04,P,1444,0
MpP1p04,P,1448,0
MpP1p04,P,1452,0
MpP1p04,P,1456,0
MpP1p04,P,1460,0
MpP1p04,P,1464,0
MpP1p04,P,1468,0
MpP1p04,P,1472,0
MpP1p04,P,1476,0
MpP1p04,P,1480,0
MpP1p05,P,0,0
MpP1p05,P,4,0
MpP1p05,P,8,0
MpP1p05,P,12,0
MpP1p05,P,16,0
MpP1p05,P,20,0
MpP1p05,P,24,0
MpP1p05,P,28,0
MpP1p05,P,32,0
MpP1p05,P,36,0
MpP1p05,P,40,1
MpP1p05,P,44,1
MpP1p05,P,48,2
MpP1p05,P,52,2
MpP1p05,P,56,2
MpP1p05,P,60,2
MpP1p05,P,64,2
MpP1p05,P,68,2
MpP1p05,P,72,3
MpP1p05,P,76,4
MpP1p05,P,80,4
MpP1p05,P,84,4
MpP1p05,P,88,4
MpP1p05,P,92,4
MpP1p05,P,96,4
MpP1p05,P,100,5
MpP1p05,P,104,5
MpP1p05,P,108,6
MpP1p05,P,112,6
MpP1p05,P,116,6
MpP1p05,P,120,6
MpP1p05,P,124,6
MpP1p05,P,128,6
MpP1p05,P,132,6
MpP1p05,P,136,8
MpP1p05,P,140,10
MpP1p05,P,144,12
MpP1p05,P,148,12
MpP1p05,P,152,14
MpP1p05,P,156,14
MpP1p05,P,160,15
MpP1p05,P,164,15
MpP1p05,P,168,17
MpP1p05,P,172,19
MpP1p05,P,176,20
MpP1p05,P,180,20
MpP1p05,P,184,22
MpP1p05,P,188,24
MpP1p05,P,192,25
MpP1p05,P,196,27
MpP1p05,P,200,28
MpP1p05,P,204,31
MpP1p05,P,208,33
MpP1p05,P,212,33
MpP1p05,P,216,34
MpP1p05,P,220,35
MpP1p05,P,224,38
MpP1p05,P,228,40
MpP1p05,P,232,42
MpP1p05,P,236,42
MpP1p05,P,240,44
MpP1p05,P,244,47
MpP1p05,P,248,48
MpP1p05,P,252,49
MpP1p05,P,256,50
MpP1p05,P,260,55
MpP1p05,P,264,56
MpP1p05,P,268,59
MpP1p05,P,272,61
MpP1p05,P,276,63
MpP1p05,P,280,64
MpP1p05,P,284,65
MpP1p05,P,288,65
MpP1p05,P,292,65
MpP1p05,P,296,67
MpP1p05,P,300,68
MpP1p05,P,304,72
MpP1p05,P,308,74
MpP1p05,P,312,76
MpP1p05,P,316,77
MpP1p05,P,320,78
MpP1p05,P,324,79
MpP1p05,P,328,80
MpP1p05,P,332,82
MpP1p05,P,336,84
MpP1p05,P,340,85
MpP1p05,P,344,89
MpP1p05,P,348,91
MpP1p05,P,352,94
MpP1p05,P,356,95
MpP1p05,P,360,95
MpP1p05,P,364,96
MpP1p05,P,368,98
MpP1p05,P,372,100
MpP1p05,P,376,104
MpP1p05,P,380,106
MpP1p05,P,384,110
MpP1p05,P,388,112
MpP1p05,P,392,113
MpP1p05,P,396,116
MpP1p05,P,400,117
MpP1p05,P,404,119
MpP1p05,P,408,126
MpP1p05,P,412,129
MpP1p05,P,416,133
MpP1p05,P,420,135
MpP1p05,P,424,136
MpP1p05,P,428,138
MpP1p05,P,432,140
MpP1p05,P,436,141
MpP1p05,P,440,142
MpP1p05,P,444,145
MpP1p05,P,448,147
MpP1p05,P,452,150
MpP1p05,P,456,151
MpP1p05,P,460,152
MpP1p05,P,464,154
MpP1p05,P,468,154
MpP1p05,P,472,158
MpP1p05,P,476,160
MpP1p05,P,480,162
MpP1p05,P,484,163
MpP1p05,P,488,164
MpP1p05,P,492,164
MpP1p05,P,496,165
MpP1p05,P,500,168
MpP1p05,P,504,170
MpP1p05,P,508,174
MpP1p05,P,512,178
MpP1p05,P,516,181
MpP1p05,P,520,184
MpP1p05,P,524,186
MpP1p05,P,528,187
MpP1p05,P,532,189
MpP1p05,P,536,192
MpP1p05,P,540,196
MpP1p05,P,544,200
MpP1p05,P,548,202
MpP1p05,P,552,204
MpP1p05,P,556,209
MpP1p05,P,560,213
MpP1p05,P,564,218
MpP1p05,P,568,220
MpP1p05,P,572,225
MpP1p05,P,576,232
MpP1p05,P,580,236
MpP1p05,P,584,238
MpP1p05,P,588,241
MpP1p05,P,592,243
MpP1p05,P,596,248
MpP1p05,P,600,250
MpP1p05,P,604,252
MpP1p05,P,608,254
MpP1p05,P,612,258
MpP1p05,P,616,261
MpP1p05,P,620,267
MpP1p05,P,624,270
MpP1p05,P,628,271
MpP1p05,P,632,273
MpP1p05,P,636,279
MpP1p05,P,640,283
MpP1p05,P,644,284
MpP1p05,P,648,287
MpP1p05,P,652,290
MpP1p05,P,656,294
MpP1p05,P,660,296
MpP1p05,P,664,299
MpP1p05,P,668,300
MpP1p05,P,672,302
MpP1p05,P,676,305
MpP1p05,P,680,306
MpP1p05,P,684,309
MpP1p05,P,688,313
MpP1p05,P,692,317
MpP1p05,P,696,320
MpP1p05,P,700,322
MpP1p05,P,704,328
MpP1p05,P,708,330
MpP1p05,P,712,334
MpP1p05,P,716,338
MpP1p05,P,720,342
MpP1p05,P,724,345
MpP1p05,P,728,350
MpP1p05,P,732,353
MpP1p05,P,736,358
MpP1p05,P,740,361
MpP1p05,P,744,364
MpP1p05,P,748,369
MpP1p05,P,752,371
MpP1p05,P,756,373
MpP1p05,P,760,378
MpP1p05,P,764,379
MpP1p05,P,768,383
MpP1p05,P,772,384
MpP1p05,P,776,386
MpP1p05,P,780,387
MpP1p05,P,784,390
MpP1p05,P,788,393
MpP1p05,P,792,395
MpP1p05,P,796,400
MpP1p05,P,800,403
MpP1p05,P,804,407
MpP1p05,P,808,410
MpP1p05,P,812,413
MpP1p05,P,816,418
MpP1p05,P,820,421
MpP1p05,P,824,423
MpP1p05,P,828,426
MpP1p05,P,832,429
MpP1p05,P,836,430
MpP1p05,P,840,434
MpP1p05,P,844,436
MpP1p05,P,848,440
MpP1p05,P,852,445
MpP1p05,P,856,447
MpP1p05,P,860,450
MpP1p05,P,864,453
MpP1p05,P,868,455
MpP1p05,P,872,457
MpP1p05,P,876,459
MpP1p05,P,880,462
MpP1p05,P,884,463
MpP1p05,P,888,466
MpP1p05,P,892,470
MpP1p05,P,896,470
MpP1p05,P,900,473
MpP1p05,P,904,474
MpP1p05,P,908,476
MpP1p05,P,912,477
MpP1p05,P,916,477
MpP1p05,P,920,480
MpP1p05,P,924,482
MpP1p05,P,928,486
MpP1p05,P,932,486
MpP1p05,P,936,486
MpP1p05,P,940,491
MpP1p05,P,944,492
MpP1p05,P,948,493
MpP1p05,P,952,495
MpP1p05,P,956,499
MpP1p05,P,960,502
MpP1p05,P,964,506
MpP1p05,P,968,507
MpP1p05,P,972,507
MpP1p05,P,976,507
MpP1p05,P,980,510
MpP1p05,P,984,513
MpP1p05,P,988,514
MpP1p05,P,992,518
MpP1p05,P,996,523
MpP1p05,P,1000,524
MpP1p05,P,1004,529
MpP1p05,P,1008,537
MpP1p05,P,1012,541
MpP1p05,P,1016,543
MpP1p05,P,1020,549
MpP1p05,P,1024,552
MpP1p05,P,1028,553
MpP1p05,P,1032,560
MpP1p05,P,1036,566
MpP1p05,P,1040,569
MpP1p05,P,1044,572
MpP1p05,P,1048,576
MpP1p05,P,1052,580
MpP1p05,P,1056,586
MpP1p05,P,1060,591
MpP1p05,P,1064,601
MpP1p05,P,1068,605
MpP1p05,P,1072,610
MpP1p05,P,1076,617
MpP1p05,P,1080,621
MpP1p05,P,1084,625
MpP1p05,P,1088,628
MpP1p05,P,1092,633
MpP1p05,P,1096,640
MpP1p05,P,1100,645
MpP1p05,P,1104,648
MpP1p05,P,1108,653
MpP1p05,P,1112,662
MpP1p05,P,1116,666
MpP1p05,P,1120,672
MpP1p05,P,1124,678
MpP1p05,P,1128,686
MpP1p05,P,1132,692
MpP1p05,P,1136,699
MpP1p05,P,1140,706
MpP1p05,P,1144,713
MpP1p05,P,1148,721
MpP1p05,P,1152,732
MpP1p05,P,1156,739
MpP1p05,P,1160,743
MpP1p05,P,1164,752
MpP1p05,P,1168,760
MpP1p05,P,1172,767
MpP1p05,P,1176,774
MpP1p05,P,1180,785
MpP1p05,P,1184,797
MpP1p05,P,1188,809
MpP1p05,P,1192,814
MpP1p05,P,1196,824
MpP1p05,P,1200,834
MpP1p05,P,1204,842
MpP1p05,P,1208,856
MpP1p05,P,1212,868
MpP1p05,P,1216,877
MpP1p05,P,1220,889
MpP1p05,P,1224,899
MpP1p05,P,1228,912
MpP1p05,P,1232,917
MpP1p05,P,1236,933
MpP1p05,P,1240,881
MpP1p05,P,1244,893
MpP1p05,P,1248,899
MpP1p05,P,1252,910
MpP1p05,P,1256,926
MpP1p05,P,1260,930
MpP1p05,P,1264,938
MpP1p05,P,1268,947
MpP1p05,P,1272,955
MpP1p05,P,1276,968
MpP1p05,P,1280,974
MpP1p05,P,1284,977
MpP1p05,P,1288,983
MpP1p05,P,1292,991
MpP1p05,P,1296,968
MpP1p05,P,1300,973
MpP1p05,P,1304,871
MpP1p05,P,1308,819
MpP1p05,P,1312,748
MpP1p05,P,1316,718
MpP1p05,P,1320,629
MpP1p05,P,1324,451
MpP1p05,P,1328,401
MpP1p05,P,1332,347
MpP1p05,P,1336,263
MpP1p05,P,1340,155
MpP1p05,P,1344,49
MpP1p05,P,1348,3
MpP1p05,P,1352,0
MpP1p05,P,1356,0
MpP1p05,P,1360,0
MpP1p05,P,1364,0
MpP1p05,P,1368,0
MpP1p05,P,1372,0
MpP1p05,P,1376,0
MpP1p05,P,1380,0
MpP1p05,P,1384,0
MpP1p05,P,1388,0
MpP1p05,P,1392,0
MpP1p05,P,1396,0
MpP1p05,P,1400,0
MpP1p05,P,1404,0
MpP1p05,P,1408,0
MpP1p05,P,1412,0
MpP1p05,P,1416,0
MpP1p05,P,1420,0
MpP1p05,P,1424,0
MpP1p05,P,1428,0
MpP1p05,P,1432,0
MpP1p05,P,1436,0
MpP1p05,P,1440,0
MpP1p05,P,1444,0
MpP1p05,P,1448,0
MpP1p05,P,1452,0
MpP1p05,P,1456,0
MpP1p05,P,1460,0
MpP1p05,P,1464,0
MpP1p05,P,1468,0
MpP1p05,P,1472,0
MpP1p05,P,1476,0
MpP1p05,P,1480,0
MpP1p06,P,0,0
MpP1p06,P,4,0
MpP1p06,P,8,0
MpP1p06,P,12,0
MpP1p06,P,16,0
MpP1p06,P,20,0
MpP1p06,P,24,0
MpP1p06,P,28,0
MpP1p06,P,32,0
MpP1p06,P,36,0
MpP1p06,P,40,0
MpP1p06,P,44,0
MpP1p06,P,48,0
MpP1p06,P,52,0
MpP1p06,P,56,0
MpP1p06,P,60,0
MpP1p06,P,64,0
MpP1p06,P,68,1
MpP1p06,P,72,1
MpP1p06,P,76,2
MpP1p06,P,80,2
MpP1p06,P,84,2
MpP1p06,P,88,2
MpP1p06,P,92,2
MpP1p06,P,96,2
MpP1p06,P,100,2
MpP1p06,P,104,2
MpP1p06,P,108,2
MpP1p06,P,112,2
MpP1p06,P,116,2
MpP1p06,P,120,2
MpP1p06,P,124,2
MpP1p06,P,128,2
MpP1p06,P,132,2
MpP1p06,P,136,2
MpP1p06,P,140,2
MpP1p06,P,144,2
MpP1p06,P,148,2
MpP1p06,P,152,2
MpP1p06,P,156,2
MpP1p06,P,160,2
MpP1p06,P,164,2
MpP1p06,P,168,3
MpP1p06,P,172,4
MpP1p06,P,176,4
MpP1p06,P,180,4
MpP1p06,P,184,5
MpP1p06,P,188,5
MpP1p06,P,192,6
MpP1p06,P,196,6
MpP1p06,P,200,7
MpP1p06,P,204,8
MpP1p06,P,208,8
MpP1p06,P,212,9
MpP1p06,P,216,10
MpP1p06,P,220,10
MpP1p06,P,224,11
MpP1p06,P,228,12
MpP1p06,P,232,12
MpP1p06,P,236,12
MpP1p06,P,240,12
MpP1p06,P,244,13
MpP1p06,P,248,14
MpP1p06,P,252,14
MpP1p06,P,256,15
MpP1p06,P,260,16
MpP1p06,P,264,16
MpP1p06,P,268,17
MpP1p06,P,272,18
MpP1p06,P,276,19
MpP1p06,P,280,19
MpP1p06,P,284,20
MpP1p06,P,288,20
MpP1p06,P,292,21
MpP1p06,P,296,22
MpP1p06,P,300,22
MpP1p06,P,304,23
MpP1p06,P,308,23
MpP1p06,P,312,25
MpP1p06,P,316,26
MpP1p06,P,320,26
MpP1p06,P,324,26
MpP1p06,P,328,27
MpP1p06,P,332,28
MpP1p06,P,336,30
MpP1p06,P,340,31
MpP1p06,P,344,31
MpP1p06,P,348,31
MpP1p06,P,352,32
MpP1p06,P,356,32
MpP1p06,P,360,34
MpP1p06,P,364,36
MpP1p06,P,368,36
MpP1p06,P,372,37
MpP1p06,P,376,39
MpP1p06,P,380,41
MpP1p06,P,384,42
MpP1p06,P,388,42
MpP1p06,P,392,43
MpP1p06,P,396,43
MpP1p06,P,400,44
MpP1p06,P,404,47
MpP1p06,P,408,48
MpP1p06,P,412,49
MpP1p06,P,416,50
MpP1p06,P,420,50
MpP1p06,P,424,52
MpP1p06,P,428,52
MpP1p06,P,432,53
MpP1p06,P,436,53
MpP1p06,P,440,57
MpP1p06,P,444,57
MpP1p06,P,448,58
MpP1p06,P,452,58
MpP1p06,P,456,59
MpP1p06,P,460,60
MpP1p06,P,464,62
MpP1p06,P,468,64
MpP1p06,P,472,65
MpP1p06,P,476,66
MpP1p06,P,480,67
MpP1p06,P,484,69
MpP1p06,P,488,71
MpP1p06,P,492,71
MpP1p06,P,496,71
MpP1p06,P,500,75
MpP1p06,P,504,75
MpP1p06,P,508,77
MpP1p06,P,512,77
MpP1p06,P,516,79
MpP1p06,P,520,81
MpP1p06,P,524,81
MpP1p06,P,528,83
MpP1p06,P,532,87
MpP1p06,P,536,89
MpP1p06,P,540,90
MpP1p06,P,544,93
MpP1p06,P,548,93
MpP1p06,P,552,94
MpP1p06,P,556,94
MpP1p06,P,560,95
MpP1p06,P,564,98
MpP1p06,P,568,98
MpP1p06,P,572,100
MpP1p06,P,576,102
MpP1p06,P,580,103
MpP1p06,P,584,106
MpP1p06,P,588,108
MpP1p06,P,592,108
MpP1p06,P,596,111
MpP1p06,P,600,113
MpP1p06,P,604,114
MpP1p06,P,608,115
MpP1p06,P,612,116
MpP1p06,P,616,117
MpP1p06,P,620,118
MpP1p06,P,624,119
MpP1p06,P,628,120
MpP1p06,P,632,120
MpP1p06,P,636,120
MpP1p06,P,640,121
MpP1p06,P,644,121
MpP1p06,P,648,122
MpP1p06,P,652,122
MpP1p06,P,656,123
MpP1p06,P,660,125
MpP1p06,P,664,126
MpP1p06,P,668,126
MpP1p06,P,672,127
MpP1p06,P,676,127
MpP1p06,P,680,127
MpP1p06,P,684,128
MpP1p06,P,688,130
MpP1p06,P,692,130
MpP1p06,P,696,131
MpP1p06,P,700,132
MpP1p06,P,704,136
MpP1p06,P,708,137
MpP1p06,P,712,138
MpP1p06,P,716,139
MpP1p06,P,720,144
MpP1p06,P,724,145
MpP1p06,P,728,147
MpP1p06,P,732,148
MpP1p06,P,736,150
MpP1p06,P,740,151
MpP1p06,P,744,151
MpP1p06,P,748,154
MpP1p06,P,752,154
MpP1p06,P,756,158
MpP1p06,P,760,161
MpP1p06,P,764,164
MpP1p06,P,768,166
MpP1p06,P,772,167
MpP1p06,P,776,170
MpP1p06,P,780,172
MpP1p06,P,784,175
MpP1p06,P,788,176
MpP1p06,P,792,178
MpP1p06,P,796,183
MpP1p06,P,800,185
MpP1p06,P,804,186
MpP1p06,P,808,188
MpP1p06,P,812,190
MpP1p06,P,816,192
MpP1p06,P,820,193
MpP1p06,P,824,194
MpP1p06,P,828,195
MpP1p06,P,832,196
MpP1p06,P,836,197
MpP1p06,P,840,198
MpP1p06,P,844,199
MpP1p06,P,848,199
MpP1p06,P,852,201
MpP1p06,P,856,201
MpP1p06,P,860,202
MpP1p06,P,864,205
MpP1p06,P,868,208
MpP1p06,P,872,209
MpP1p06,P,876,209
MpP1p06,P,880,210
MpP1p06,P,884,210
MpP1p06,P,888,212
MpP1p06,P,892,212
MpP1p06,P,896,216
MpP1p06,P,900,217
MpP1p06,P,904,219
MpP1p06,P,908,219
MpP1p06,P,912,222
MpP1p06,P,916,224
MpP1p06,P,920,229
MpP1p06,P,924,232
MpP1p06,P,928,232
MpP1p06,P,932,234
MpP1p06,P,936,236
MpP1p06,P,940,238
MpP1p06,P,944,242
MpP1p06,P,948,244
MpP1p06,P,952,247
MpP1p06,P,956,253
MpP1p06,P,960,255
MpP1p06,P,964,260
MpP1p06,P,968,266
MpP1p06,P,972,270
MpP1p06,P,976,274
MpP1p06,P,980,278
MpP1p06,P,984,281
MpP1p06,P,988,285
MpP1p06,P,992,289
MpP1p06,P,996,292
MpP1p06,P,1000,294
MpP1p06,P,1004,301
MpP1p06,P,1008,308
MpP1p06,P,1012,315
MpP1p06,P,1016,315
MpP1p06,P,1020,322
MpP1p06,P,1024,324
MpP1p06,P,1028,328
MpP1p06,P,1032,331
MpP1p06,P,1036,337
MpP1p06,P,1040,340
MpP1p06,P,1044,345
MpP1p06,P,1048,354
MpP1p06,P,1052,361
MpP1p06,P,1056,367
MpP1p06,P,1060,372
MpP1p06,P,1064,378
MpP1p06,P,1068,380
MpP1p06,P,1072,388
MpP1p06,P,1076,392
MpP1p06,P,1080,399
MpP1p06,P,1084,402
MpP1p06,P,1088,408
MpP1p06,P,1092,414
MpP1p06,P,1096,421
MpP1p06,P,1100,427
MpP1p06,P,1104,431
MpP1p06,P,1108,436
MpP1p06,P,1112,447
MpP1p06,P,1116,450
MpP1p06,P,1120,456
MpP1p06,P,1124,464
MpP1p06,P,1128,470
MpP1p06,P,1132,476
MpP1p06,P,1136,481
MpP1p06,P,1140,489
MpP1p06,P,1144,497
MpP1p06,P,1148,505
MpP1p06,P,1152,514
MpP1p06,P,1156,519
MpP1p06,P,1160,525
MpP1p06,P,1164,532
MpP1p06,P,1168,540
MpP1p06,P,1172,549
MpP1p06,P,1176,554
MpP1p06,P,1180,564
MpP1p06,P,1184,573
MpP1p06,P,1188,580
MpP1p06,P,1192,590
MpP1p06,P,1196,596
MpP1p06,P,1200,602
MpP1p06,P,1204,610
MpP1p06,P,1208,621
MpP1p06,P,1212,628
MpP1p06,P,1216,635
MpP1p06,P,1220,643
MpP1p06,P,1224,650
MpP1p06,P,1228,659
MpP1p06,P,1232,662
MpP1p06,P,1236,670
MpP1p06,P,1240,644
MpP1p06,P,1244,649
MpP1p06,P,1248,660
MpP1p06,P,1252,667
MpP1p06,P,1256,676
MpP1p06,P,1260,683
MpP1p06,P,1264,689
MpP1p06,P,1268,694
MpP1p06,P,1272,705
MpP1p06,P,1276,711
MpP1p06,P,1280,717
MpP1p06,P,1284,722
MpP1p06,P,1288,723
MpP1p06,P,1292,730
MpP1p06,P,1296,714
MpP1p06,P,1300,719
MpP1p06,P,1304,653
MpP1p06,P,1308,617
MpP1p06,P,1312,573
MpP1p06,P,1316,538
MpP1p06,P,1320,465
MpP1p06,P,1324,335
MpP1p06,P,1328,297
MpP1p06,P,1332,250
MpP1p06,P,1336,189
MpP1p06,P,1340,115
MpP1p06,P,1344,46
MpP1p06,P,1348,2
MpP1p06,P,1352,0
MpP1p06,P,1356,0
MpP1p06,P,1360,0
MpP1p06,P,1364,0
MpP1p06,P,1368,0
MpP1p06,P,1372,0
MpP1p06,P,1376,0
MpP1p06,P,1380,0
MpP1p06,P,1384,0
MpP1p06,P,1388,0
MpP1p06,P,1392,0
MpP1p06,P,1396,0
MpP1p06,P,1400,0
MpP1p06,P,1404,0
MpP1p06,P,1408,0
MpP1p06,P,1412,0
MpP1p06,P,1416,0
MpP1p06,P,1420,0
MpP1p06,P,1424,0
MpP1p06,P,1428,0
MpP1p06,P,1432,0
MpP1p06,P,1436,0
MpP1p06,P,1440,0
MpP1p06,P,1444,0
MpP1p06,P,1448,0
MpP1p06,P,1452,0
MpP1p06,P,1456,0
MpP1p06,P,1460,0
MpP1p06,P,1464,0
MpP1p06,P,1468,0
MpP1p06,P,1472,0
MpP1p06,P,1476,0
MpP1p06,P,1480,0
MpP1p07,P,0,0
MpP1p07,P,4,0
MpP1p07,P,8,0
MpP1p07,P,12,0
MpP1p07,P,16,0
MpP1p07,P,20,0
MpP1p07,P,24,0
MpP1p07,P,28,0
MpP1p07,P,32,1
MpP1p07,P,36,2
MpP1p07,P,40,2
MpP1p07,P,44,3
MpP1p07,P,48,4
MpP1p07,P,52,4
MpP1p07,P,56,5
MpP1p07,P,60,5
MpP1p07,P,64,5
MpP1p07,P,68,5
MpP1p07,P,72,5
MpP1p07,P,76,7
MpP1p07,P,80,8
MpP1p07,P,84,8
MpP1p07,P,88,9
MpP1p07,P,92,9
MpP1p07,P,96,9
MpP1p07,P,100,10
MpP1p07,P,104,11
MpP1p07,P,108,11
MpP1p07,P,112,11
MpP1p07,P,116,11
MpP1p07,P,120,11
MpP1p07,P,124,11
MpP1p07,P,128,11
MpP1p07,P,132,12
MpP1p07,P,136,12
MpP1p07,P,140,12
MpP1p07,P,144,13
MpP1p07,P,148,13
MpP1p07,P,152,13
MpP1p07,P,156,13
MpP1p07,P,160,13
MpP1p07,P,164,14
MpP1p07,P,168,14
MpP1p07,P,172,14
MpP1p07,P,176,14
MpP1p07,P,180,14
MpP1p07,P,184,14
MpP1p07,P,188,14
MpP1p07,P,192,14
MpP1p07,P,196,14
MpP1p07,P,200,14
MpP1p07,P,204,15
MpP1p07,P,208,15
MpP1p07,P,212,16
MpP1p07,P,216,17
MpP1p07,P,220,17
MpP1p07,P,224,18
MpP1p07,P,228,20
MpP1p07,P,232,21
MpP1p07,P,236,21
MpP1p07,P,240,22
MpP1p07,P,244,23
MpP1p07,P,248,23
MpP1p07,P,252,24
MpP1p07,P,256,24
MpP1p07,P,260,26
MpP1p07,P,264,26
MpP1p07,P,268,26
MpP1p07,P,272,27
MpP1p07,P,276,27
MpP1p07,P,280,27
MpP1p07,P,284,27
MpP1p07,P,288,28
MpP1p07,P,292,28
MpP1p07,P,296,29
MpP1p07,P,300,30
MpP1p07,P,304,30
MpP1p07,P,308,31
MpP1p07,P,312,31
MpP1p07,P,316,32
MpP1p07,P,320,33
MpP1p07,P,324,34
MpP1p07,P,328,34
MpP1p07,P,332,35
MpP1p07,P,336,36
MpP1p07,P,340,38
MpP1p07,P,344,40
MpP1p07,P,348,41
MpP1p07,P,352,42
MpP1p07,P,356,43
MpP1p07,P,360,44
MpP1p07,P,364,44
MpP1p07,P,368,45
MpP1p07,P,372,46
MpP1p07,P,376,48
MpP1p07,P,380,49
MpP1p07,P,384,50
MpP1p07,P,388,52
MpP1p07,P,392,52
MpP1p07,P,396,54
MpP1p07,P,400,54
MpP1p07,P,404,54
MpP1p07,P,408,56
MpP1p07,P,412,57
MpP1p07,P,416,57
MpP1p07,P,420,58
MpP1p07,P,424,59
MpP1p07,P,428,61
MpP1p07,P,432,62
MpP1p07,P,436,62
MpP1p07,P,440,64
MpP1p07,P,444,66
MpP1p07,P,448,66
MpP1p07,P,452,68
MpP1p07,P,456,71
MpP1p07,P,460,73
MpP1p07,P,464,73
MpP1p07,P,468,74
MpP1p07,P,472,76
MpP1p07,P,476,76
MpP1p07,P,480,76
MpP1p07,P,484,78
MpP1p07,P,488,79
MpP1p07,P,492,80
MpP1p07,P,496,80
MpP1p07,P,500,81
MpP1p07,P,504,82
MpP1p07,P,508,83
MpP1p07,P,512,83
MpP1p07,P,516,85
MpP1p07,P,520,88
MpP1p07,P,524,91
MpP1p07,P,528,91
MpP1p07,P,532,91
MpP1p07,P,536,93
MpP1p07,P,540,95
MpP1p07,P,544,96
MpP1p07,P,548,96
MpP1p07,P,552,97
MpP1p07,P,556,97
MpP1p07,P,560,98
MpP1p07,P,564,99
MpP1p07,P,568,101
MpP1p07,P,572,102
MpP1p07,P,576,103
MpP1p07,P,580,105
MpP1p07,P,584,105
MpP1p07,P,588,105
MpP1p07,P,592,105
MpP1p07,P,596,109
MpP1p07,P,600,111
MpP1p07,P,604,113
MpP1p07,P,608,115
MpP1p07,P,612,118
MpP1p07,P,616,118
MpP1p07,P,620,120
MpP1p07,P,624,120
MpP1p07,P,628,121
MpP1p07,P,632,122
MpP1p07,P,636,123
MpP1p07,P,640,126
MpP1p07,P,644,128
MpP1p07,P,648,128
MpP1p07,P,652,130
MpP1p07,P,656,130
MpP1p07,P,660,133
MpP1p07,P,664,136
MpP1p07,P,668,136
MpP1p07,P,672,137
MpP1p07,P,676,138
MpP1p07,P,680,141
MpP1p07,P,684,141
MpP1p07,P,688,144
MpP1p07,P,692,144
MpP1p07,P,696,148
MpP1p07,P,700,150
MpP1p07,P,704,151
MpP1p07,P,708,155
MpP1p07,P,712,155
MpP1p07,P,716,155
MpP1p07,P,720,160
MpP1p07,P,724,163
MpP1p07,P,728,163
MpP1p07,P,732,163
MpP1p07,P,736,164
MpP1p07,P,740,165
MpP1p07,P,744,167
MpP1p07,P,748,168
MpP1p07,P,752,169
MpP1p07,P,756,171
MpP1p07,P,760,171
MpP1p07,P,764,172
MpP1p07,P,768,174
MpP1p07,P,772,174
MpP1p07,P,776,175
MpP1p07,P,780,175
MpP1p07,P,784,176
MpP1p07,P,788,179
MpP1p07,P,792,179
MpP1p07,P,796,180
MpP1p07,P,800,182
MpP1p07,P,804,183
MpP1p07,P,808,186
MpP1p07,P,812,186
MpP1p07,P,816,188
MpP1p07,P,820,190
MpP1p07,P,824,192
MpP1p07,P,828,193
MpP1p07,P,832,195
MpP1p07,P,836,196
MpP1p07,P,840,198
MpP1p07,P,844,201
MpP1p07,P,848,201
MpP1p07,P,852,201
MpP1p07,P,856,202
MpP1p07,P,860,202
MpP1p07,P,864,203
MpP1p07,P,868,203
MpP1p07,P,872,203
MpP1p07,P,876,203
MpP1p07,P,880,204
MpP1p07,P,884,205
MpP1p07,P,888,206
MpP1p07,P,892,206
MpP1p07,P,896,206
MpP1p07,P,900,207
MpP1p07,P,904,207
MpP1p07,P,908,207
MpP1p07,P,912,207
MpP1p07,P,916,208
MpP1p07,P,920,209
MpP1p07,P,924,210
MpP1p07,P,928,210
MpP1p07,P,932,212
MpP1p07,P,936,213
MpP1p07,P,940,214
MpP1p07,P,944,215
MpP1p07,P,948,216
MpP1p07,P,952,218
MpP1p07,P,956,218
MpP1p07,P,960,219
MpP1p07,P,964,220
MpP1p07,P,968,221
MpP1p07,P,972,223
MpP1p07,P,976,223
MpP1p07,P,980,225
MpP1p07,P,984,227
MpP1p07,P,988,230
MpP1p07,P,992,231
MpP1p07,P,996,233
MpP1p07,P,1000,234
MpP1p07,P,1004,236
MpP1p07,P,1008,238
MpP1p07,P,1012,241
MpP1p07,P,1016,243
MpP1p07,P,1020,244
MpP1p07,P,1024,245
MpP1p07,P,1028,245
MpP1p07,P,1032,246
MpP1p07,P,1036,246
MpP1p07,P,1040,249
MpP1p07,P,1044,250
MpP1p07,P,1048,252
MpP1p07,P,1052,252
MpP1p07,P,1056,255
MpP1p07,P,1060,257
MpP1p07,P,1064,258
MpP1p07,P,1068,263
MpP1p07,P,1072,265
MpP1p07,P,1076,268
MpP1p07,P,1080,272
MpP1p07,P,1084,277
MpP1p07,P,1088,279
MpP1p07,P,1092,279
MpP1p07,P,1096,282
MpP1p07,P,1100,283
MpP1p07,P,1104,287
MpP1p07,P,1108,287
MpP1p07,P,1112,289
MpP1p07,P,1116,290
MpP1p07,P,1120,291
MpP1p07,P,1124,292
MpP1p07,P,1128,294
MpP1p07,P,1132,294
MpP1p07,P,1136,296
MpP1p07,P,1140,299
MpP1p07,P,1144,299
MpP1p07,P,1148,303
MpP1p07,P,1152,306
MpP1p07,P,1156,311
MpP1p07,P,1160,317
MpP1p07,P,1164,319
MpP1p07,P,1168,324
MpP1p07,P,1172,325
MpP1p07,P,1176,329
MpP1p07,P,1180,334
MpP1p07,P,1184,338
MpP1p07,P,1188,340
MpP1p07,P,1192,348
MpP1p07,P,1196,352
MpP1p07,P,1200,360
MpP1p07,P,1204,364
MpP1p07,P,1208,369
MpP1p07,P,1212,371
MpP1p07,P,1216,371
MpP1p07,P,1220,374
MpP1p07,P,1224,383
MpP1p07,P,1228,389
MpP1p07,P,1232,393
MpP1p07,P,1236,397
MpP1p07,P,1240,378
MpP1p07,P,1244,386
MpP1p07,P,1248,391
MpP1p07,P,1252,393
MpP1p07,P,1256,401
MpP1p07,P,1260,403
MpP1p07,P,1264,406
MpP1p07,P,1268,412
MpP1p07,P,1272,416
MpP1p07,P,1276,423
MpP1p07,P,1280,426
MpP1p07,P,1284,427
MpP1p07,P,1288,434
MpP1p07,P,1292,437
MpP1p07,P,1296,432
MpP1p07,P,1300,435
MpP1p07,P,1304,401
MpP1p07,P,1308,380
MpP1p07,P,1312,358
MpP1p07,P,1316,345
MpP1p07,P,1320,314
MpP1p07,P,1324,241
MpP1p07,P,1328,210
MpP1p07,P,1332,181
MpP1p07,P,1336,131
MpP1p07,P,1340,73
MpP1p07,P,1344,34
MpP1p07,P,1348,0
MpP1p07,P,1352,0
MpP1p07,P,1356,0
MpP1p07,P,1360,0
MpP1p07,P,1364,0
MpP1p07,P,1368,0
MpP1p07,P,1372,0
MpP1p07,P,1376,0
MpP1p07,P,1380,0
MpP1p07,P,1384,0
MpP1p07,P,1388,0
MpP1p07,P,1392,0
MpP1p07,P,1396,0
MpP1p07,P,1400,0
MpP1p07,P,1404,0
MpP1p07,P,1408,0
MpP1p07,P,1412,0
MpP1p07,P,1416,0
MpP1p07,P,1420,0
MpP1p07,P,1424,0
MpP1p07,P,1428,0
MpP1p07,P,1432,0
MpP1p07,P,1436,0
MpP1p07,P,1440,0
MpP1p07,P,1444,0
MpP1p07,P,1448,0
MpP1p07,P,1452,0
MpP1p07,P,1456,0
MpP1p07,P,1460,0
MpP1p07,P,1464,0
MpP1p07,P,1468,0
MpP1p07,P,1472,0
MpP1p07,P,1476,0
MpP1p07,P,1480,0
MpP1p08,P,0,0
MpP1p08,P,4,0
MpP1p08,P,8,0
MpP1p08,P,12,0
MpP1p08,P,16,0
MpP1p08,P,20,0
MpP1p08,P,24,0
MpP1p08,P,28,1
MpP1p08,P,32,1
MpP1p08,P,36,1
MpP1p08,P,40,1
MpP1p08,P,44,1
MpP1p08,P,48,1
MpP1p08,P,52,1
MpP1p08,P,56,1
MpP1p08,P,60,1
MpP1p08,P,64,1
MpP1p08,P,68,1
MpP1p08,P,72,2
MpP1p08,P,76,2
MpP1p08,P,80,3
MpP1p08,P,84,3
MpP1p08,P,88,4
MpP1p08,P,92,4
MpP1p08,P,96,4
MpP1p08,P,100,4
MpP1p08,P,104,4
MpP1p08,P,108,4
MpP1p08,P,112,5
MpP1p08,P,116,5
MpP1p08,P,120,6
MpP1p08,P,124,6
MpP1p08,P,128,7
MpP1p08,P,132,7
MpP1p08,P,136,7
MpP1p08,P,140,7
MpP1p08,P,144,7
MpP1p08,P,148,7
MpP1p08,P,152,8
MpP1p08,P,156,9
MpP1p08,P,160,9
MpP1p08,P,164,9
MpP1p08,P,168,10
MpP1p08,P,172,10
MpP1p08,P,176,11
MpP1p08,P,180,11
MpP1p08,P,184,12
MpP1p08,P,188,12
MpP1p08,P,192,12
MpP1p08,P,196,13
MpP1p08,P,200,13
MpP1p08,P,204,13
MpP1p08,P,208,14
MpP1p08,P,212,15
MpP1p08,P,216,15
MpP1p08,P,220,15
MpP1p08,P,224,15
MpP1p08,P,228,16
MpP1p08,P,232,16
MpP1p08,P,236,16
MpP1p08,P,240,16
MpP1p08,P,244,17
MpP1p08,P,248,18
MpP1p08,P,252,18
MpP1p08,P,256,18
MpP1p08,P,260,18
MpP1p08,P,264,19
MpP1p08,P,268,19
MpP1p08,P,272,21
MpP1p08,P,276,21
MpP1p08,P,280,23
MpP1p08,P,284,23
MpP1p08,P,288,24
MpP1p08,P,292,25
MpP1p08,P,296,26
MpP1p08,P,300,28
MpP1p08,P,304,28
MpP1p08,P,308,29
MpP1p08,P,312,31
MpP1p08,P,316,32
MpP1p08,P,320,33
MpP1p08,P,324,33
MpP1p08,P,328,33
MpP1p08,P,332,35
MpP1p08,P,336,37
MpP1p08,P,340,37
MpP1p08,P,344,37
MpP1p08,P,348,38
MpP1p08,P,352,39
MpP1p08,P,356,41
MpP1p08,P,360,41
MpP1p08,P,364,43
MpP1p08,P,368,44
MpP1p08,P,372,44
MpP1p08,P,376,45
MpP1p08,P,380,47
MpP1p08,P,384,50
MpP1p08,P,388,50
MpP1p08,P,392,51
MpP1p08,P,396,51
MpP1p08,P,400,54
MpP1p08,P,404,54
MpP1p08,P,408,55
MpP1p08,P,412,56
MpP1p08,P,416,56
MpP1p08,P,420,56
MpP1p08,P,424,57
MpP1p08,P,428,58
MpP1p08,P,432,60
MpP1p08,P,436,61
MpP1p08,P,440,63
MpP1p08,P,444,66
MpP1p08,P,448,67
MpP1p08,P,452,68
MpP1p08,P,456,69
MpP1p08,P,460,71
MpP1p08,P,464,71
MpP1p08,P,468,73
MpP1p08,P,472,74
MpP1p08,P,476,74
MpP1p08,P,480,74
MpP1p08,P,484,75
MpP1p08,P,488,79
MpP1p08,P,492,79
MpP1p08,P,496,81
MpP1p08,P,500,83
MpP1p08,P,504,83
MpP1p08,P,508,84
MpP1p08,P,512,84
MpP1p08,P,516,85
MpP1p08,P,520,87
MpP1p08,P,524,88
MpP1p08,P,528,88
MpP1p08,P,532,88
MpP1p08,P,536,89
MpP1p08,P,540,90
MpP1p08,P,544,91
MpP1p08,P,548,92
MpP1p08,P,552,92
MpP1p08,P,556,93
MpP1p08,P,560,93
MpP1p08,P,564,95
MpP1p08,P,568,97
MpP1p08,P,572,99
MpP1p08,P,576,100
MpP1p08,P,580,101
MpP1p08,P,584,101
MpP1p08,P,588,103
MpP1p08,P,592,106
MpP1p08,P,596,106
MpP1p08,P,600,106
MpP1p08,P,604,107
MpP1p08,P,608,108
MpP1p08,P,612,109
MpP1p08,P,616,109
MpP1p08,P,620,109
MpP1p08,P,624,111
MpP1p08,P,628,112
MpP1p08,P,632,112
MpP1p08,P,636,112
MpP1p08,P,640,112
MpP1p08,P,644,112
MpP1p08,P,648,112
MpP1p08,P,652,112
MpP1p08,P,656,113
MpP1p08,P,660,113
MpP1p08,P,664,113
MpP1p08,P,668,114
MpP1p08,P,672,114
MpP1p08,P,676,115
MpP1p08,P,680,116
MpP1p08,P,684,116
MpP1p08,P,688,117
MpP1p08,P,692,117
MpP1p08,P,696,118
MpP1p08,P,700,120
MpP1p08,P,704,120
MpP1p08,P,708,120
MpP1p08,P,712,121
MpP1p08,P,716,121
MpP1p08,P,720,124
MpP1p08,P,724,125
MpP1p08,P,728,127
MpP1p08,P,732,130
MpP1p08,P,736,131
MpP1p08,P,740,131
MpP1p08,P,744,135
MpP1p08,P,748,135
MpP1p08,P,752,136
MpP1p08,P,756,137
MpP1p08,P,760,137
MpP1p08,P,764,137
MpP1p08,P,768,138
MpP1p08,P,772,139
MpP1p08,P,776,140
MpP1p08,P,780,142
MpP1p08,P,784,142
MpP1p08,P,788,143
MpP1p08,P,792,144
MpP1p08,P,796,144
MpP1p08,P,800,145
MpP1p08,P,804,146
MpP1p08,P,808,146
MpP1p08,P,812,146
MpP1p08,P,816,147
MpP1p08,P,820,147
MpP1p08,P,824,149
MpP1p08,P,828,149
MpP1p08,P,832,150
MpP1p08,P,836,153
MpP1p08,P,840,154
MpP1p08,P,844,155
MpP1p08,P,848,156
MpP1p08,P,852,156
MpP1p08,P,856,159
MpP1p08,P,860,159
MpP1p08,P,864,159
MpP1p08,P,868,161
MpP1p08,P,872,162
MpP1p08,P,876,163
MpP1p08,P,880,163
MpP1p08,P,884,164
MpP1p08,P,888,165
MpP1p08,P,892,165
MpP1p08,P,896,166
MpP1p08,P,900,166
MpP1p08,P,904,166
MpP1p08,P,908,167
MpP1p08,P,912,167
MpP1p08,P,916,168
MpP1p08,P,920,172
MpP1p08,P,924,173
MpP1p08,P,928,173
MpP1p08,P,932,173
MpP1p08,P,936,177
MpP1p08,P,940,177
MpP1p08,P,944,178
MpP1p08,P,948,181
MpP1p08,P,952,182
MpP1p08,P,956,182
MpP1p08,P,960,183
MpP1p08,P,964,184
MpP1p08,P,968,185
MpP1p08,P,972,186
MpP1p08,P,976,189
MpP1p08,P,980,191
MpP1p08,P,984,193
MpP1p08,P,988,195
MpP1p08,P,992,195
MpP1p08,P,996,197
MpP1p08,P,1000,199
MpP1p08,P,1004,200
MpP1p08,P,1008,200
MpP1p08,P,1012,203
MpP1p08,P,1016,207
MpP1p08,P,1020,210
MpP1p08,P,1024,213
MpP1p08,P,1028,214
MpP1p08,P,1032,216
MpP1p08,P,1036,219
MpP1p08,P,1040,224
MpP1p08,P,1044,224
MpP1p08,P,1048,225
MpP1p08,P,1052,227
MpP1p08,P,1056,232
MpP1p08,P,1060,235
MpP1p08,P,1064,236
MpP1p08,P,1068,239
MpP1p08,P,1072,241
MpP1p08,P,1076,247
MpP1p08,P,1080,247
MpP1p08,P,1084,249
MpP1p08,P,1088,252
MpP1p08,P,1092,259
MpP1p08,P,1096,264
MpP1p08,P,1100,266
MpP1p08,P,1104,269
MpP1p08,P,1108,270
MpP1p08,P,1112,274
MpP1p08,P,1116,276
MpP1p08,P,1120,281
MpP1p08,P,1124,284
MpP1p08,P,1128,287
MpP1p08,P,1132,290
MpP1p08,P,1136,294
MpP1p08,P,1140,295
MpP1p08,P,1144,301
MpP1p08,P,1148,309
MpP1p08,P,1152,313
MpP1p08,P,1156,317
MpP1p08,P,1160,320
MpP1p08,P,1164,323
MpP1p08,P,1168,326
MpP1p08,P,1172,334
MpP1p08,P,1176,341
MpP1p08,P,1180,345
MpP1p08,P,1184,349
MpP1p08,P,1188,349
MpP1p08,P,1192,352
MpP1p08,P,1196,357
MpP1p08,P,1200,360
MpP1p08,P,1204,363
MpP1p08,P,1208,365
MpP1p08,P,1212,373
MpP1p08,P,1216,374
MpP1p08,P,1220,380
MpP1p08,P,1224,386
MpP1p08,P,1228,390
MpP1p08,P,1232,394
MpP1p08,P,1236,397
MpP1p08,P,1240,373
MpP1p08,P,1244,377
MpP1p08,P,1248,383
MpP1p08,P,1252,388
MpP1p08,P,1256,392
MpP1p08,P,1260,394
MpP1p08,P,1264,397
MpP1p08,P,1268,399
MpP1p08,P,1272,401
MpP1p08,P,1276,402
MpP1p08,P,1280,407
MpP1p08,P,1284,409
MpP1p08,P,1288,412
MpP1p08,P,1292,412
MpP1p08,P,1296,401
MpP1p08,P,1300,404
MpP1p08,P,1304,362
MpP1p08,P,1308,342
MpP1p08,P,1312,311
MpP1p08,P,1316,301
MpP1p08,P,1320,260
MpP1p08,P,1324,185
MpP1p08,P,1328,163
MpP1p08,P,1332,149
MpP1p08,P,1336,107
MpP1p08,P,1340,73
MpP1p08,P,1344,27
MpP1p08,P,1348,0
MpP1p08,P,1352,0
MpP1p08,P,1356,0
MpP1p08,P,1360,0
MpP1p08,P,1364,0
MpP1p08,P,1368,0
MpP1p08,P,1372,0
MpP1p08,P,1376,0
MpP1p08,P,1380,0
MpP1p08,P,1384,0
MpP1p08,P,1388,0
MpP1p08,P,1392,0
MpP1p08,P,1396,0
MpP1p08,P,1400,0
MpP1p08,P,1404,0
MpP1p08,P,1408,0
MpP1p08,P,1412,0
MpP1p08,P,1416,0
MpP1p08,P,1420,0
MpP1p08,P,1424,0
MpP1p08,P,1428,0
MpP1p08,P,1432,0
MpP1p08,P,1436,0
MpP1p08,P,1440,0
MpP1p08,P,1444,0
MpP1p08,P,1448,0
MpP1p08,P,1452,0
MpP1p08,P,1456,0
MpP1p08,P,1460,0
MpP1p08,P,1464,0
MpP1p08,P,1468,0
MpP1p08,P,1472,0
MpP1p08,P,1476,0
MpP1p08,P,1480,0
MpP1p09,P,0,0
MpP1p09,P,4,0
MpP1p09,P,8,0
MpP1p09,P,12,0
MpP1p09,P,16,0
MpP1p09,P,20,0
MpP1p09,P,24,0
MpP1p09,P,28,0
MpP1p09,P,32,0
MpP1p09,P,36,0
MpP1p09,P,40,0
MpP1p09,P,44,0
MpP1p09,P,48,0
MpP1p09,P,52,0
MpP1p09,P,56,0
MpP1p09,P,60,0
MpP1p09,P,64,0
MpP1p09,P,68,0
MpP1p09,P,72,0
MpP1p09,P,76,0
MpP1p09,P,80,0
MpP1p09,P,84,0
MpP1p09,P,88,0
MpP1p09,P,92,0
MpP1p09,P,96,0
MpP1p09,P,100,0
MpP1p09,P,104,0
MpP1p09,P,108,0
MpP1p09,P,112,0
MpP1p09,P,116,1
MpP1p09,P,120,1
MpP1p09,P,124,1
MpP1p09,P,128,1
MpP1p09,P,132,2
MpP1p09,P,136,2
MpP1p09,P,140,3
MpP1p09,P,144,3
MpP1p09,P,148,3
MpP1p09,P,152,3
MpP1p09,P,156,3
MpP1p09,P,160,3
MpP1p09,P,164,3
MpP1p09,P,168,3
MpP1p09,P,172,3
MpP1p09,P,176,4
MpP1p09,P,180,4
MpP1p09,P,184,4
MpP1p09,P,188,4
MpP1p09,P,192,4
MpP1p09,P,196,4
MpP1p09,P,200,4
MpP1p09,P,204,4
MpP1p09,P,208,5
MpP1p09,P,212,5
MpP1p09,P,216,5
MpP1p09,P,220,5
MpP1p09,P,224,5
MpP1p09,P,228,5
MpP1p09,P,232,7
MpP1p09,P,236,8
MpP1p09,P,240,8
MpP1p09,P,244,10
MpP1p09,P,248,10
MpP1p09,P,252,10
MpP1p09,P,256,12
MpP1p09,P,260,12
MpP1p09,P,264,12
MpP1p09,P,268,13
MpP1p09,P,272,13
MpP1p09,P,276,14
MpP1p09,P,280,14
MpP1p09,P,284,16
MpP1p09,P,288,16
MpP1p09,P,292,16
MpP1p09,P,296,16
MpP1p09,P,300,16
MpP1p09,P,304,17
MpP1p09,P,308,19
MpP1p09,P,312,19
MpP1p09,P,316,19
MpP1p09,P,320,19
MpP1p09,P,324,20
MpP1p09,P,328,21
MpP1p09,P,332,22
MpP1p09,P,336,22
MpP1p09,P,340,22
MpP1p09,P,344,22
MpP1p09,P,348,23
MpP1p09,P,352,23
MpP1p09,P,356,23
MpP1p09,P,360,24
MpP1p09,P,364,25
MpP1p09,P,368,26
MpP1p09,P,372,27
MpP1p09,P,376,29
MpP1p09,P,380,29
MpP1p09,P,384,29
MpP1p09,P,388,29
MpP1p09,P,392,29
MpP1p09,P,396,30
MpP1p09,P,400,30
MpP1p09,P,404,32
MpP1p09,P,408,32
MpP1p09,P,412,32
MpP1p09,P,416,32
MpP1p09,P,420,33
MpP1p09,P,424,34
MpP1p09,P,428,36
MpP1p09,P,432,36
MpP1p09,P,436,37
MpP1p09,P,440,37
MpP1p09,P,444,38
MpP1p09,P,448,39
MpP1p09,P,452,39
MpP1p09,P,456,39
MpP1p09,P,460,42
MpP1p09,P,464,42
MpP1p09,P,468,42
MpP1p09,P,472,42
MpP1p09,P,476,42
MpP1p09,P,480,42
MpP1p09,P,484,43
MpP1p09,P,488,43
MpP1p09,P,492,43
MpP1p09,P,496,44
MpP1p09,P,500,45
MpP1p09,P,504,46
MpP1p09,P,508,47
MpP1p09,P,512,49
MpP1p09,P,516,49
MpP1p09,P,520,50
MpP1p09,P,524,52
MpP1p09,P,528,53
MpP1p09,P,532,53
MpP1p09,P,536,53
MpP1p09,P,540,54
MpP1p09,P,544,54
MpP1p09,P,548,54
MpP1p09,P,552,54
MpP1p09,P,556,54
MpP1p09,P,560,54
MpP1p09,P,564,54
MpP1p09,P,568,54
MpP1p09,P,572,55
MpP1p09,P,576,55
MpP1p09,P,580,56
MpP1p09,P,584,57
MpP1p09,P,588,57
MpP1p09,P,592,59
MpP1p09,P,596,60
MpP1p09,P,600,61
MpP1p09,P,604,61
MpP1p09,P,608,61
MpP1p09,P,612,61
MpP1p09,P,616,61
MpP1p09,P,620,64
MpP1p09,P,624,66
MpP1p09,P,628,66
MpP1p09,P,632,67
MpP1p09,P,636,67
MpP1p09,P,640,69
MpP1p09,P,644,69
MpP1p09,P,648,69
MpP1p09,P,652,70
MpP1p09,P,656,72
MpP1p09,P,660,72
MpP1p09,P,664,73
MpP1p09,P,668,74
MpP1p09,P,672,75
MpP1p09,P,676,75
MpP1p09,P,680,75
MpP1p09,P,684,76
MpP1p09,P,688,76
MpP1p09,P,692,76
MpP1p09,P,696,76
MpP1p09,P,700,76
MpP1p09,P,704,77
MpP1p09,P,708,79
MpP1p09,P,712,81
MpP1p09,P,716,82
MpP1p09,P,720,83
MpP1p09,P,724,84
MpP1p09,P,728,85
MpP1p09,P,732,85
MpP1p09,P,736,85
MpP1p09,P,740,86
MpP1p09,P,744,87
MpP1p09,P,748,87
MpP1p09,P,752,88
MpP1p09,P,756,88
MpP1p09,P,760,91
MpP1p09,P,764,91
MpP1p09,P,768,92
MpP1p09,P,772,94
MpP1p09,P,776,95
MpP1p09,P,780,97
MpP1p09,P,784,97
MpP1p09,P,788,97
MpP1p09,P,792,97
MpP1p09,P,796,98
MpP1p09,P,800,99
MpP1p09,P,804,101
MpP1p09,P,808,102
MpP1p09,P,812,102
MpP1p09,P,816,103
MpP1p09,P,820,105
MpP1p09,P,824,105
MpP1p09,P,828,105
MpP1p09,P,832,108
MpP1p09,P,836,108
MpP1p09,P,840,109
MpP1p09,P,844,110
MpP1p09,P,848,110
MpP1p09,P,852,110
MpP1p09,P,856,110
MpP1p09,P,860,110
MpP1p09,P,864,110
MpP1p09,P,868,112
MpP1p09,P,872,112
MpP1p09,P,876,113
MpP1p09,P,880,113
MpP1p09,P,884,115
MpP1p09,P,888,116
MpP1p09,P,892,117
MpP1p09,P,896,118
MpP1p09,P,900,119
MpP1p09,P,904,122
MpP1p09,P,908,124
MpP1p09,P,912,125
MpP1p09,P,916,125
MpP1p09,P,920,125
MpP1p09,P,924,126
MpP1p09,P,928,128
MpP1p09,P,932,128
MpP1p09,P,936,129
MpP1p09,P,940,129
MpP1p09,P,944,131
MpP1p09,P,948,131
MpP1p09,P,952,132
MpP1p09,P,956,132
MpP1p09,P,960,135
MpP1p09,P,964,137
MpP1p09,P,968,140
MpP1p09,P,972,142
MpP1p09,P,976,145
MpP1p09,P,980,147
MpP1p09,P,984,148
MpP1p09,P,988,148
MpP1p09,P,992,149
MpP1p09,P,996,150
MpP1p09,P,1000,152
MpP1p09,P,1004,155
MpP1p09,P,1008,159
MpP1p09,P,1012,160
MpP1p09,P,1016,161
MpP1p09,P,1020,164
MpP1p09,P,1024,165
MpP1p09,P,1028,167
MpP1p09,P,1032,170
MpP1p09,P,1036,171
MpP1p09,P,1040,172
MpP1p09,P,1044,176
MpP1p09,P,1048,180
MpP1p09,P,1052,181
MpP1p09,P,1056,186
MpP1p09,P,1060,188
MpP1p09,P,1064,194
MpP1p09,P,1068,196
MpP1p09,P,1072,199
MpP1p09,P,1076,201
MpP1p09,P,1080,203
MpP1p09,P,1084,207
MpP1p09,P,1088,209
MpP1p09,P,1092,211
MpP1p09,P,1096,216
MpP1p09,P,1100,220
MpP1p09,P,1104,224
MpP1p09,P,1108,229
MpP1p09,P,1112,229
MpP1p09,P,1116,235
MpP1p09,P,1120,237
MpP1p09,P,1124,240
MpP1p09,P,1128,243
MpP1p09,P,1132,246
MpP1p09,P,1136,250
MpP1p09,P,1140,254
MpP1p09,P,1144,259
MpP1p09,P,1148,261
MpP1p09,P,1152,264
MpP1p09,P,1156,266
MpP1p09,P,1160,268
MpP1p09,P,1164,271
MpP1p09,P,1168,273
MpP1p09,P,1172,275
MpP1p09,P,1176,280
MpP1p09,P,1180,283
MpP1p09,P,1184,286
MpP1p09,P,1188,287
MpP1p09,P,1192,290
MpP1p09,P,1196,292
MpP1p09,P,1200,297
MpP1p09,P,1204,300
MpP1p09,P,1208,303
MpP1p09,P,1212,310
MpP1p09,P,1216,312
MpP1p09,P,1220,315
MpP1p09,P,1224,322
MpP1p09,P,1228,325
MpP1p09,P,1232,328
MpP1p09,P,1236,334
MpP1p09,P,1240,308
MpP1p09,P,1244,312
MpP1p09,P,1248,316
MpP1p09,P,1252,319
MpP1p09,P,1256,327
MpP1p09,P,1260,330
MpP1p09,P,1264,334
MpP1p09,P,1268,339
MpP1p09,P,1272,340
MpP1p09,P,1276,347
MpP1p09,P,1280,351
MpP1p09,P,1284,354
MpP1p09,P,1288,358
MpP1p09,P,1292,361
MpP1p09,P,1296,349
MpP1p09,P,1300,351
MpP1p09,P,1304,304
MpP1p09,P,1308,279
MpP1p09,P,1312,254
MpP1p09,P,1316,245
MpP1p09,P,1320,201
MpP1p09,P,1324,139
MpP1p09,P,1328,122
MpP1p09,P,1332,106
MpP1p09,P,1336,73
MpP1p09,P,1340,41
MpP1p09,P,1344,14
MpP1p09,P,1348,0
MpP1p09,P,1352,0
MpP1p09,P,1356,0
MpP1p09,P,1360,0
MpP1p09,P,1364,0
MpP1p09,P,1368,0
MpP1p09,P,1372,0
MpP1p09,P,1376,0
MpP1p09,P,1380,0
MpP1p09,P,1384,0
MpP1p09,P,1388,0
MpP1p09,P,1392,0
MpP1p09,P,1396,0
MpP1p09,P,1400,0
MpP1p09,P,1404,0
MpP1p09,P,1408,0
MpP1p09,P,1412,0
MpP1p09,P,1416,0
MpP1p09,P,1420,0
MpP1p09,P,1424,0
MpP1p09,P,1428,0
MpP1p09,P,1432,0
MpP1p09,P,1436,0
MpP1p09,P,1440,0
MpP1p09,P,1444,0
MpP1p09,P,1448,0
MpP1p09,P,1452,0
MpP1p09,P,1456,0
MpP1p09,P,1460,0
MpP1p09,P,1464,0
MpP1p09,P,1468,0
MpP1p09,P,1472,0
MpP1p09,P,1476,0
MpP1p09,P,1480,0
MpP1p10,P,0,0
MpP1p10,P,4,0
MpP1p10,P,8,0
MpP1p10,P,12,0
MpP1p10,P,16,0
MpP1p10,P,20,0
MpP1p10,P,24,0
MpP1p10,P,28,0
MpP1p10,P,32,0
MpP1p10,P,36,0
MpP1p10,P,40,0
MpP1p10,P,44,0
MpP1p10,P,48,0
MpP1p10,P,52,1
MpP1p10,P,56,2
MpP1p10,P,60,2
MpP1p10,P,64,2
MpP1p10,P,68,2
MpP1p10,P,72,2
MpP1p10,P,76,3
MpP1p10,P,80,3
MpP1p10,P,84,3
MpP1p10,P,88,4
MpP1p10,P,92,4
MpP1p10,P,96,4
MpP1p10,P,100,4
MpP1p10,P,104,4
MpP1p10,P,108,4
MpP1p10,P,112,5
MpP1p10,P,116,5
MpP1p10,P,120,5
MpP1p10,P,124,5
MpP1p10,P,128,5
MpP1p10,P,132,5
MpP1p10,P,136,5
MpP1p10,P,140,5
MpP1p10,P,144,5
MpP1p10,P,148,5
MpP1p10,P,152,6
MpP1p10,P,156,6
MpP1p10,P,160,6
MpP1p10,P,164,6
MpP1p10,P,168,6
MpP1p10,P,172,7
MpP1p10,P,176,8
MpP1p10,P,180,8
MpP1p10,P,184,8
MpP1p10,P,188,9
MpP1p10,P,192,9
MpP1p10,P,196,9
MpP1p10,P,200,9
MpP1p10,P,204,10
MpP1p10,P,208,10
MpP1p10,P,212,12
MpP1p10,P,216,12
MpP1p10,P,220,12
MpP1p10,P,224,12
MpP1p10,P,228,14
MpP1p10,P,232,14
MpP1p10,P,236,16
MpP1p10,P,240,16
MpP1p10,P,244,17
MpP1p10,P,248,17
MpP1p10,P,252,17
MpP1p10,P,256,17
MpP1p10,P,260,17
MpP1p10,P,264,17
MpP1p10,P,268,17
MpP1p10,P,272,17
MpP1p10,P,276,17
MpP1p10,P,280,18
MpP1p10,P,284,18
MpP1p10,P,288,18
MpP1p10,P,292,18
MpP1p10,P,296,18
MpP1p10,P,300,19
MpP1p10,P,304,19
MpP1p10,P,308,21
MpP1p10,P,312,21
MpP1p10,P,316,21
MpP1p10,P,320,21
MpP1p10,P,324,21
MpP1p10,P,328,21
MpP1p10,P,332,21
MpP1p10,P,336,21
MpP1p10,P,340,23
MpP1p10,P,344,23
MpP1p10,P,348,23
MpP1p10,P,352,23
MpP1p10,P,356,23
MpP1p10,P,360,24
MpP1p10,P,364,25
MpP1p10,P,368,25
MpP1p10,P,372,25
MpP1p10,P,376,26
MpP1p10,P,380,26
MpP1p10,P,384,26
MpP1p10,P,388,26
MpP1p10,P,392,26
MpP1p10,P,396,26
MpP1p10,P,400,26
MpP1p10,P,404,27
MpP1p10,P,408,27
MpP1p10,P,412,27
MpP1p10,P,416,28
MpP1p10,P,420,28
MpP1p10,P,424,28
MpP1p10,P,428,29
MpP1p10,P,432,29
MpP1p10,P,436,29
MpP1p10,P,440,29
MpP1p10,P,444,31
MpP1p10,P,448,31
MpP1p10,P,452,32
MpP1p10,P,456,32
MpP1p10,P,460,34
MpP1p10,P,464,34
MpP1p10,P,468,35
MpP1p10,P,472,35
MpP1p10,P,476,35
MpP1p10,P,480,36
MpP1p10,P,484,36
MpP1p10,P,488,37
MpP1p10,P,492,37
MpP1p10,P,496,37
MpP1p10,P,500,38
MpP1p10,P,504,39
MpP1p10,P,508,39
MpP1p10,P,512,39
MpP1p10,P,516,39
MpP1p10,P,520,39
MpP1p10,P,524,40
MpP1p10,P,528,42
MpP1p10,P,532,43
MpP1p10,P,536,44
MpP1p10,P,540,44
MpP1p10,P,544,45
MpP1p10,P,548,45
MpP1p10,P,552,45
MpP1p10,P,556,47
MpP1p10,P,560,49
MpP1p10,P,564,50
MpP1p10,P,568,51
MpP1p10,P,572,51
MpP1p10,P,576,51
MpP1p10,P,580,51
MpP1p10,P,584,51
MpP1p10,P,588,51
MpP1p10,P,592,51
MpP1p10,P,596,51
MpP1p10,P,600,51
MpP1p10,P,604,53
MpP1p10,P,608,54
MpP1p10,P,612,54
MpP1p10,P,616,54
MpP1p10,P,620,55
MpP1p10,P,624,56
MpP1p10,P,628,59
MpP1p10,P,632,59
MpP1p10,P,636,61
MpP1p10,P,640,62
MpP1p10,P,644,62
MpP1p10,P,648,62
MpP1p10,P,652,63
MpP1p10,P,656,63
MpP1p10,P,660,64
MpP1p10,P,664,65
MpP1p10,P,668,66
MpP1p10,P,672,67
MpP1p10,P,676,68
MpP1p10,P,680,68
MpP1p10,P,684,69
MpP1p10,P,688,70
MpP1p10,P,692,71
MpP1p10,P,696,71
MpP1p10,P,700,72
MpP1p10,P,704,73
MpP1p10,P,708,74
MpP1p10,P,712,75
MpP1p10,P,716,76
MpP1p10,P,720,76
MpP1p10,P,724,77
MpP1p10,P,728,77
MpP1p10,P,732,77
MpP1p10,P,736,78
MpP1p10,P,740,78
MpP1p10,P,744,79
MpP1p10,P,748,80
MpP1p10,P,752,80
MpP1p10,P,756,80
MpP1p10,P,760,80
MpP1p10,P,764,81
MpP1p10,P,768,81
MpP1p10,P,772,81
MpP1p10,P,776,82
MpP1p10,P,780,82
MpP1p10,P,784,82
MpP1p10,P,788,83
MpP1p10,P,792,85
MpP1p10,P,796,85
MpP1p10,P,800,87
MpP1p10,P,804,87
MpP1p10,P,808,88
MpP1p10,P,812,89
MpP1p10,P,816,89
MpP1p10,P,820,90
MpP1p10,P,824,91
MpP1p10,P,828,92
MpP1p10,P,832,94
MpP1p10,P,836,94
MpP1p10,P,840,95
MpP1p10,P,844,95
MpP1p10,P,848,95
MpP1p10,P,852,96
MpP1p10,P,856,97
MpP1p10,P,860,99
MpP1p10,P,864,101
MpP1p10,P,868,102
MpP1p10,P,872,103
MpP1p10,P,876,105
MpP1p10,P,880,105
MpP1p10,P,884,106
MpP1p10,P,888,107
MpP1p10,P,892,108
MpP1p10,P,896,110
MpP1p10,P,900,111
MpP1p10,P,904,111
MpP1p10,P,908,111
MpP1p10,P,912,113
MpP1p10,P,916,114
MpP1p10,P,920,116
MpP1p10,P,924,118
MpP1p10,P,928,119
MpP1p10,P,932,119
MpP1p10,P,936,119
MpP1p10,P,940,125
MpP1p10,P,944,126
MpP1p10,P,948,126
MpP1p10,P,952,127
MpP1p10,P,956,128
MpP1p10,P,960,129
MpP1p10,P,964,130
MpP1p10,P,968,132
MpP1p10,P,972,133
MpP1p10,P,976,135
MpP1p10,P,980,137
MpP1p10,P,984,138
MpP1p10,P,988,140
MpP1p10,P,992,143
MpP1p10,P,996,146
MpP1p10,P,1000,150
MpP1p10,P,1004,150
MpP1p10,P,1008,153
MpP1p10,P,1012,154
MpP1p10,P,1016,157
MpP1p10,P,1020,160
MpP1p10,P,1024,162
MpP1p10,P,1028,165
MpP1p10,P,1032,165
MpP1p10,P,1036,168
MpP1p10,P,1040,172
MpP1p10,P,1044,174
MpP1p10,P,1048,175
MpP1p10,P,1052,179
MpP1p10,P,1056,182
MpP1p10,P,1060,185
MpP1p10,P,1064,187
MpP1p10,P,1068,188
MpP1p10,P,1072,190
MpP1p10,P,1076,193
MpP1p10,P,1080,194
MpP1p10,P,1084,195
MpP1p10,P,1088,200
MpP1p10,P,1092,203
MpP1p10,P,1096,205
MpP1p10,P,1100,207
MpP1p10,P,1104,212
MpP1p10,P,1108,215
MpP1p10,P,1112,216
MpP1p10,P,1116,218
MpP1p10,P,1120,224
MpP1p10,P,1124,226
MpP1p10,P,1128,230
MpP1p10,P,1132,233
MpP1p10,P,1136,236
MpP1p10,P,1140,239
MpP1p10,P,1144,244
MpP1p10,P,1148,249
MpP1p10,P,1152,252
MpP1p10,P,1156,258
MpP1p10,P,1160,259
MpP1p10,P,1164,265
MpP1p10,P,1168,269
MpP1p10,P,1172,271
MpP1p10,P,1176,276
MpP1p10,P,1180,280
MpP1p10,P,1184,283
MpP1p10,P,1188,288
MpP1p10,P,1192,290
MpP1p10,P,1196,294
MpP1p10,P,1200,298
MpP1p10,P,1204,305
MpP1p10,P,1208,309
MpP1p10,P,1212,316
MpP1p10,P,1216,321
MpP1p10,P,1220,324
MpP1p10,P,1224,334
MpP1p10,P,1228,340
MpP1p10,P,1232,344
MpP1p10,P,1236,347
MpP1p10,P,1240,328
MpP1p10,P,1244,329
MpP1p10,P,1248,338
MpP1p10,P,1252,342
MpP1p10,P,1256,347
MpP1p10,P,1260,352
MpP1p10,P,1264,358
MpP1p10,P,1268,361
MpP1p10,P,1272,372
MpP1p10,P,1276,379
MpP1p10,P,1280,386
MpP1p10,P,1284,391
MpP1p10,P,1288,397
MpP1p10,P,1292,401
MpP1p10,P,1296,393
MpP1p10,P,1300,397
MpP1p10,P,1304,349
MpP1p10,P,1308,327
MpP1p10,P,1312,300
MpP1p10,P,1316,286
MpP1p10,P,1320,256
MpP1p10,P,1324,192
MpP1p10,P,1328,171
MpP1p10,P,1332,142
MpP1p10,P,1336,106
MpP1p10,P,1340,65
MpP1p10,P,1344,20
MpP1p10,P,1348,1
MpP1p10,P,1352,1
MpP1p10,P,1356,0
MpP1p10,P,1360,0
MpP1p10,P,1364,0
MpP1p10,P,1368,0
MpP1p10,P,1372,0
MpP1p10,P,1376,0
MpP1p10,P,1380,0
MpP1p10,P,1384,0
MpP1p10,P,1388,0
MpP1p10,P,1392,0
MpP1p10,P,1396,0
MpP1p10,P,1400,0
MpP1p10,P,1404,0
MpP1p10,P,1408,0
MpP1p10,P,1412,0
MpP1p10,P,1416,0
MpP1p10,P,1420,0
MpP1p10,P,1424,0
MpP1p10,P,1428,0
MpP1p10,P,1432,0
MpP1p10,P,1436,0
MpP1p10,P,1440,0
MpP1p10,P,1444,0
MpP1p10,P,1448,0
MpP1p10,P,1452,0
MpP1p10,P,1456,0
MpP1p10,P,1460,0
MpP1p10,P,1464,0
MpP1p10,P,1468,0
MpP1p10,P,1472,0
MpP1p10,P,1476,0
MpP1p10,P,1480,0
MpP1p11,P,0,0
MpP1p11,P,4,0
MpP1p11,P,8,0
MpP1p11,P,12,0
MpP1p11,P,16,0
MpP1p11,P,20,0
MpP1p11,P,24,0
MpP1p11,P,28,0
MpP1p11,P,32,0
MpP1p11,P,36,0
MpP1p11,P,40,0
MpP1p11,P,44,0
MpP1p11,P,48,0
MpP1p11,P,52,0
MpP1p11,P,56,1
MpP1p11,P,60,1
MpP1p11,P,64,2
MpP1p11,P,68,2
MpP1p11,P,72,2
MpP1p11,P,76,2
MpP1p11,P,80,2
MpP1p11,P,84,3
MpP1p11,P,88,3
MpP1p11,P,92,3
MpP1p11,P,96,4
MpP1p11,P,100,4
MpP1p11,P,104,7
MpP1p11,P,108,7
MpP1p11,P,112,8
MpP1p11,P,116,9
MpP1p11,P,120,10
MpP1p11,P,124,11
MpP1p11,P,128,11
MpP1p11,P,132,12
MpP1p11,P,136,12
MpP1p11,P,140,13
MpP1p11,P,144,14
MpP1p11,P,148,17
MpP1p11,P,152,17
MpP1p11,P,156,18
MpP1p11,P,160,20
MpP1p11,P,164,20
MpP1p11,P,168,21
MpP1p11,P,172,21
MpP1p11,P,176,23
MpP1p11,P,180,25
MpP1p11,P,184,26
MpP1p11,P,188,26
MpP1p11,P,192,28
MpP1p11,P,196,31
MpP1p11,P,200,33
MpP1p11,P,204,34
MpP1p11,P,208,34
MpP1p11,P,212,38
MpP1p11,P,216,38
MpP1p11,P,220,42
MpP1p11,P,224,44
MpP1p11,P,228,44
MpP1p11,P,232,45
MpP1p11,P,236,49
MpP1p11,P,240,50
MpP1p11,P,244,52
MpP1p11,P,248,56
MpP1p11,P,252,56
MpP1p11,P,256,57
MpP1p11,P,260,57
MpP1p11,P,264,58
MpP1p11,P,268,59
MpP1p11,P,272,61
MpP1p11,P,276,64
MpP1p11,P,280,65
MpP1p11,P,284,67
MpP1p11,P,288,69
MpP1p11,P,292,71
MpP1p11,P,296,71
MpP1p11,P,300,73
MpP1p11,P,304,74
MpP1p11,P,308,78
MpP1p11,P,312,85
MpP1p11,P,316,86
MpP1p11,P,320,87
MpP1p11,P,324,89
MpP1p11,P,328,90
MpP1p11,P,332,92
MpP1p11,P,336,95
MpP1p11,P,340,95
MpP1p11,P,344,99
MpP1p11,P,348,99
MpP1p11,P,352,101
MpP1p11,P,356,103
MpP1p11,P,360,104
MpP1p11,P,364,106
MpP1p11,P,368,107
MpP1p11,P,372,109
MpP1p11,P,376,110
MpP1p11,P,380,112
MpP1p11,P,384,113
MpP1p11,P,388,114
MpP1p11,P,392,116
MpP1p11,P,396,116
MpP1p11,P,400,117
MpP1p11,P,404,118
MpP1p11,P,408,120
MpP1p11,P,412,121
MpP1p11,P,416,123
MpP1p11,P,420,124
MpP1p11,P,424,128
MpP1p11,P,428,130
MpP1p11,P,432,130
MpP1p11,P,436,131
MpP1p11,P,440,132
MpP1p11,P,444,132
MpP1p11,P,448,135
MpP1p11,P,452,135
MpP1p11,P,456,137
MpP1p11,P,460,138
MpP1p11,P,464,138
MpP1p11,P,468,139
MpP1p11,P,472,141
MpP1p11,P,476,141
MpP1p11,P,480,141
MpP1p11,P,484,143
MpP1p11,P,488,143
MpP1p11,P,492,144
MpP1p11,P,496,146
MpP1p11,P,500,146
MpP1p11,P,504,146
MpP1p11,P,508,147
MpP1p11,P,512,148
MpP1p11,P,516,150
MpP1p11,P,520,152
MpP1p11,P,524,153
MpP1p11,P,528,153
MpP1p11,P,532,155
MpP1p11,P,536,156
MpP1p11,P,540,156
MpP1p11,P,544,157
MpP1p11,P,548,159
MpP1p11,P,552,159
MpP1p11,P,556,161
MpP1p11,P,560,161
MpP1p11,P,564,163
MpP1p11,P,568,164
MpP1p11,P,572,165
MpP1p11,P,576,166
MpP1p11,P,580,166
MpP1p11,P,584,168
MpP1p11,P,588,169
MpP1p11,P,592,170
MpP1p11,P,596,172
MpP1p11,P,600,172
MpP1p11,P,604,173
MpP1p11,P,608,177
MpP1p11,P,612,178
MpP1p11,P,616,178
MpP1p11,P,620,178
MpP1p11,P,624,181
MpP1p11,P,628,185
MpP1p11,P,632,188
MpP1p11,P,636,189
MpP1p11,P,640,191
MpP1p11,P,644,194
MpP1p11,P,648,194
MpP1p11,P,652,197
MpP1p11,P,656,199
MpP1p11,P,660,200
MpP1p11,P,664,201
MpP1p11,P,668,202
MpP1p11,P,672,205
MpP1p11,P,676,206
MpP1p11,P,680,210
MpP1p11,P,684,210
MpP1p11,P,688,210
MpP1p11,P,692,212
MpP1p11,P,696,212
MpP1p11,P,700,212
MpP1p11,P,704,214
MpP1p11,P,708,216
MpP1p11,P,712,217
MpP1p11,P,716,218
MpP1p11,P,720,218
MpP1p11,P,724,221
MpP1p11,P,728,222
MpP1p11,P,732,223
MpP1p11,P,736,224
MpP1p11,P,740,226
MpP1p11,P,744,226
MpP1p11,P,748,227
MpP1p11,P,752,231
MpP1p11,P,756,232
MpP1p11,P,760,233
MpP1p11,P,764,234
MpP1p11,P,768,234
MpP1p11,P,772,237
MpP1p11,P,776,239
MpP1p11,P,780,240
MpP1p11,P,784,241
MpP1p11,P,788,243
MpP1p11,P,792,243
MpP1p11,P,796,246
MpP1p11,P,800,247
MpP1p11,P,804,247
MpP1p11,P,808,248
MpP1p11,P,812,250
MpP1p11,P,816,251
MpP1p11,P,820,252
MpP1p11,P,824,255
MpP1p11,P,828,255
MpP1p11,P,832,255
MpP1p11,P,836,257
MpP1p11,P,840,260
MpP1p11,P,844,261
MpP1p11,P,848,261
MpP1p11,P,852,265
MpP1p11,P,856,268
MpP1p11,P,860,272
MpP1p11,P,864,276
MpP1p11,P,868,279
MpP1p11,P,872,279
MpP1p11,P,876,280
MpP1p11,P,880,281
MpP1p11,P,884,281
MpP1p11,P,888,281
MpP1p11,P,892,284
MpP1p11,P,896,288
MpP1p11,P,900,290
MpP1p11,P,904,291
MpP1p11,P,908,291
MpP1p11,P,912,292
MpP1p11,P,916,294
MpP1p11,P,920,297
MpP1p11,P,924,299
MpP1p11,P,928,300
MpP1p11,P,932,301
MpP1p11,P,936,304
MpP1p11,P,940,306
MpP1p11,P,944,307
MpP1p11,P,948,309
MpP1p11,P,952,313
MpP1p11,P,956,316
MpP1p11,P,960,320
MpP1p11,P,964,323
MpP1p11,P,968,326
MpP1p11,P,972,328
MpP1p11,P,976,332
MpP1p11,P,980,337
MpP1p11,P,984,342
MpP1p11,P,988,348
MpP1p11,P,992,355
MpP1p11,P,996,362
MpP1p11,P,1000,365
MpP1p11,P,1004,368
MpP1p11,P,1008,374
MpP1p11,P,1012,377
MpP1p11,P,1016,383
MpP1p11,P,1020,386
MpP1p11,P,1024,391
MpP1p11,P,1028,395
MpP1p11,P,1032,400
MpP1p11,P,1036,405
MpP1p11,P,1040,407
MpP1p11,P,1044,414
MpP1p11,P,1048,419
MpP1p11,P,1052,424
MpP1p11,P,1056,428
MpP1p11,P,1060,434
MpP1p11,P,1064,441
MpP1p11,P,1068,446
MpP1p11,P,1072,455
MpP1p11,P,1076,466
MpP1p11,P,1080,474
MpP1p11,P,1084,486
MpP1p11,P,1088,491
MpP1p11,P,1092,498
MpP1p11,P,1096,510
MpP1p11,P,1100,517
MpP1p11,P,1104,523
MpP1p11,P,1108,530
MpP1p11,P,1112,535
MpP1p11,P,1116,540
MpP1p11,P,1120,549
MpP1p11,P,1124,553
MpP1p11,P,1128,560
MpP1p11,P,1132,569
MpP1p11,P,1136,574
MpP1p11,P,1140,580
MpP1p11,P,1144,587
MpP1p11,P,1148,590
MpP1p11,P,1152,598
MpP1p11,P,1156,605
MpP1p11,P,1160,613
MpP1p11,P,1164,622
MpP1p11,P,1168,630
MpP1p11,P,1172,634
MpP1p11,P,1176,643
MpP1p11,P,1180,651
MpP1p11,P,1184,657
MpP1p11,P,1188,663
MpP1p11,P,1192,667
MpP1p11,P,1196,677
MpP1p11,P,1200,682
MpP1p11,P,1204,689
MpP1p11,P,1208,699
MpP1p11,P,1212,705
MpP1p11,P,1216,715
MpP1p11,P,1220,724
MpP1p11,P,1224,729
MpP1p11,P,1228,739
MpP1p11,P,1232,745
MpP1p11,P,1236,749
MpP1p11,P,1240,696
MpP1p11,P,1244,702
MpP1p11,P,1248,710
MpP1p11,P,1252,716
MpP1p11,P,1256,725
MpP1p11,P,1260,729
MpP1p11,P,1264,739
MpP1p11,P,1268,745
MpP1p11,P,1272,747
MpP1p11,P,1276,749
MpP1p11,P,1280,755
MpP1p11,P,1284,757
MpP1p11,P,1288,762
MpP1p11,P,1292,768
MpP1p11,P,1296,739
MpP1p11,P,1300,743
MpP1p11,P,1304,648
MpP1p11,P,1308,606
MpP1p11,P,1312,548
MpP1p11,P,1316,530
MpP1p11,P,1320,459
MpP1p11,P,1324,323
MpP1p11,P,1328,291
MpP1p11,P,1332,262
MpP1p11,P,1336,214
MpP1p11,P,1340,137
MpP1p11,P,1344,49
MpP1p11,P,1348,2
MpP1p11,P,1352,0
MpP1p11,P,1356,0
MpP1p11,P,1360,0
MpP1p11,P,1364,0
MpP1p11,P,1368,0
MpP1p11,P,1372,0
MpP1p11,P,1376,0
MpP1p11,P,1380,0
MpP1p11,P,1384,0
MpP1p11,P,1388,0
MpP1p11,P,1392,0
MpP1p11,P,1396,0
MpP1p11,P,1400,0
MpP1p11,P,1404,0
MpP1p11,P,1408,0
MpP1p11,P,1412,0
MpP1p11,P,1416,0
MpP1p11,P,1420,0
MpP1p11,P,1424,0
MpP1p11,P,1428,0
MpP1p11,P,1432,0
MpP1p11,P,1436,0
MpP1p11,P,1440,0
MpP1p11,P,1444,0
MpP1p11,P,1448,0
MpP1p11,P,1452,0
MpP1p11,P,1456,0
MpP1p11,P,1460,0
MpP1p11,P,1464,0
MpP1p11,P,1468,0
MpP1p11,P,1472,0
MpP1p11,P,1476,0
MpP1p11,P,1480,0
