particle,molecule_id,bead_index,bp_start,bp_end,x_A,y_A,z_A,lattice_x,lattice_y,lattice_z
P1_DNA_bead_1_1,1,1,1,10,231.80746367,-33.78324235,-1733.87278017,34,31,46
P1_DNA_bead_1_2,1,2,11,20,215.81716299,-57.70224099,-1715.75671581,34,31,46
P1_DNA_bead_1_3,1,3,21,30,210.21245354,-75.54865102,-1687.36494092,34,31,47
P1_DNA_bead_1_4,1,4,31,40,205.26752864,-75.26543000,-1653.72764758,34,31,47
P1_DNA_bead_1_5,1,5,41,50,196.74418678,-77.22667004,-1620.87180820,33,31,47
P1_DNA_bead_1_6,1,6,51,60,194.21008138,-71.77624317,-1587.40733216,33,31,48
P1_DNA_bead_1_7,1,7,61,70,180.55215654,-81.23125498,-1557.74146220,33,31,48
P1_DNA_bead_1_8,1,8,71,80,157.84366642,-93.11959083,-1535.40333453,33,31,48
P1_DNA_bead_1_9,1,9,81,90,150.65568346,-115.94397756,-1511.25006827,33,30,48
P1_DNA_bead_1_10,1,10,91,100,137.83455507,-136.62143621,-1487.50009205,33,30,49
P1_DNA_bead_1_11,1,11,101,110,116.63158739,-149.49308429,-1464.24595613,33,30,49
P1_DNA_bead_1_12,1,12,111,120,103.92895092,-137.11325344,-1435.23935663,33,30,49
P1_DNA_bead_1_13,1,13,121,130,102.39030162,-156.35340673,-1407.24919658,33,30,49
P1_DNA_bead_1_14,1,14,131,140,135.90145221,-162.06353065,-1406.61890263,33,30,49
P1_DNA_bead_1_15,1,15,141,150,168.92282515,-166.84236421,-1400.08042583,33,30,49
P1_DNA_bead_1_16,1,16,151,160,146.49426510,-192.30296544,-1402.25240171,33,30,49
P1_DNA_bead_1_17,1,17,161,170,113.18358501,-186.35046181,-1405.56394097,33,30,49
P1_DNA_bead_1_18,1,18,171,180,89.94670687,-210.95707296,-1402.31398991,32,29,49
P1_DNA_bead_1_19,1,19,181,190,56.49035804,-216.82001715,-1400.79787356,32,29,49
P1_DNA_bead_1_20,1,20,191,200,66.41297890,-249.33189071,-1401.51875713,32,29,49
P1_DNA_bead_1_21,1,21,201,210,73.49556721,-281.93509181,-1408.06613987,32,29,49
P1_DNA_bead_1_22,1,22,211,220,79.55558010,-312.64111922,-1421.34831307,32,28,49
P1_DNA_bead_1_23,1,23,221,230,91.03149495,-343.84213047,-1428.47574426,32,28,49
P1_DNA_bead_1_24,1,24,231,240,105.60774176,-372.78718189,-1418.19386566,33,28,49
P1_DNA_bead_1_25,1,25,241,250,118.49156637,-398.02473919,-1399.40363510,33,28,50
P1_DNA_bead_1_26,1,26,251,260,121.51193851,-424.51538346,-1378.30569401,33,27,50
P1_DNA_bead_1_27,1,27,261,270,119.33922072,-451.20990447,-1357.36096089,33,27,50
P1_DNA_bead_1_28,1,28,271,280,133.27307824,-477.25996420,-1340.53116581,33,27,50
P1_DNA_bead_1_29,1,29,281,290,139.23614328,-507.81406126,-1326.86043034,33,26,50
P1_DNA_bead_1_30,1,30,291,300,136.87767387,-541.72871080,-1327.34433992,33,26,50
P1_DNA_bead_1_31,1,31,301,310,117.27006760,-569.49362459,-1326.53728433,33,26,50
P1_DNA_bead_1_32,1,32,311,320,109.20690790,-599.85121092,-1313.52181630,33,26,50
P1_DNA_bead_1_33,1,33,321,330,101.16593786,-625.41148321,-1292.59300168,33,25,51
P1_DNA_bead_1_34,1,34,331,340,78.95553662,-645.54013281,-1276.54508774,32,25,51
P1_DNA_bead_1_35,1,35,341,350,59.85642210,-655.21859382,-1250.13389282,32,25,51
P1_DNA_bead_1_36,1,36,351,360,56.05249212,-662.58142942,-1217.15937586,32,25,51
P1_DNA_bead_1_37,1,37,361,370,62.21504341,-693.40603465,-1204.20303865,32,25,51
P1_DNA_bead_1_38,1,38,371,380,64.96406740,-726.82529381,-1209.82406919,32,24,51
P1_DNA_bead_1_39,1,39,381,390,76.91360359,-755.58082691,-1223.47426703,32,24,51
P1_DNA_bead_1_40,1,40,391,400,74.07461874,-787.28946412,-1235.41170776,32,24,51
P1_DNA_bead_1_41,1,41,401,410,61.95184620,-818.84329015,-1231.75186508,32,23,51
P1_DNA_bead_1_42,1,42,411,420,47.08388320,-843.77172391,-1214.04545759,32,23,51
P1_DNA_bead_1_43,1,43,421,430,18.59949474,-858.83054215,-1203.18858846,32,23,51
P1_DNA_bead_1_44,1,44,431,440,-5.93721403,-881.73451149,-1197.77027588,31,23,52
P1_DNA_bead_1_45,1,45,441,450,-28.39408786,-898.07689032,-1178.15866013,31,23,52
P1_DNA_bead_1_46,1,46,451,460,-45.52503652,-919.60160445,-1158.17823773,31,22,52
P1_DNA_bead_1_47,1,47,461,470,-65.27714999,-925.55306383,-1131.15169255,31,22,52
P1_DNA_bead_1_48,1,48,471,480,-72.12064353,-935.01112651,-1099.21876837,31,22,53
P1_DNA_bead_1_49,1,49,481,490,-69.70925453,-929.49250070,-1065.75640186,31,22,53
P1_DNA_bead_1_50,1,50,491,500,-63.41414769,-907.62429013,-1040.49471157,31,22,53
P1_DNA_bead_1_51,1,51,501,510,-87.13916640,-900.43830083,-1017.22488035,31,22,53
P1_DNA_bead_1_52,1,52,511,520,-116.10078596,-886.56943091,-1006.04995129,30,23,53
P1_DNA_bead_1_53,1,53,521,530,-149.15720104,-878.63822721,-1005.44214387,30,23,53
P1_DNA_bead_1_54,1,54,531,540,-182.58659988,-872.70284107,-1007.24394428,30,23,53
P1_DNA_bead_1_55,1,55,541,550,-196.49333342,-894.93117685,-985.59899451,30,23,54
P1_DNA_bead_1_56,1,56,551,560,-194.39487746,-896.12741741,-951.68490464,30,23,54
P1_DNA_bead_1_57,1,57,561,570,-183.49300117,-901.40929796,-919.91619628,30,22,54
P1_DNA_bead_1_58,1,58,571,580,-169.30662681,-916.34991285,-892.86948097,30,22,55
P1_DNA_bead_1_59,1,59,581,590,-147.74947665,-939.76453634,-880.90935204,30,22,55
P1_DNA_bead_1_60,1,60,591,600,-142.10705584,-972.23038921,-872.53489777,30,22,55
P1_DNA_bead_1_61,1,61,601,610,-130.54445054,-999.10655075,-889.85477361,30,22,55
P1_DNA_bead_1_62,1,62,611,620,-101.61241573,-998.63366544,-907.70732922,30,22,54
P1_DNA_bead_1_63,1,63,621,630,-78.96999260,-990.23963189,-931.64184144,31,22,54
P1_DNA_bead_1_64,1,64,631,640,-50.93346961,-994.12374289,-950.47975694,31,22,54
P1_DNA_bead_1_65,1,65,641,650,-24.59939463,-990.30981105,-971.64506862,31,22,54
P1_DNA_bead_1_66,1,66,651,660,3.78886496,-982.99052370,-988.86525301,32,22,54
P1_DNA_bead_1_67,1,67,661,670,33.72033080,-995.69530027,-998.79983931,32,22,54
P1_DNA_bead_1_68,1,68,671,680,67.63364721,-998.01798348,-999.50134646,32,22,54
P1_DNA_bead_1_69,1,69,681,690,97.88502448,-986.15219333,-989.49848696,32,22,54
P1_DNA_bead_1_70,1,70,691,700,97.75832216,-953.19749892,-981.13355643,32,22,54
P1_DNA_bead_1_71,1,71,701,710,96.33794153,-919.26816139,-979.46545164,32,22,54
P1_DNA_bead_1_72,1,72,711,720,113.17488178,-890.05233558,-975.11195132,33,23,54
P1_DNA_bead_1_73,1,73,721,730,140.76215608,-870.34159601,-977.64750699,33,23,54
P1_DNA_bead_1_74,1,74,731,740,155.42382213,-840.40985230,-970.92989829,33,23,54
P1_DNA_bead_1_75,1,75,741,750,167.79116684,-811.08642969,-982.89591983,33,23,54
P1_DNA_bead_1_76,1,76,751,760,199.36893151,-814.50014916,-995.02816189,33,23,54
P1_DNA_bead_1_77,1,77,761,770,219.71317232,-787.87951299,-1000.81207027,34,24,53
P1_DNA_bead_1_78,1,78,771,780,231.30039161,-762.00918321,-1019.58605190,34,24,53
P1_DNA_bead_1_79,1,79,781,790,244.74614889,-739.83752661,-1041.57762426,34,24,53
P1_DNA_bead_1_80,1,80,791,800,266.16253409,-717.32622617,-1055.38268845,34,24,53
P1_DNA_bead_1_81,1,81,801,810,299.23073862,-710.83248046,-1059.89102696,34,24,53
P1_DNA_bead_1_82,1,82,811,820,290.48521521,-736.80831736,-1080.00996623,34,24,53
P1_DNA_bead_1_83,1,83,821,830,276.30449961,-753.66420776,-1105.90950800,34,24,52
P1_DNA_bead_1_84,1,84,831,840,249.08927250,-764.77817113,-1122.99199117,34,24,52
P1_DNA_bead_1_85,1,85,841,850,236.12831285,-787.69392791,-1144.50667492,34,24,52
P1_DNA_bead_1_86,1,86,851,860,236.17591483,-804.15322472,-1174.25712504,34,23,52
P1_DNA_bead_1_87,1,87,861,870,229.81288158,-803.88551094,-1207.65533064,34,23,51
P1_DNA_bead_1_88,1,88,871,880,240.16458031,-812.41691935,-1238.89724806,34,23,51
P1_DNA_bead_1_89,1,89,881,890,265.60695546,-813.63634986,-1261.41831677,34,23,51
P1_DNA_bead_1_90,1,90,891,900,288.01938054,-831.02320740,-1280.16345980,34,23,51
P1_DNA_bead_1_91,1,91,901,910,296.99642987,-843.81337876,-1310.35988511,34,23,50
P1_DNA_bead_1_92,1,92,911,920,302.66207475,-839.86881352,-1343.65163894,35,23,50
P1_DNA_bead_1_93,1,93,921,930,292.06540961,-828.65353530,-1373.94896922,34,23,50
P1_DNA_bead_1_94,1,94,931,940,288.08403857,-802.46900894,-1352.62951181,34,23,50
P1_DNA_bead_1_95,1,95,941,950,270.88119609,-800.91523510,-1323.34388398,34,23,50
P1_DNA_bead_1_96,1,96,951,960,244.73977270,-807.57313585,-1302.64851395,34,23,50
P1_DNA_bead_1_97,1,97,961,970,224.39825363,-815.43224203,-1276.56294223,34,23,51
P1_DNA_bead_1_98,1,98,971,980,200.66050927,-824.85058430,-1254.11713368,34,23,51
P1_DNA_bead_1_99,1,99,981,990,206.67883724,-804.37479280,-1227.64976336,34,23,51
P1_DNA_bead_1_100,1,100,991,1000,213.18173379,-789.08053501,-1197.98837407,34,24,52
P1_DNA_bead_1_101,1,101,1001,1010,235.89735118,-775.77164396,-1176.47386395,34,24,52
P1_DNA_bead_1_102,1,102,1011,1020,266.13491211,-773.12692125,-1161.15409401,34,24,52
P1_DNA_bead_1_103,1,103,1021,1030,289.82258683,-770.34885834,-1136.92237032,34,24,52
P1_DNA_bead_1_104,1,104,1031,1040,296.40867895,-793.53601082,-1112.94364327,34,24,52
P1_DNA_bead_1_105,1,105,1041,1050,299.46655676,-773.51253477,-1085.63595589,34,24,53
P1_DNA_bead_1_106,1,106,1051,1060,297.97423173,-804.18843942,-1100.22231390,34,23,52
P1_DNA_bead_1_107,1,107,1061,1070,317.53749613,-831.88069473,-1102.75562826,35,23,52
P1_DNA_bead_1_108,1,108,1071,1080,335.61484931,-860.54935268,-1100.05056761,35,23,52
P1_DNA_bead_1_109,1,109,1081,1090,345.92289069,-892.67074947,-1104.28850946,35,23,52
P1_DNA_bead_1_110,1,110,1091,1100,368.57961365,-917.38779784,-1098.65464534,35,22,53
P1_DNA_bead_1_111,1,111,1101,1110,378.77846227,-949.30764135,-1104.40852029,35,22,52
P1_DNA_bead_1_112,1,112,1111,1120,384.16637586,-981.67050724,-1113.33126081,35,22,52
P1_DNA_bead_1_113,1,113,1121,1130,400.38494518,-1003.55671635,-1133.67706775,36,21,52
P1_DNA_bead_1_114,1,114,1131,1140,421.10238090,-1030.33467546,-1136.79616431,36,21,52
P1_DNA_bead_1_115,1,115,1141,1150,434.77432247,-1059.57418700,-1126.11304778,36,21,52
P1_DNA_bead_1_116,1,116,1151,1160,438.76146801,-1091.16909141,-1114.20235153,36,21,52
P1_DNA_bead_1_117,1,117,1161,1170,419.74081990,-1096.08593538,-1086.45276430,36,21,53
P1_DNA_bead_1_118,1,118,1171,1180,412.41113652,-1110.31912897,-1056.45789905,36,20,53
P1_DNA_bead_1_119,1,119,1181,1190,390.82912833,-1128.00310416,-1037.02869566,35,20,53
P1_DNA_bead_1_120,1,120,1191,1200,369.66472130,-1133.36575976,-1010.96512338,35,20,53
P1_DNA_bead_1_121,1,121,1201,1210,359.34776785,-1123.82672257,-980.00438629,35,20,54
P1_DNA_bead_1_122,1,122,1211,1220,336.68900185,-1106.62084236,-961.38885489,35,20,54
P1_DNA_bead_1_123,1,123,1221,1230,306.57329713,-1106.66259865,-945.60777173,35,20,54
P1_DNA_bead_1_124,1,124,1231,1240,277.12506380,-1111.81520380,-929.41356862,34,20,54
P1_DNA_bead_1_125,1,125,1241,1250,247.92514615,-1126.94417604,-920.78344647,34,20,54
P1_DNA_bead_1_126,1,126,1251,1260,220.27382151,-1143.37327129,-909.76123822,34,20,54
P1_DNA_bead_1_127,1,127,1261,1270,210.29151643,-1175.49232650,-904.78932934,34,20,54
P1_DNA_bead_1_128,1,128,1271,1280,198.93523621,-1201.73141160,-886.38972846,33,19,55
P1_DNA_bead_1_129,1,129,1281,1290,194.61801709,-1212.30029397,-854.36379609,33,19,55
P1_DNA_bead_1_130,1,130,1291,1300,182.76841354,-1206.92923169,-822.95140067,33,19,55
P1_DNA_bead_1_131,1,131,1301,1310,177.02068876,-1216.47084973,-790.82787059,33,19,56
P1_DNA_bead_1_132,1,132,1311,1320,182.30791262,-1221.54726911,-757.62734002,33,19,56
P1_DNA_bead_1_133,1,133,1321,1330,174.21541852,-1239.00296713,-729.59503462,33,19,56
P1_DNA_bead_1_134,1,134,1331,1340,172.30913481,-1256.30665813,-700.38975495,33,19,56
P1_DNA_bead_1_135,1,135,1341,1350,182.32959035,-1287.07800422,-710.81639057,33,19,56
P1_DNA_bead_1_136,1,136,1351,1360,174.37060136,-1319.77954045,-715.63966980,33,18,56
P1_DNA_bead_1_137,1,137,1361,1370,169.64306024,-1347.58908334,-734.62070452,33,18,56
P1_DNA_bead_1_138,1,138,1371,1380,181.77790744,-1373.29644898,-753.27216118,33,18,56
P1_DNA_bead_1_139,1,139,1381,1390,180.72095692,-1391.48826859,-781.97652592,33,18,56
P1_DNA_bead_1_140,1,140,1391,1400,170.44193844,-1416.46266091,-802.63134394,33,17,55
P1_DNA_bead_1_141,1,141,1401,1410,146.97838604,-1407.04055645,-779.90062339,33,17,56
P1_DNA_bead_1_142,1,142,1411,1420,132.03183346,-1385.57226424,-758.18166865,33,18,56
P1_DNA_bead_1_143,1,143,1421,1430,122.28284527,-1373.58754949,-727.89431416,33,18,56
P1_DNA_bead_1_144,1,144,1431,1440,130.60623886,-1363.67137269,-696.45563485,33,18,57
P1_DNA_bead_1_145,1,145,1441,1450,155.25875348,-1358.60598527,-673.59528985,33,18,57
P1_DNA_bead_1_146,1,146,1451,1460,183.98639495,-1369.52354920,-659.05123907,33,18,57
P1_DNA_bead_1_147,1,147,1461,1470,199.83064631,-1399.05340965,-653.31128780,33,18,57
P1_DNA_bead_1_148,1,148,1471,1480,199.39584328,-1429.67897751,-638.55034135,33,17,57
P1_DNA_bead_1_149,1,149,1481,1490,188.29246056,-1461.80055183,-639.50917134,33,17,57
P1_DNA_bead_1_150,1,150,1491,1500,164.02876000,-1485.38584776,-636.19154401,33,17,57
P1_DNA_bead_1_151,1,151,1501,1510,141.49565930,-1471.21558875,-615.03821962,33,17,57
P1_DNA_bead_1_152,1,152,1511,1520,128.79407361,-1463.02713692,-584.58138168,33,17,58
P1_DNA_bead_1_153,1,153,1521,1530,111.83575895,-1472.74627835,-556.76135555,33,17,58
P1_DNA_bead_1_154,1,154,1531,1540,108.16240290,-1484.89579057,-525.21938655,33,17,58
P1_DNA_bead_1_155,1,155,1541,1550,131.07785707,-1496.61550630,-503.00384643,33,17,58
P1_DNA_bead_1_156,1,156,1551,1560,162.90716117,-1495.06258657,-514.85643438,33,17,58
P1_DNA_bead_1_157,1,157,1561,1570,196.04465476,-1490.41096927,-508.83406150,33,17,58
P1_DNA_bead_1_158,1,158,1571,1580,226.75615701,-1481.63477226,-520.48661468,34,17,58
P1_DNA_bead_1_159,1,159,1581,1590,260.64530221,-1484.31044498,-519.88112905,34,17,58
P1_DNA_bead_1_160,1,160,1591,1600,291.41981715,-1478.58019923,-533.15115218,34,17,58
P1_DNA_bead_1_161,1,161,1601,1610,319.30773950,-1489.50981186,-549.23864282,35,17,58
P1_DNA_bead_1_162,1,162,1611,1620,338.38768957,-1461.39392788,-548.03341536,35,17,58
P1_DNA_bead_1_163,1,163,1621,1630,353.13090569,-1431.28386048,-553.69216258,35,17,58
P1_DNA_bead_1_164,1,164,1631,1640,369.82775910,-1402.18107939,-559.19154610,35,17,58
P1_DNA_bead_1_165,1,165,1641,1650,359.63872576,-1403.16676460,-591.61394614,35,17,58
P1_DNA_bead_1_166,1,166,1651,1660,333.88497273,-1402.24838937,-613.79278271,35,17,57
P1_DNA_bead_1_167,1,167,1661,1670,304.05418465,-1388.46891319,-622.52491409,35,18,57
P1_DNA_bead_1_168,1,168,1671,1680,307.69146182,-1357.12188002,-609.87051856,35,18,57
P1_DNA_bead_1_169,1,169,1681,1690,323.43091764,-1327.58669246,-603.87533496,35,18,57
P1_DNA_bead_1_170,1,170,1691,1700,344.98932771,-1303.44429533,-614.28588807,35,18,57
P1_DNA_bead_1_171,1,171,1701,1710,368.72030811,-1293.52722698,-636.52307145,35,19,57
P1_DNA_bead_1_172,1,172,1711,1720,398.04965939,-1282.87165417,-650.02299447,35,19,57
P1_DNA_bead_1_173,1,173,1721,1730,430.92493934,-1286.17031797,-658.04389124,36,19,57
P1_DNA_bead_1_174,1,174,1731,1740,459.90274518,-1303.46843364,-653.91327833,36,18,57
P1_DNA_bead_1_175,1,175,1741,1750,493.43480046,-1303.15615550,-648.30045811,36,18,57
P1_DNA_bead_1_176,1,176,1751,1760,488.54106955,-1276.00687470,-668.17425869,36,19,57
P1_DNA_bead_1_177,1,177,1761,1770,483.54667278,-1263.80595244,-699.51422514,36,19,57
P1_DNA_bead_1_178,1,178,1771,1780,483.24263593,-1257.20947861,-732.86679768,36,19,56
P1_DNA_bead_1_179,1,179,1781,1790,486.57074765,-1264.00134823,-766.01486217,36,19,56
P1_DNA_bead_1_180,1,180,1791,1800,497.73090686,-1255.78989432,-797.06357987,36,19,56
P1_DNA_bead_1_181,1,181,1801,1810,495.60864694,-1254.80686208,-830.98303830,36,19,55
P1_DNA_bead_1_182,1,182,1811,1820,494.26497164,-1270.30032619,-861.21790404,36,19,55
P1_DNA_bead_1_183,1,183,1821,1830,496.79298601,-1273.63861699,-894.95905041,36,19,55
P1_DNA_bead_1_184,1,184,1831,1840,491.58714174,-1240.93188420,-887.26692353,36,19,55
P1_DNA_bead_1_185,1,185,1841,1850,508.13804584,-1219.62909611,-907.96133806,37,19,54
P1_DNA_bead_1_186,1,186,1851,1860,527.75257508,-1212.00965177,-934.66741061,37,19,54
P1_DNA_bead_1_187,1,187,1861,1870,522.23178982,-1178.82114201,-939.57085327,37,20,54
P1_DNA_bead_1_188,1,188,1871,1880,504.67810083,-1149.78442743,-937.39434010,37,20,54
P1_DNA_bead_1_189,1,189,1881,1890,485.98556260,-1123.86141510,-925.79320025,36,20,54
P1_DNA_bead_1_190,1,190,1891,1900,461.29038247,-1102.78320721,-915.70076594,36,20,54
P1_DNA_bead_1_191,1,191,1901,1910,436.89827283,-1093.14814918,-894.06305247,36,21,55
P1_DNA_bead_1_192,1,192,1911,1920,416.55004220,-1069.69962472,-880.20245325,36,21,55
P1_DNA_bead_1_193,1,193,1921,1930,391.17252558,-1047.38364398,-876.46364947,35,21,55
P1_DNA_bead_1_194,1,194,1931,1940,365.62390530,-1031.94647239,-860.18600422,35,21,55
P1_DNA_bead_1_195,1,195,1941,1950,344.42357092,-1028.26798647,-833.86083445,35,21,55
P1_DNA_bead_1_196,1,196,1951,1960,318.99781704,-1011.57034645,-818.67136910,35,21,55
P1_DNA_bead_1_197,1,197,1961,1970,301.84505239,-1024.60252813,-792.36652343,35,21,56
P1_DNA_bead_1_198,1,198,1971,1980,283.43049185,-1020.03144282,-764.15288951,34,21,56
P1_DNA_bead_1_199,1,199,1981,1990,280.59886282,-1004.73901905,-733.91841164,34,21,56
P1_DNA_bead_1_200,1,200,1991,2000,285.92976720,-978.94476439,-712.41869338,34,22,56
P1_DNA_bead_1_201,1,201,2001,2010,301.06327530,-964.79606286,-685.45962853,35,22,57
P1_DNA_bead_1_202,1,202,2011,2020,327.87810485,-950.06994517,-670.62364612,35,22,57
P1_DNA_bead_1_203,1,203,2021,2030,343.78945467,-924.21431475,-655.31628442,35,22,57
P1_DNA_bead_1_204,1,204,2031,2040,357.11498716,-903.07181756,-632.26362737,35,22,57
P1_DNA_bead_1_205,1,205,2041,2050,378.88981093,-898.40591246,-606.57148112,35,23,57
P1_DNA_bead_1_206,1,206,2051,2060,392.25835485,-869.60525287,-594.41401262,35,23,58
P1_DNA_bead_1_207,1,207,2061,2070,389.95015407,-835.96372265,-590.06433977,35,23,58
P1_DNA_bead_1_208,1,208,2071,2080,378.26610905,-804.03446625,-589.98898966,35,23,58
P1_DNA_bead_1_209,1,209,2081,2090,359.02829671,-776.14560022,-592.83815238,35,24,58
P1_DNA_bead_1_210,1,210,2091,2100,342.58248676,-748.50606739,-581.81129608,35,24,58
P1_DNA_bead_1_211,1,211,2101,2110,315.79135896,-728.57478785,-575.40976759,35,24,58
P1_DNA_bead_1_212,1,212,2111,2120,305.10144134,-697.13500453,-568.11143309,35,25,58
P1_DNA_bead_1_213,1,213,2121,2130,305.77036625,-664.30160212,-576.91599020,35,25,58
P1_DNA_bead_1_214,1,214,2131,2140,307.59246641,-636.00610848,-595.67885220,35,25,58
P1_DNA_bead_1_215,1,215,2141,2150,316.35617435,-603.25996917,-598.30331084,35,25,58
P1_DNA_bead_1_216,1,216,2151,2160,328.99544068,-578.21493492,-617.51255878,35,26,57
P1_DNA_bead_1_217,1,217,2161,2170,347.24837601,-549.56311623,-618.89228252,35,26,57
P1_DNA_bead_1_218,1,218,2171,2180,370.87751000,-525.82429960,-613.04997033,35,26,57
P1_DNA_bead_1_219,1,219,2181,2190,386.71811152,-496.55141408,-619.99068478,35,27,57
P1_DNA_bead_1_220,1,220,2191,2200,394.21225180,-464.22058251,-612.60453618,35,27,57
P1_DNA_bead_1_221,1,221,2201,2210,398.42544664,-497.14330812,-605.23275707,35,27,57
P1_DNA_bead_1_222,1,222,2211,2220,395.56614270,-529.89107714,-613.91653536,35,26,57
P1_DNA_bead_1_223,1,223,2221,2230,387.05264929,-562.80787138,-613.98785918,35,26,57
P1_DNA_bead_1_224,1,224,2231,2240,391.04901554,-593.61385857,-600.16685307,35,26,57
P1_DNA_bead_1_225,1,225,2241,2250,380.68397945,-625.72287188,-595.97432505,35,25,58
P1_DNA_bead_1_226,1,226,2251,2260,383.92298298,-655.10330015,-579.17256054,35,25,58
P1_DNA_bead_1_227,1,227,2261,2270,391.68261595,-680.66334194,-558.13753357,35,25,58
P1_DNA_bead_1_228,1,228,2271,2280,381.58712080,-704.44592694,-536.03618455,35,24,58
P1_DNA_bead_1_229,1,229,2281,2290,369.11887578,-723.42482925,-510.73116265,35,24,58
P1_DNA_bead_1_230,1,230,2291,2300,367.19976379,-750.68679772,-490.50489052,35,24,59
P1_DNA_bead_1_231,1,231,2301,2310,369.23931599,-784.39516662,-486.55696789,35,24,59
P1_DNA_bead_1_232,1,232,2311,2320,377.78604451,-814.15794480,-472.51665214,35,23,59
P1_DNA_bead_1_233,1,233,2321,2330,378.52409261,-833.49568541,-444.56120414,35,23,59
P1_DNA_bead_1_234,1,234,2331,2340,385.19056077,-863.73857664,-430.52818120,35,23,59
P1_DNA_bead_1_235,1,235,2341,2350,397.48090377,-894.63259477,-423.42134560,35,23,59
P1_DNA_bead_1_236,1,236,2351,2360,386.28740095,-869.96637240,-443.97087038,35,23,59
P1_DNA_bead_1_237,1,237,2361,2370,396.18432147,-841.70004086,-460.06638110,35,23,59
P1_DNA_bead_1_238,1,238,2371,2380,399.68122479,-814.64962060,-439.76745426,35,23,59
P1_DNA_bead_1_239,1,239,2381,2390,395.39648605,-796.51326223,-411.32956547,35,24,59
P1_DNA_bead_1_240,1,240,2391,2400,405.94970176,-765.13575819,-403.57831534,36,24,59
P1_DNA_bead_1_241,1,241,2401,2410,432.97657052,-745.32444169,-409.32810694,36,24,59
P1_DNA_bead_1_242,1,242,2411,2420,457.36510751,-722.00712406,-405.14457233,36,24,59
P1_DNA_bead_1_243,1,243,2421,2430,484.39799555,-702.64959313,-412.25153801,36,24,59
P1_DNA_bead_1_244,1,244,2431,2440,496.70778778,-671.97219022,-420.21181224,36,25,59
P1_DNA_bead_1_245,1,245,2441,2450,518.83112235,-646.95440790,-413.83461573,37,25,59
P1_DNA_bead_1_246,1,246,2451,2460,543.81346717,-626.43509251,-424.36268027,37,25,59
P1_DNA_bead_1_247,1,247,2461,2470,569.68751281,-611.44752914,-440.54621223,37,25,59
P1_DNA_bead_1_248,1,248,2471,2480,596.05123458,-630.12094764,-429.95104278,37,25,59
P1_DNA_bead_1_249,1,249,2481,2490,593.22974751,-638.90075687,-462.67647876,37,25,59
P1_DNA_bead_1_250,1,250,2491,2500,574.66940235,-651.95674066,-487.99554026,37,25,59
P1_DNA_bead_1_251,1,251,2501,2510,560.29894793,-647.12652735,-518.42840209,37,25,58
P1_DNA_bead_1_252,1,252,2511,2520,550.32483339,-628.13797648,-544.80930379,37,25,58
P1_DNA_bead_1_253,1,253,2521,2530,532.02453295,-608.05559046,-565.24938147,37,25,58
P1_DNA_bead_1_254,1,254,2531,2540,500.70901609,-607.66531982,-552.01359315,37,25,58
P1_DNA_bead_1_255,1,255,2541,2550,466.93624524,-609.77572718,-555.32208670,36,25,58
P1_DNA_bead_1_256,1,256,2551,2560,438.37229559,-595.65123913,-567.17955767,36,26,58
P1_DNA_bead_1_257,1,257,2561,2570,406.77951831,-584.49888123,-561.38979627,36,26,58
P1_DNA_bead_1_258,1,258,2571,2580,381.21001950,-603.85155744,-550.09047531,35,25,58
P1_DNA_bead_1_259,1,259,2581,2590,356.45718520,-627.08712225,-548.24501542,35,25,58
P1_DNA_bead_1_260,1,260,2591,2600,338.02956525,-654.70154305,-555.58440142,35,25,58
P1_DNA_bead_1_261,1,261,2601,2610,332.60286410,-683.73285932,-572.42879486,35,25,58
P1_DNA_bead_1_262,1,262,2611,2620,315.85999459,-706.28435205,-591.58881824,35,24,58
P1_DNA_bead_1_263,1,263,2621,2630,328.02696075,-705.16955737,-559.85993287,35,24,58
P1_DNA_bead_1_264,1,264,2631,2640,321.71653750,-706.35756067,-526.47180314,35,24,58
P1_DNA_bead_1_265,1,265,2641,2650,329.22281000,-716.24731489,-494.81981055,35,24,59
P1_DNA_bead_1_266,1,266,2651,2660,322.35051161,-737.05098872,-468.82022075,35,24,59
P1_DNA_bead_1_267,1,267,2661,2670,303.57207432,-762.05295856,-455.46837454,35,24,59
P1_DNA_bead_1_268,1,268,2671,2680,284.38729121,-789.38388189,-449.06800528,34,24,59
P1_DNA_bead_1_269,1,269,2681,2690,254.51184066,-801.81745825,-438.63423160,34,23,59
P1_DNA_bead_1_270,1,270,2691,2700,225.11160395,-814.21129912,-426.88609174,34,23,59
P1_DNA_bead_1_271,1,271,2701,2710,202.49313583,-835.42963911,-412.95099404,34,23,59
P1_DNA_bead_1_272,1,272,2711,2720,208.86361295,-808.19372710,-432.28030128,34,23,59
P1_DNA_bead_1_273,1,273,2721,2730,198.59358062,-787.95465139,-457.59642756,33,24,59
P1_DNA_bead_1_274,1,274,2731,2740,198.42998055,-778.72478242,-490.31924458,33,24,59
P1_DNA_bead_1_275,1,275,2741,2750,196.15050787,-798.70186645,-517.73675939,33,24,58
P1_DNA_bead_1_276,1,276,2751,2760,178.46849420,-799.87833149,-546.75334641,33,24,58
P1_DNA_bead_1_277,1,277,2761,2770,153.94645600,-796.51755677,-523.44294453,33,24,58
P1_DNA_bead_1_278,1,278,2771,2780,121.12419307,-792.44690266,-515.56076010,33,24,58
P1_DNA_bead_1_279,1,279,2781,2790,94.48122783,-771.72832944,-511.45063515,32,24,58
P1_DNA_bead_1_280,1,280,2791,2800,67.72495477,-750.94031581,-508.62922748,32,24,58
P1_DNA_bead_1_281,1,281,2801,2810,36.63832324,-739.86026163,-500.45281387,32,24,58
P1_DNA_bead_1_282,1,282,2811,2820,21.61340705,-710.22593241,-507.66796635,32,24,58
P1_DNA_bead_1_283,1,283,2821,2830,37.60569393,-705.52698342,-537.30184288,32,24,58
P1_DNA_bead_1_284,1,284,2831,2840,44.26222325,-716.52164683,-568.77894558,32,24,58
P1_DNA_bead_1_285,1,285,2841,2850,60.26812279,-732.73531396,-594.01638161,32,24,58
P1_DNA_bead_1_286,1,286,2851,2860,61.40883919,-756.10539764,-618.68494369,32,24,57
P1_DNA_bead_1_287,1,287,2861,2870,64.69349448,-775.62197521,-646.33117743,32,24,57
P1_DNA_bead_1_288,1,288,2871,2880,62.83952597,-795.98985862,-673.49203394,32,24,57
P1_DNA_bead_1_289,1,289,2881,2890,63.45818240,-811.63257160,-703.67353149,32,23,56
P1_DNA_bead_1_290,1,290,2891,2900,70.72931876,-838.85412118,-722.70292492,32,23,56
P1_DNA_bead_1_291,1,291,2901,2910,93.43872658,-855.55741663,-741.71036341,32,23,56
P1_DNA_bead_1_292,1,292,2911,2920,99.53564129,-861.07269852,-774.70141215,32,23,56
P1_DNA_bead_1_293,1,293,2921,2930,99.94271170,-885.15963684,-798.69419639,32,23,56
P1_DNA_bead_1_294,1,294,2931,2940,93.42142261,-886.77723243,-832.02370544,32,23,55
P1_DNA_bead_1_295,1,295,2941,2950,61.90330100,-897.93446376,-825.84922577,32,23,55
P1_DNA_bead_1_296,1,296,2951,2960,41.75139532,-893.46820701,-852.86687275,32,23,55
P1_DNA_bead_1_297,1,297,2961,2970,21.56131756,-894.32152287,-880.20974407,32,23,55
P1_DNA_bead_1_298,1,298,2971,2980,-2.90735616,-909.90278505,-897.94412522,31,22,55
P1_DNA_bead_1_299,1,299,2981,2990,-17.65313813,-919.06536048,-927.17782369,31,22,54
P1_DNA_bead_1_300,1,300,2991,3000,-30.37005541,-912.39955311,-957.99741205,31,22,54
P1_DNA_bead_1_301,1,301,3001,3010,-45.48065773,-916.34386256,-988.19860608,31,22,54
P1_DNA_bead_1_302,1,302,3011,3020,-67.21397381,-926.07982112,-1012.46533397,31,22,53
P1_DNA_bead_1_303,1,303,3021,3030,-95.90425343,-931.22813049,-1029.96855557,31,22,53
P1_DNA_bead_1_304,1,304,3031,3040,-63.94156909,-934.07102238,-1018.73001583,31,22,53
P1_DNA_bead_1_305,1,305,3041,3050,-31.88037292,-928.00930864,-1009.17306406,31,22,53
P1_DNA_bead_1_306,1,306,3051,3060,-0.35889265,-920.69852296,-1019.61091316,31,22,53
P1_DNA_bead_1_307,1,307,3061,3070,24.10738763,-911.63398484,-997.81102145,32,22,54
P1_DNA_bead_1_308,1,308,3071,3080,40.75731331,-903.99545134,-969.16782365,32,22,54
P1_DNA_bead_1_309,1,309,3081,3090,63.73954659,-887.68303130,-950.14883561,32,23,54
P1_DNA_bead_1_310,1,310,3091,3100,76.47051033,-875.11211687,-921.23699248,32,23,54
P1_DNA_bead_1_311,1,311,3101,3110,77.66625409,-863.08038160,-889.45952337,32,23,55
P1_DNA_bead_1_312,1,312,3111,3120,84.46009389,-868.93247690,-856.66323210,32,23,55
P1_DNA_bead_1_313,1,313,3121,3130,95.48461809,-849.75333556,-830.84423901,32,23,55
P1_DNA_bead_1_314,1,314,3131,3140,74.37070058,-867.94139320,-811.36612188,32,23,55
P1_DNA_bead_1_315,1,315,3141,3150,45.06491474,-869.67731061,-794.21510131,32,23,56
P1_DNA_bead_1_316,1,316,3151,3160,29.09268703,-878.09568241,-765.40505170,32,23,56
P1_DNA_bead_1_317,1,317,3161,3170,9.32658312,-868.42600960,-739.48597448,32,23,56
P1_DNA_bead_1_318,1,318,3171,3180,-21.41718315,-861.44269608,-726.75592467,31,23,56
P1_DNA_bead_1_319,1,319,3181,3190,-49.95121424,-872.24677825,-711.75322898,31,23,56
P1_DNA_bead_1_320,1,320,3191,3200,-79.14608557,-884.18698536,-699.06106833,31,23,57
P1_DNA_bead_1_321,1,321,3201,3210,-99.96655177,-893.16794576,-673.72629899,31,23,57
P1_DNA_bead_1_322,1,322,3211,3220,-94.10470544,-879.28490262,-643.24844029,31,23,57
P1_DNA_bead_1_323,1,323,3221,3230,-89.63825524,-851.41506548,-624.29262322,31,23,57
P1_DNA_bead_1_324,1,324,3231,3240,-95.67762964,-882.97712617,-613.18576578,31,23,57
P1_DNA_bead_1_325,1,325,3241,3250,-88.84586129,-900.70216076,-584.98735997,31,22,58
P1_DNA_bead_1_326,1,326,3251,3260,-80.81912623,-914.84713325,-555.12950879,31,22,58
P1_DNA_bead_1_327,1,327,3261,3270,-62.45833834,-924.48430404,-528.18500272,31,22,58
P1_DNA_bead_1_328,1,328,3271,3280,-42.42841603,-922.20044354,-500.80643092,31,22,58
P1_DNA_bead_1_329,1,329,3281,3290,-45.79290368,-904.20450831,-529.45650140,31,22,58
P1_DNA_bead_1_330,1,330,3291,3300,-27.07166245,-903.66814131,-501.07997170,31,22,58
P1_DNA_bead_1_331,1,331,3301,3310,4.36789165,-897.94392310,-512.68978494,32,23,58
P1_DNA_bead_1_332,1,332,3311,3320,32.55327733,-892.21238778,-530.82079532,32,23,58
P1_DNA_bead_1_333,1,333,3321,3330,54.06016552,-890.66319234,-557.10869659,32,23,58
P1_DNA_bead_1_334,1,334,3331,3340,67.89645286,-871.74256163,-581.73727524,32,23,58
P1_DNA_bead_1_335,1,335,3341,3350,74.42807805,-839.77364423,-591.29374910,32,23,58
P1_DNA_bead_1_336,1,336,3351,3360,92.86052646,-811.45188414,-587.53572417,32,23,58
P1_DNA_bead_1_337,1,337,3361,3370,104.12512272,-779.75095948,-582.62041682,33,24,58
P1_DNA_bead_1_338,1,338,3371,3380,115.14904721,-747.96282623,-577.72269556,33,24,58
P1_DNA_bead_1_339,1,339,3381,3390,112.82708248,-714.49881002,-583.26959549,33,24,58
P1_DNA_bead_1_340,1,340,3391,3400,83.29039605,-702.20868400,-594.78206514,32,24,58
P1_DNA_bead_1_341,1,341,3401,3410,72.82781079,-709.72732043,-626.24640076,32,24,57
P1_DNA_bead_1_342,1,342,3411,3420,74.49497423,-704.58352581,-659.81367564,32,24,57
P1_DNA_bead_1_343,1,343,3421,3430,67.20228477,-708.06477551,-692.83938654,32,24,57
P1_DNA_bead_1_344,1,344,3431,3440,54.40315084,-711.34295415,-724.16726096,32,24,56
P1_DNA_bead_1_345,1,345,3441,3450,59.48646544,-718.49502396,-757.01551525,32,24,56
P1_DNA_bead_1_346,1,346,3451,3460,74.62659549,-735.35301124,-782.36477021,32,24,56
P1_DNA_bead_1_347,1,347,3461,3470,52.84828365,-757.16989906,-796.70801040,32,24,56
P1_DNA_bead_1_348,1,348,3471,3480,47.91732689,-788.73344945,-785.07065878,32,24,56
P1_DNA_bead_1_349,1,349,3481,3490,46.03006833,-818.85747945,-769.41878760,32,23,56
P1_DNA_bead_1_350,1,350,3491,3500,39.33158505,-836.92273636,-741.40491934,32,23,56
P1_DNA_bead_1_351,1,351,3501,3510,17.35800247,-844.49158664,-716.58810701,32,23,56
P1_DNA_bead_1_352,1,352,3511,3520,-2.94395670,-855.39019477,-691.58709114,31,23,57
P1_DNA_bead_1_353,1,353,3521,3530,-7.39504060,-875.32765393,-664.40832048,31,23,57
P1_DNA_bead_1_354,1,354,3531,3540,-4.52266047,-893.39024718,-635.74663600,31,23,57
P1_DNA_bead_1_355,1,355,3541,3550,-10.07285472,-898.97364795,-602.67064804,31,23,57
P1_DNA_bead_1_356,1,356,3551,3560,-20.21929876,-904.28198184,-570.65703742,31,22,58
P1_DNA_bead_1_357,1,357,3561,3570,-31.48456617,-926.30247080,-547.32911818,31,22,58
P1_DNA_bead_1_358,1,358,3571,3580,-31.17483757,-958.16144650,-535.45857750,31,22,58
P1_DNA_bead_1_359,1,359,3581,3590,-31.77134671,-989.09721746,-521.36523681,31,22,58
P1_DNA_bead_1_360,1,360,3591,3600,-64.81309593,-990.49796694,-529.25704961,31,22,58
P1_DNA_bead_1_361,1,361,3601,3610,-88.60772160,-989.20046563,-553.50848832,31,22,58
P1_DNA_bead_1_362,1,362,3611,3620,-104.44720245,-974.30920518,-579.64966674,30,22,58
P1_DNA_bead_1_363,1,363,3621,3630,-130.20588653,-956.84991205,-593.34869144,30,22,58
P1_DNA_bead_1_364,1,364,3631,3640,-155.09829798,-933.73530194,-591.90555191,30,22,58
P1_DNA_bead_1_365,1,365,3641,3650,-185.77172034,-919.19026568,-593.79845466,30,22,58
P1_DNA_bead_1_366,1,366,3651,3660,-162.99196498,-904.01920439,-573.62615570,30,22,58
P1_DNA_bead_1_367,1,367,3661,3670,-129.55880886,-900.61025247,-568.46833459,30,22,58
P1_DNA_bead_1_368,1,368,3671,3680,-102.30501207,-903.37848771,-548.32962971,30,22,58
P1_DNA_bead_1_369,1,369,3681,3690,-125.87503986,-907.48216685,-572.48772582,30,22,58
P1_DNA_bead_1_370,1,370,3691,3700,-146.87138754,-905.35098808,-599.14502240,30,22,58
P1_DNA_bead_1_371,1,371,3701,3710,-130.19437262,-932.89275079,-588.22126479,30,22,58
P1_DNA_bead_1_372,1,372,3711,3720,-143.99505896,-957.17964676,-568.83859881,30,22,58
P1_DNA_bead_1_373,1,373,3721,3730,-148.54865747,-986.86539242,-552.90055486,30,22,58
P1_DNA_bead_1_374,1,374,3731,3740,-151.17128893,-998.71802269,-521.14150953,30,22,58
P1_DNA_bead_1_375,1,375,3741,3750,-153.32607284,-1020.87313648,-495.44116246,30,21,59
P1_DNA_bead_1_376,1,376,3751,3760,-164.39112712,-1028.07372075,-464.10881241,30,21,59
P1_DNA_bead_1_377,1,377,3761,3770,-175.76315345,-1042.07170627,-435.28636598,30,21,59
P1_DNA_bead_1_378,1,378,3771,3780,-191.20211252,-1066.47044348,-417.33253169,30,21,59
P1_DNA_bead_1_379,1,379,3781,3790,-192.21465985,-1095.18150514,-399.14875633,30,21,60
P1_DNA_bead_1_380,1,380,3791,3800,-176.62413156,-1093.83735258,-429.33366450,30,21,59
P1_DNA_bead_1_381,1,381,3801,3810,-168.69158089,-1098.03427903,-462.12787814,30,21,59
P1_DNA_bead_1_382,1,382,3811,3820,-152.67567975,-1085.87671287,-489.54474331,30,21,59
P1_DNA_bead_1_383,1,383,3821,3830,-155.37433398,-1101.91475827,-519.40271319,30,20,58
P1_DNA_bead_1_384,1,384,3831,3840,-163.57158615,-1100.06787677,-552.34803282,30,20,58
P1_DNA_bead_1_385,1,385,3841,3850,-196.32262742,-1104.56113186,-544.39945090,30,20,58
P1_DNA_bead_1_386,1,386,3851,3860,-219.56627846,-1123.34574586,-528.18615504,29,20,58
P1_DNA_bead_1_387,1,387,3861,3870,-241.77245175,-1144.28465097,-513.20456230,29,20,58
P1_DNA_bead_1_388,1,388,3871,3880,-264.04039843,-1165.39322070,-498.55646228,29,20,59
P1_DNA_bead_1_389,1,389,3881,3890,-291.47621598,-1185.23083554,-495.43477154,29,20,59
P1_DNA_bead_1_390,1,390,3891,3900,-304.77562622,-1214.04285333,-483.22848963,28,19,59
P1_DNA_bead_1_391,1,391,3901,3910,-315.07826971,-1236.73854473,-460.10358684,28,19,59
P1_DNA_bead_1_392,1,392,3911,3920,-334.72011753,-1262.14991182,-448.94741201,28,19,59
P1_DNA_bead_1_393,1,393,3921,3930,-347.09959975,-1288.74270594,-431.75521259,28,19,59
P1_DNA_bead_1_394,1,394,3931,3940,-359.10746032,-1309.22019834,-407.41422679,28,18,59
P1_DNA_bead_1_395,1,395,3941,3950,-351.71317211,-1341.89372324,-401.60343745,28,18,59
P1_DNA_bead_1_396,1,396,3951,3960,-366.37327177,-1311.36374995,-404.60380559,28,18,59
P1_DNA_bead_1_397,1,397,3961,3970,-383.39065261,-1288.37440673,-422.98583072,28,19,59
P1_DNA_bead_1_398,1,398,3971,3980,-409.36957063,-1268.59340968,-432.46253764,27,19,59
P1_DNA_bead_1_399,1,399,3981,3990,-428.16421190,-1245.83651082,-449.34107472,27,19,59
P1_DNA_bead_1_400,1,400,3991,4000,-451.79943515,-1235.28770864,-471.38872752,27,19,59
P1_DNA_bead_1_401,1,401,4001,4010,-466.29916388,-1219.40781685,-497.72476564,27,19,59
P1_DNA_bead_1_402,1,402,4011,4020,-487.03424870,-1207.73515656,-522.01067223,27,19,58
P1_DNA_bead_1_403,1,403,4021,4030,-505.20504976,-1195.37946524,-547.95597780,26,20,58
P1_DNA_bead_1_404,1,404,4031,4040,-528.59186963,-1186.93420105,-571.14507371,26,20,58
P1_DNA_bead_1_405,1,405,4041,4050,-547.66191487,-1163.46590602,-586.68767655,26,20,58
P1_DNA_bead_1_406,1,406,4051,4060,-573.07809871,-1154.28614445,-607.32137656,26,20,57
P1_DNA_bead_1_407,1,407,4061,4070,-597.69141816,-1135.64280884,-621.55550959,26,20,57
P1_DNA_bead_1_408,1,408,4071,4080,-592.43409462,-1159.60822671,-598.01789511,26,20,58
P1_DNA_bead_1_409,1,409,4081,4090,-582.56389673,-1190.99626367,-589.45224689,26,20,58
P1_DNA_bead_1_410,1,410,4091,4100,-596.24750858,-1196.07224741,-558.74405326,26,20,58
P1_DNA_bead_1_411,1,411,4101,4110,-598.88736046,-1193.98376213,-524.91108988,26,20,58
P1_DNA_bead_1_412,1,412,4111,4120,-587.20496187,-1203.60003101,-494.46361156,26,19,59
P1_DNA_bead_1_413,1,413,4121,4130,-571.76260360,-1224.52248100,-472.55962430,26,19,59
P1_DNA_bead_1_414,1,414,4131,4140,-545.54872930,-1240.38315993,-457.81948665,26,19,59
P1_DNA_bead_1_415,1,415,4141,4150,-514.11650631,-1252.81670160,-454.15582733,26,19,59
P1_DNA_bead_1_416,1,416,4151,4160,-486.66067723,-1272.71170265,-451.63265820,27,19,59
P1_DNA_bead_1_417,1,417,4161,4170,-453.48981882,-1276.97352879,-457.75891238,27,19,59
P1_DNA_bead_1_418,1,418,4171,4180,-423.37551616,-1279.39187125,-473.35636075,27,19,59
P1_DNA_bead_1_419,1,419,4181,4190,-405.91371377,-1283.12175305,-502.29031033,27,19,58
P1_DNA_bead_1_420,1,420,4191,4200,-394.69738724,-1301.31180032,-528.73489767,28,18,58
P1_DNA_bead_1_421,1,421,4201,4210,-391.17423456,-1322.32747211,-555.22883914,28,18,58
P1_DNA_bead_1_422,1,422,4211,4220,-387.40384662,-1351.71736669,-571.90271905,28,18,58
P1_DNA_bead_1_423,1,423,4221,4230,-392.88984790,-1370.33218955,-599.82031493,28,18,58
P1_DNA_bead_1_424,1,424,4231,4240,-426.77004592,-1371.82170709,-597.38854192,27,18,58
P1_DNA_bead_1_425,1,425,4241,4250,-460.20174105,-1365.65549464,-597.93588509,27,18,58
P1_DNA_bead_1_426,1,426,4251,4260,-489.58934248,-1356.69234599,-583.37460601,27,18,58
P1_DNA_bead_1_427,1,427,4261,4270,-497.69833834,-1335.67524476,-557.90843939,27,18,58
P1_DNA_bead_1_428,1,428,4271,4280,-494.64594894,-1317.79729819,-529.14975470,27,18,58
P1_DNA_bead_1_429,1,429,4281,4290,-494.46120915,-1298.37144695,-501.24631092,27,19,58
P1_DNA_bead_1_430,1,430,4291,4300,-496.70037805,-1267.66063742,-486.82992092,27,19,59
P1_DNA_bead_1_431,1,431,4301,4310,-512.00802303,-1237.31811545,-485.82624477,26,19,59
P1_DNA_bead_1_432,1,432,4311,4320,-517.34406017,-1203.95568631,-489.63085110,26,19,59
P1_DNA_bead_1_433,1,433,4321,4330,-517.35166782,-1171.15299014,-480.68752588,26,20,59
P1_DNA_bead_1_434,1,434,4331,4340,-512.72802452,-1145.39140571,-458.98585105,26,20,59
P1_DNA_bead_1_435,1,435,4341,4350,-518.18303103,-1112.61582947,-451.77443606,26,20,59
P1_DNA_bead_1_436,1,436,4351,4360,-506.03400339,-1132.92166927,-476.18906277,26,20,59
P1_DNA_bead_1_437,1,437,4361,4370,-511.56101870,-1148.56521256,-505.86618620,26,20,58
P1_DNA_bead_1_438,1,438,4371,4380,-503.32858526,-1173.76675272,-527.15255304,26,20,58
P1_DNA_bead_1_439,1,439,4381,4390,-510.03898371,-1140.68657431,-531.23573181,26,20,58
P1_DNA_bead_1_440,1,440,4391,4400,-516.36906270,-1108.78967406,-521.31011572,26,20,58
P1_DNA_bead_1_441,1,441,4401,4410,-548.55099298,-1101.86488449,-512.80302147,26,20,58
P1_DNA_bead_1_442,1,442,4411,4420,-581.88215797,-1108.03543628,-515.44077267,26,20,58
P1_DNA_bead_1_443,1,443,4421,4430,-594.93970502,-1133.48193641,-497.05664648,26,20,59
P1_DNA_bead_1_444,1,444,4431,4440,-608.75328572,-1146.85500118,-469.01478265,25,20,59
P1_DNA_bead_1_445,1,445,4441,4450,-632.09959275,-1166.72951414,-454.31942003,25,20,59
P1_DNA_bead_1_446,1,446,4451,4460,-664.53011307,-1170.89842498,-444.99839357,25,20,59
P1_DNA_bead_1_447,1,447,4461,4470,-697.27989672,-1172.58858563,-436.02092023,25,20,59
P1_DNA_bead_1_448,1,448,4471,4480,-687.92398506,-1141.18870526,-426.93717488,25,20,59
P1_DNA_bead_1_449,1,449,4481,4490,-680.56039074,-1118.87727044,-402.36122413,25,20,59
P1_DNA_bead_1_450,1,450,4491,4500,-663.49708616,-1103.75848580,-377.13691071,25,20,60
P1_DNA_bead_1_451,1,451,4501,4510,-630.30591784,-1103.94972627,-369.76739423,25,20,60
P1_DNA_bead_1_452,1,452,4511,4520,-596.89531052,-1109.42513157,-372.89009419,26,20,60
P1_DNA_bead_1_453,1,453,4521,4530,-565.11280371,-1120.24958852,-378.24764892,26,20,60
P1_DNA_bead_1_454,1,454,4531,4540,-543.95553301,-1138.67548625,-397.45327803,26,20,60
P1_DNA_bead_1_455,1,455,4541,4550,-533.24212204,-1158.30822459,-423.06144881,26,20,59
P1_DNA_bead_1_456,1,456,4551,4560,-523.94552405,-1170.48476753,-453.41445637,26,20,59
P1_DNA_bead_1_457,1,457,4561,4570,-503.52242499,-1150.27071945,-435.24059368,26,20,59
P1_DNA_bead_1_458,1,458,4571,4580,-511.73678663,-1178.50363949,-452.31181183,26,20,59
P1_DNA_bead_1_459,1,459,4581,4590,-489.42291625,-1202.79565411,-460.55736909,27,19,59
P1_DNA_bead_1_460,1,460,4591,4600,-462.82475589,-1222.76888398,-453.51407767,27,19,59
P1_DNA_bead_1_461,1,461,4601,4610,-446.29159198,-1240.17320634,-429.43620288,27,19,59
P1_DNA_bead_1_462,1,462,4611,4620,-413.81859369,-1246.46420072,-421.56678286,27,19,59
P1_DNA_bead_1_463,1,463,4621,4630,-381.75333348,-1251.55498372,-411.47208047,28,19,59
P1_DNA_bead_1_464,1,464,4631,4640,-357.01320090,-1247.57230248,-388.49243535,28,19,60
P1_DNA_bead_1_465,1,465,4641,4650,-336.46407235,-1257.40449151,-363.25236057,28,19,60
P1_DNA_bead_1_466,1,466,4651,4660,-311.17908560,-1265.57665794,-342.04186456,28,19,60
P1_DNA_bead_1_467,1,467,4661,4670,-277.82160755,-1267.22603903,-335.67333252,29,19,60
P1_DNA_bead_1_468,1,468,4671,4680,-246.93134619,-1279.60772606,-342.63649123,29,19,60
P1_DNA_bead_1_469,1,469,4681,4690,-218.89415751,-1295.02171630,-354.13974972,29,19,60
P1_DNA_bead_1_470,1,470,4691,4700,-210.19883653,-1293.44480762,-321.30828993,29,19,60
P1_DNA_bead_1_471,1,471,4701,4710,-200.89378355,-1305.56783391,-290.93645721,29,18,61
P1_DNA_bead_1_472,1,472,4711,4720,-208.66006192,-1316.61635346,-259.73365066,29,18,61
P1_DNA_bead_1_473,1,473,4721,4730,-223.80194274,-1316.46414421,-229.29189845,29,18,61
P1_DNA_bead_1_474,1,474,4731,4740,-249.84392180,-1305.64887123,-210.29597265,29,18,61
P1_DNA_bead_1_475,1,475,4741,4750,-233.94567852,-1334.36883916,-201.44106989,29,18,61
P1_DNA_bead_1_476,1,476,4751,4760,-235.51094983,-1368.24139758,-203.93099199,29,18,61
P1_DNA_bead_1_477,1,477,4761,4770,-251.84513692,-1396.75513822,-212.65801478,29,18,61
P1_DNA_bead_1_478,1,478,4771,4780,-278.43109672,-1397.22831652,-233.84675810,29,18,61
P1_DNA_bead_1_479,1,479,4781,4790,-300.86183454,-1407.78474057,-257.11527572,28,17,61
P1_DNA_bead_1_480,1,480,4791,4800,-332.45807936,-1405.93028637,-269.53454757,28,17,61
P1_DNA_bead_1_481,1,481,4801,4810,-361.26001933,-1412.75605901,-252.80561808,28,17,61
P1_DNA_bead_1_482,1,482,4811,4820,-382.21933121,-1429.35986781,-231.80512335,28,17,61
P1_DNA_bead_1_483,1,483,4821,4830,-390.29696137,-1456.23497951,-212.60928364,28,17,61
P1_DNA_bead_1_484,1,484,4831,4840,-408.54660156,-1484.44082251,-207.37659276,27,17,61
P1_DNA_bead_1_485,1,485,4841,4850,-432.84544717,-1495.41112463,-228.47679592,27,17,61
P1_DNA_bead_1_486,1,486,4851,4860,-450.57122079,-1493.80603761,-257.44610115,27,17,61
P1_DNA_bead_1_487,1,487,4861,4870,-452.83728712,-1485.55581635,-290.35200932,27,17,61
P1_DNA_bead_1_488,1,488,4871,4880,-422.35280646,-1498.44427371,-298.13558858,27,17,61
P1_DNA_bead_1_489,1,489,4881,4890,-388.97327833,-1491.98085106,-297.95875863,28,17,61
P1_DNA_bead_1_490,1,490,4891,4900,-357.41387730,-1487.15424259,-309.65098072,28,17,60
P1_DNA_bead_1_491,1,491,4901,4910,-335.73218338,-1487.29698405,-335.84036356,28,17,60
P1_DNA_bead_1_492,1,492,4911,4920,-319.69475409,-1491.17160945,-365.56893803,28,17,60
P1_DNA_bead_1_493,1,493,4921,4930,-318.04567161,-1496.92242687,-399.03845589,28,17,60
P1_DNA_bead_1_494,1,494,4931,4940,-319.90862633,-1484.79234316,-430.74634874,28,17,59
P1_DNA_bead_1_495,1,495,4941,4950,-330.87613907,-1487.96813998,-462.77177581,28,17,59
P1_DNA_bead_1_496,1,496,4951,4960,-341.49157878,-1490.22412339,-494.99324348,28,17,59
P1_DNA_bead_1_497,1,497,4961,4970,-308.08594425,-1485.39706171,-499.08751469,28,17,59
P1_DNA_bead_1_498,1,498,4971,4980,-281.67327359,-1484.07019832,-520.45595549,29,17,58
P1_DNA_bead_1_499,1,499,4981,4990,-256.96966285,-1468.91582190,-538.23449570,29,17,58
P1_DNA_bead_1_500,1,500,4991,5000,-234.18305166,-1471.12452997,-563.37195697,29,17,58
P1_DNA_bead_1_501,1,501,5001,5010,-221.15390375,-1476.68287883,-594.28062990,29,17,58
P1_DNA_bead_1_502,1,502,5011,5020,-218.43350076,-1496.20771933,-621.98225461,29,17,57
P1_DNA_bead_1_503,1,503,5021,5030,-205.17595200,-1468.10611681,-635.78578086,29,17,57
P1_DNA_bead_1_504,1,504,5031,5040,-208.85426945,-1434.98094209,-642.50833841,29,17,57
P1_DNA_bead_1_505,1,505,5041,5050,-210.48138224,-1405.98877044,-660.19467458,29,17,57
P1_DNA_bead_1_506,1,506,5051,5060,-227.65085677,-1383.40098724,-678.92970046,29,18,57
P1_DNA_bead_1_507,1,507,5061,5070,-240.04221525,-1372.42717198,-708.62868384,29,18,56
P1_DNA_bead_1_508,1,508,5071,5080,-237.32463168,-1353.19499109,-736.53456059,29,18,56
P1_DNA_bead_1_509,1,509,5081,5090,-241.50152368,-1340.54536624,-767.81619361,29,18,56
P1_DNA_bead_1_510,1,510,5091,5100,-230.31458265,-1326.16027910,-796.52022850,29,18,56
P1_DNA_bead_1_511,1,511,5101,5110,-228.22239420,-1300.66241785,-818.91401824,29,18,55
P1_DNA_bead_1_512,1,512,5111,5120,-258.11968147,-1300.29634197,-802.72704192,29,18,55
P1_DNA_bead_1_513,1,513,5121,5130,-291.62766719,-1306.05056433,-802.40483323,29,18,55
P1_DNA_bead_1_514,1,514,5131,5140,-323.44312772,-1317.60334755,-799.19396565,28,18,56
P1_DNA_bead_1_515,1,515,5141,5150,-352.96581614,-1333.35640897,-793.17300854,28,18,56
P1_DNA_bead_1_516,1,516,5151,5160,-371.87189702,-1361.57889524,-791.74074645,28,18,56
P1_DNA_bead_1_517,1,517,5161,5170,-379.30562227,-1353.87673151,-759.46976254,28,18,56
P1_DNA_bead_1_518,1,518,5171,5180,-401.33393416,-1350.88696313,-733.74400190,27,18,56
P1_DNA_bead_1_519,1,519,5181,5190,-415.30886402,-1341.03353231,-704.35673873,27,18,56
P1_DNA_bead_1_520,1,520,5191,5200,-440.80457131,-1362.33020650,-711.59694438,27,18,56
P1_DNA_bead_1_521,1,521,5201,5210,-454.02262483,-1385.76558556,-732.38314339,27,18,56
P1_DNA_bead_1_522,1,522,5211,5220,-423.65535186,-1376.75895412,-720.02558206,27,18,56
P1_DNA_bead_1_523,1,523,5221,5230,-391.53402925,-1376.93426506,-731.16963430,28,18,56
P1_DNA_bead_1_524,1,524,5231,5240,-358.90962258,-1384.32824208,-725.08874678,28,18,56
P1_DNA_bead_1_525,1,525,5241,5250,-327.91930902,-1397.76109095,-721.19528603,28,18,56
P1_DNA_bead_1_526,1,526,5251,5260,-300.91053772,-1413.27590032,-707.56381645,28,17,56
P1_DNA_bead_1_527,1,527,5261,5270,-274.17521221,-1424.24458589,-689.64984685,29,17,57
P1_DNA_bead_1_528,1,528,5271,5280,-252.75616060,-1421.43029898,-663.39524693,29,17,57
P1_DNA_bead_1_529,1,529,5281,5290,-231.44843039,-1400.27145648,-647.44896154,29,17,57
P1_DNA_bead_1_530,1,530,5291,5300,-205.12461180,-1378.79966537,-648.86979282,29,18,57
P1_DNA_bead_1_531,1,531,5301,5310,-179.11606297,-1363.12585986,-633.57642142,30,18,57
P1_DNA_bead_1_532,1,532,5311,5320,-155.41489718,-1351.98987979,-611.89129546,30,18,57
P1_DNA_bead_1_533,1,533,5321,5330,-132.63786160,-1326.78974281,-610.42168788,30,18,57
P1_DNA_bead_1_534,1,534,5331,5340,-136.63490196,-1304.08485207,-635.41191807,30,18,57
P1_DNA_bead_1_535,1,535,5341,5350,-145.26582002,-1300.96202637,-668.14959076,30,18,57
P1_DNA_bead_1_536,1,536,5351,5360,-127.81091517,-1304.21185236,-697.14553751,30,18,57
P1_DNA_bead_1_537,1,537,5361,5370,-149.09628360,-1330.71357677,-697.91475433,30,18,57
P1_DNA_bead_1_538,1,538,5371,5380,-166.76695874,-1357.08051254,-685.72738637,30,18,57
P1_DNA_bead_1_539,1,539,5381,5390,-186.03575900,-1369.78594784,-660.76170491,30,18,57
P1_DNA_bead_1_540,1,540,5391,5400,-165.27099463,-1347.24738452,-646.03629410,30,18,57
P1_DNA_bead_1_541,1,541,5401,5410,-184.92961382,-1336.53841128,-620.44612834,30,18,57
P1_DNA_bead_1_542,1,542,5411,5420,-201.32974452,-1344.23504979,-591.67465864,29,18,58
P1_DNA_bead_1_543,1,543,5421,5430,-224.35306520,-1347.22132705,-566.83499574,29,18,58
P1_DNA_bead_1_544,1,544,5431,5440,-246.91118639,-1334.45103243,-544.83384250,29,18,58
P1_DNA_bead_1_545,1,545,5441,5450,-267.44943902,-1335.26232433,-517.75023151,29,18,58
P1_DNA_bead_1_546,1,546,5451,5460,-297.67273517,-1327.67901813,-504.14707611,29,18,58
P1_DNA_bead_1_547,1,547,5461,5470,-321.34451923,-1327.16164246,-479.74668755,28,18,59
P1_DNA_bead_1_548,1,548,5471,5480,-330.31658883,-1326.35026711,-446.96187953,28,18,59
P1_DNA_bead_1_549,1,549,5481,5490,-337.71576682,-1325.72737860,-413.78260625,28,18,59
P1_DNA_bead_1_550,1,550,5491,5500,-361.91690523,-1347.41775908,-423.77421745,28,18,59
P1_DNA_bead_1_551,1,551,5501,5510,-391.86506624,-1362.74770621,-428.68343054,28,18,59
P1_DNA_bead_1_552,1,552,5511,5520,-398.64715568,-1338.99393892,-405.32188516,28,18,59
P1_DNA_bead_1_553,1,553,5521,5530,-383.54737129,-1315.45167745,-424.65471827,28,18,59
P1_DNA_bead_1_554,1,554,5531,5540,-391.03063564,-1297.33914804,-452.43847311,28,19,59
P1_DNA_bead_1_555,1,555,5541,5550,-400.37074431,-1270.71587630,-471.41118435,27,19,59
P1_DNA_bead_1_556,1,556,5551,5560,-422.11129622,-1254.50964150,-491.92231198,27,19,59
P1_DNA_bead_1_557,1,557,5561,5570,-453.24190340,-1242.44256164,-498.34655358,27,19,59
P1_DNA_bead_1_558,1,558,5571,5580,-485.13064170,-1236.32165598,-488.26474407,27,19,59
P1_DNA_bead_1_559,1,559,5581,5590,-506.82606797,-1219.14323294,-468.51100363,26,19,59
P1_DNA_bead_1_560,1,560,5591,5600,-531.77143360,-1201.23428557,-453.91654106,26,19,59
P1_DNA_bead_1_561,1,561,5601,5610,-557.79030194,-1186.41945389,-437.80631908,26,20,59
P1_DNA_bead_1_562,1,562,5611,5620,-580.12227846,-1186.92185277,-412.17371445,26,20,59
P1_DNA_bead_1_563,1,563,5621,5630,-612.06150291,-1187.96395643,-400.56337589,25,20,59
P1_DNA_bead_1_564,1,564,5631,5640,-634.01275907,-1183.93270538,-374.91398276,25,20,60
P1_DNA_bead_1_565,1,565,5641,5650,-661.33668581,-1173.63410851,-357.49726865,25,20,60
P1_DNA_bead_1_566,1,566,5651,5660,-684.44356493,-1165.17065047,-334.03576794,25,20,60
P1_DNA_bead_1_567,1,567,5661,5670,-706.79817436,-1167.04343859,-308.48651938,24,20,60
P1_DNA_bead_1_568,1,568,5671,5680,-731.49671815,-1144.99854753,-300.74024851,24,20,60
P1_DNA_bead_1_569,1,569,5681,5690,-758.75366705,-1124.83767298,-303.30888134,24,20,60
P1_DNA_bead_1_570,1,570,5691,5700,-786.38619409,-1106.32249049,-310.35384170,24,20,60
P1_DNA_bead_1_571,1,571,5701,5710,-813.95802790,-1090.14909794,-321.93897675,23,21,60
P1_DNA_bead_1_572,1,572,5711,5720,-827.45892152,-1066.90312212,-342.75604857,23,21,60
P1_DNA_bead_1_573,1,573,5721,5730,-828.92471328,-1034.26925793,-352.18379289,23,21,60
P1_DNA_bead_1_574,1,574,5731,5740,-839.35414988,-1003.58776177,-362.47323628,23,21,60
P1_DNA_bead_1_575,1,575,5741,5750,-872.52837950,-1008.18975632,-368.32918497,23,21,60
P1_DNA_bead_1_576,1,576,5751,5760,-906.40749334,-1005.37322289,-367.80689691,22,21,60
P1_DNA_bead_1_577,1,577,5761,5770,-935.20290623,-1005.97194127,-349.73853414,22,21,60
P1_DNA_bead_1_578,1,578,5771,5780,-961.23458386,-995.14139381,-330.73719206,22,22,60
P1_DNA_bead_1_579,1,579,5781,5790,-987.99770062,-983.49219993,-313.30068256,22,22,60
P1_DNA_bead_1_580,1,580,5791,5800,-1018.07289807,-990.24769146,-298.95335414,21,22,61
P1_DNA_bead_1_581,1,581,5801,5810,-1047.94153633,-987.37595186,-282.96530986,21,22,61
P1_DNA_bead_1_582,1,582,5811,5820,-1080.64937485,-996.33900522,-280.54436498,21,22,61
P1_DNA_bead_1_583,1,583,5821,5830,-1111.33568771,-995.42903000,-265.93196792,20,22,61
P1_DNA_bead_1_584,1,584,5831,5840,-1080.54289269,-995.90184862,-251.52432351,21,22,61
P1_DNA_bead_1_585,1,585,5841,5850,-1060.46699613,-990.31121629,-224.65978913,21,22,61
P1_DNA_bead_1_586,1,586,5851,5860,-1044.75353154,-964.32214957,-209.37399698,21,22,61
P1_DNA_bead_1_587,1,587,5861,5870,-1067.07514120,-938.76645827,-207.21705830,21,22,61
P1_DNA_bead_1_588,1,588,5871,5880,-1100.17718609,-944.54537664,-202.03451778,20,22,61
P1_DNA_bead_1_589,1,589,5881,5890,-1106.33441572,-913.15799194,-213.56363765,20,22,61
P1_DNA_bead_1_590,1,590,5891,5900,-1097.35921259,-880.44788420,-215.90768986,21,23,61
P1_DNA_bead_1_591,1,591,5901,5910,-1093.85058924,-850.49250797,-200.21167136,21,23,61
P1_DNA_bead_1_592,1,592,5911,5920,-1074.24533274,-824.99524319,-189.18790582,21,23,62
P1_DNA_bead_1_593,1,593,5921,5930,-1043.07017485,-813.14139119,-182.58520010,21,23,62
P1_DNA_bead_1_594,1,594,5931,5940,-1009.33728743,-808.97326017,-181.73726689,21,23,62
P1_DNA_bead_1_595,1,595,5941,5950,-979.41077498,-813.20116749,-197.31059834,22,23,62
P1_DNA_bead_1_596,1,596,5951,5960,-964.51663648,-843.57166355,-193.87583379,22,23,62
P1_DNA_bead_1_597,1,597,5961,5970,-966.65271924,-877.37807487,-196.80221448,22,23,62
P1_DNA_bead_1_598,1,598,5971,5980,-952.38256643,-907.06822485,-205.21991802,22,22,61
P1_DNA_bead_1_599,1,599,5981,5990,-924.75923057,-926.80740054,-207.04097788,22,22,61
P1_DNA_bead_1_600,1,600,5991,6000,-891.59165300,-919.79160134,-204.45440495,23,22,61
P1_DNA_bead_1_601,1,601,6001,6010,-859.47435865,-910.19166269,-210.13952430,23,22,61
P1_DNA_bead_1_602,1,602,6011,6020,-828.07701613,-910.12790931,-223.18570452,23,22,61
P1_DNA_bead_1_603,1,603,6021,6030,-857.84674865,-908.71169893,-206.82241103,23,22,61
P1_DNA_bead_1_604,1,604,6031,6040,-887.53164375,-900.90758527,-221.44782770,23,22,61
P1_DNA_bead_1_605,1,605,6041,6050,-909.60146082,-895.77342291,-196.09899041,22,23,62
P1_DNA_bead_1_606,1,606,6051,6060,-941.38174611,-899.45251778,-184.58909347,22,23,62
P1_DNA_bead_1_607,1,607,6061,6070,-964.98535656,-878.48744101,-171.96629149,22,23,62
P1_DNA_bead_1_608,1,608,6071,6080,-977.43619419,-852.03396838,-154.61145274,22,23,62
P1_DNA_bead_1_609,1,609,6081,6090,-992.62845833,-829.45446224,-134.23104516,22,23,62
P1_DNA_bead_1_610,1,610,6091,6100,-1016.13921137,-810.23942312,-118.93311189,21,23,62
P1_DNA_bead_1_611,1,611,6101,6110,-1040.08570286,-796.22184392,-99.28437099,21,24,63
P1_DNA_bead_1_612,1,612,6111,6120,-1047.81978131,-772.96082574,-75.72361837,21,24,63
P1_DNA_bead_1_613,1,613,6121,6130,-1058.50868191,-761.28887548,-45.63187563,21,24,63
P1_DNA_bead_1_614,1,614,6131,6140,-1056.13175033,-750.30758577,-13.54197890,21,24,63
P1_DNA_bead_1_615,1,615,6141,6150,-1070.62825358,-778.83041756,-2.03982866,21,24,63
P1_DNA_bead_1_616,1,616,6151,6160,-1056.49714079,-799.55239849,-24.99437413,21,24,63
P1_DNA_bead_1_617,1,617,6161,6170,-1089.86602339,-796.76475220,-30.88900747,21,24,63
P1_DNA_bead_1_618,1,618,6171,6180,-1116.45399546,-792.91443103,-51.72778786,20,24,63
P1_DNA_bead_1_619,1,619,6181,6190,-1149.30437291,-791.73755625,-60.41500073,20,24,63
P1_DNA_bead_1_620,1,620,6191,6200,-1174.23339041,-778.16260606,-79.13036376,20,24,63
P1_DNA_bead_1_621,1,621,6201,6210,-1196.51593802,-759.25623039,-96.50957637,20,24,63
P1_DNA_bead_1_622,1,622,6211,6220,-1188.15645559,-743.04483198,-125.20294869,20,24,62
P1_DNA_bead_1_623,1,623,6221,6230,-1196.95812533,-729.58928505,-155.16090034,20,24,62
P1_DNA_bead_1_624,1,624,6231,6240,-1196.49173410,-702.71039179,-175.97694166,20,24,62
P1_DNA_bead_1_625,1,625,6241,6250,-1179.86270867,-691.76089239,-203.53749274,20,25,61
P1_DNA_bead_1_626,1,626,6251,6260,-1167.61174053,-682.03012717,-233.72401271,20,25,61
P1_DNA_bead_1_627,1,627,6261,6270,-1167.28638404,-672.33478313,-266.31073466,20,25,61
P1_DNA_bead_1_628,1,628,6271,6280,-1172.52020081,-650.29994519,-291.66962027,20,25,61
P1_DNA_bead_1_629,1,629,6281,6290,-1157.82022790,-620.32576482,-298.10851047,20,25,61
P1_DNA_bead_1_630,1,630,6291,6300,-1188.19066378,-635.58850538,-298.93638407,20,25,61
P1_DNA_bead_1_631,1,631,6301,6310,-1209.11126841,-659.39238969,-286.61959089,19,25,61
P1_DNA_bead_1_632,1,632,6311,6320,-1221.23597677,-691.13384348,-287.83266883,19,25,61
P1_DNA_bead_1_633,1,633,6321,6330,-1199.54885477,-695.12585093,-261.95347612,20,25,61
P1_DNA_bead_1_634,1,634,6331,6340,-1191.73492549,-667.72353069,-243.40474692,20,25,61
P1_DNA_bead_1_635,1,635,6341,6350,-1178.42529456,-649.52232912,-217.95735048,20,25,61
P1_DNA_bead_1_636,1,636,6351,6360,-1185.00164575,-616.21811510,-216.06501506,20,25,61
P1_DNA_bead_1_637,1,637,6361,6370,-1155.18828935,-622.39110896,-200.93035528,20,25,61
P1_DNA_bead_1_638,1,638,6371,6380,-1184.83870992,-624.26318423,-217.46359132,20,25,61
P1_DNA_bead_1_639,1,639,6381,6390,-1216.96851258,-623.72978105,-228.57175327,19,25,61
P1_DNA_bead_1_640,1,640,6391,6400,-1250.17870075,-617.23797325,-231.87929523,19,25,61
P1_DNA_bead_1_641,1,641,6401,6410,-1282.11359255,-626.84110038,-225.25037112,19,25,61
P1_DNA_bead_1_642,1,642,6411,6420,-1297.61923371,-602.88377642,-243.73338279,19,25,61
P1_DNA_bead_1_643,1,643,6421,6430,-1297.38362810,-619.91395827,-214.30690838,19,25,61
P1_DNA_bead_1_644,1,644,6431,6440,-1293.36427230,-590.45077931,-197.82158569,19,26,62
P1_DNA_bead_1_645,1,645,6441,6450,-1290.16903609,-573.71861445,-168.39667915,19,26,62
P1_DNA_bead_1_646,1,646,6451,6460,-1297.05436321,-548.21355111,-146.99378182,19,26,62
P1_DNA_bead_1_647,1,647,6461,6470,-1298.13538015,-520.93423347,-167.25878198,19,26,62
P1_DNA_bead_1_648,1,648,6471,6480,-1281.80158847,-493.99614600,-180.04731955,19,27,62
P1_DNA_bead_1_649,1,649,6481,6490,-1260.14301980,-468.08367692,-183.97801276,19,27,62
P1_DNA_bead_1_650,1,650,6491,6500,-1229.09074546,-455.20343042,-189.06284399,19,27,62
P1_DNA_bead_1_651,1,651,6501,6510,-1195.60948190,-450.62500212,-185.31544697,20,27,62
P1_DNA_bead_1_652,1,652,6511,6520,-1162.42757508,-448.07719376,-192.27746766,20,27,62
P1_DNA_bead_1_653,1,653,6521,6530,-1136.52315364,-435.29824291,-210.21233217,20,27,61
P1_DNA_bead_1_654,1,654,6531,6540,-1105.89282796,-439.85510437,-224.24864803,20,27,61
P1_DNA_bead_1_655,1,655,6541,6550,-1074.35017606,-446.03516448,-235.33323047,21,27,61
P1_DNA_bead_1_656,1,656,6551,6560,-1045.20512639,-459.84512484,-246.09664417,21,27,61
P1_DNA_bead_1_657,1,657,6561,6570,-1025.67082791,-481.90951166,-263.05465163,21,27,61
P1_DNA_bead_1_658,1,658,6571,6580,-998.44761677,-500.60339770,-271.14386668,22,26,61
P1_DNA_bead_1_659,1,659,6581,6590,-970.57923210,-505.17144183,-290.07759607,22,26,61
P1_DNA_bead_1_660,1,660,6591,6600,-938.08483162,-513.37950281,-295.79963002,22,26,61
P1_DNA_bead_1_661,1,661,6601,6610,-904.70368228,-519.73447485,-294.65368103,22,26,61
P1_DNA_bead_1_662,1,662,6611,6620,-879.43834080,-540.29991883,-284.92100237,23,26,61
P1_DNA_bead_1_663,1,663,6621,6630,-850.15511028,-555.50476257,-276.71703158,23,26,61
P1_DNA_bead_1_664,1,664,6631,6640,-827.51097315,-579.55749885,-268.67284539,23,26,61
P1_DNA_bead_1_665,1,665,6641,6650,-798.67524759,-587.85816035,-252.68535183,24,26,61
P1_DNA_bead_1_666,1,666,6651,6660,-769.83157103,-596.08212082,-236.67258203,24,26,61
P1_DNA_bead_1_667,1,667,6661,6670,-750.30597860,-597.88661245,-208.89678232,24,26,61
P1_DNA_bead_1_668,1,668,6671,6680,-716.31125484,-597.43402554,-209.28911098,24,26,61
P1_DNA_bead_1_669,1,669,6681,6690,-682.68335228,-599.49360314,-213.86320212,25,26,61
P1_DNA_bead_1_670,1,670,6691,6700,-654.95899275,-590.32156790,-231.27680767,25,26,61
P1_DNA_bead_1_671,1,671,6701,6710,-624.31880122,-578.31512543,-239.82221591,25,26,61
P1_DNA_bead_1_672,1,672,6711,6720,-593.00227639,-584.11274119,-251.72443941,26,26,61
P1_DNA_bead_1_673,1,673,6721,6730,-626.63633250,-588.81094261,-253.36064641,25,26,61
P1_DNA_bead_1_674,1,674,6731,6740,-659.54592606,-596.66992681,-256.70654228,25,26,61
P1_DNA_bead_1_675,1,675,6741,6750,-692.55456735,-590.01328510,-252.00348785,25,26,61
P1_DNA_bead_1_676,1,676,6751,6760,-716.82323639,-566.90032887,-246.27435550,24,26,61
P1_DNA_bead_1_677,1,677,6761,6770,-735.66358806,-541.62725206,-233.53415387,24,26,61
P1_DNA_bead_1_678,1,678,6771,6780,-764.71028388,-525.02686995,-227.47471695,24,26,61
P1_DNA_bead_1_679,1,679,6781,6790,-782.88329046,-496.88464633,-221.66463249,24,27,61
P1_DNA_bead_1_680,1,680,6791,6800,-809.34551639,-477.24209911,-230.02650654,23,27,61
P1_DNA_bead_1_681,1,681,6801,6810,-841.48918126,-467.07388362,-234.43016437,23,27,61
P1_DNA_bead_1_682,1,682,6811,6820,-874.63607027,-463.54174324,-241.12402225,23,27,61
P1_DNA_bead_1_683,1,683,6821,6830,-903.16046808,-445.49039738,-237.06106247,22,27,61
P1_DNA_bead_1_684,1,684,6831,6840,-924.42495676,-418.99888734,-238.48282795,22,27,61
P1_DNA_bead_1_685,1,685,6841,6850,-941.07740568,-394.41592680,-221.91858948,22,28,61
P1_DNA_bead_1_686,1,686,6851,6860,-961.05124065,-369.02062793,-211.32969378,22,28,61
P1_DNA_bead_1_687,1,687,6861,6870,-973.12344196,-350.97051348,-185.16759670,22,28,62
P1_DNA_bead_1_688,1,688,6871,6880,-982.21613335,-327.99663234,-161.81114688,22,28,62
P1_DNA_bead_1_689,1,689,6881,6890,-997.81725445,-302.00991056,-146.40675427,22,28,62
P1_DNA_bead_1_690,1,690,6891,6900,-999.97529559,-290.04572713,-114.65457051,22,29,62
P1_DNA_bead_1_691,1,691,6901,6910,-1015.41485101,-280.28362033,-85.97842365,21,29,63
P1_DNA_bead_1_692,1,692,6911,6920,-1026.95620488,-256.53736789,-64.55617712,21,29,63
P1_DNA_bead_1_693,1,693,6921,6930,-1031.93586893,-225.69500232,-51.14157942,21,29,63
P1_DNA_bead_1_694,1,694,6931,6940,-1033.05358777,-201.84183340,-26.93874823,21,29,63
P1_DNA_bead_1_695,1,695,6941,6950,-1052.46932521,-208.85860125,0.07595349,21,29,64
P1_DNA_bead_1_696,1,696,6951,6960,-1081.29908522,-207.16924011,18.02006105,21,29,64
P1_DNA_bead_1_697,1,697,6961,6970,-1108.60856432,-207.30194037,-2.23271016,20,29,63
P1_DNA_bead_1_698,1,698,6971,6980,-1131.04156744,-224.77402817,-20.87370046,20,29,63
P1_DNA_bead_1_699,1,699,6981,6990,-1155.90503901,-233.72736750,-42.26635098,20,29,63
P1_DNA_bead_1_700,1,700,6991,7000,-1174.08066971,-235.84991172,-70.92191334,20,29,63
P1_DNA_bead_1_701,1,701,7001,7010,-1201.03062495,-231.61789901,-91.21452237,19,29,63
P1_DNA_bead_1_702,1,702,7011,7020,-1214.09401655,-201.23755119,-99.11276689,19,29,63
P1_DNA_bead_1_703,1,703,7021,7030,-1241.02046485,-206.99517223,-79.16743707,19,29,63
P1_DNA_bead_1_704,1,704,7031,7040,-1270.13682998,-209.10219843,-61.73764297,19,29,63
P1_DNA_bead_1_705,1,705,7041,7050,-1285.73179888,-209.62507943,-31.52963840,19,29,63
P1_DNA_bead_1_706,1,706,7051,7060,-1305.72625538,-217.24482123,-5.10689736,18,29,63
P1_DNA_bead_1_707,1,707,7061,7070,-1286.40214887,-245.00076941,-1.61601660,19,29,63
P1_DNA_bead_1_708,1,708,7071,7080,-1269.31669507,-270.56988755,-16.11799804,19,29,63
P1_DNA_bead_1_709,1,709,7081,7090,-1246.95760105,-295.34152247,-22.63236817,19,29,63
P1_DNA_bead_1_710,1,710,7091,7100,-1213.60119476,-288.79766673,-21.90565544,19,29,63
P1_DNA_bead_1_711,1,711,7101,7110,-1182.61946867,-278.91709702,-11.98058665,20,29,63
P1_DNA_bead_1_712,1,712,7111,7120,-1151.25749515,-270.23770414,-2.12691950,20,29,63
P1_DNA_bead_1_713,1,713,7121,7130,-1160.40927747,-301.24146965,8.40927548,20,28,64
P1_DNA_bead_1_714,1,714,7131,7140,-1177.92718527,-319.89531431,30.79581129,20,28,64
P1_DNA_bead_1_715,1,715,7141,7150,-1186.08144616,-333.84966920,0.88287080,20,28,64
P1_DNA_bead_1_716,1,716,7151,7160,-1195.39115727,-357.29111461,-21.91686421,20,28,63
P1_DNA_bead_1_717,1,717,7161,7170,-1196.38229795,-383.12548832,-43.99859365,20,28,63
P1_DNA_bead_1_718,1,718,7171,7180,-1186.88434924,-397.13363125,-73.48691171,20,28,63
P1_DNA_bead_1_719,1,719,7181,7190,-1186.63287813,-424.60322950,-93.52083130,20,27,63
P1_DNA_bead_1_720,1,720,7191,7200,-1194.48490198,-456.42502213,-102.56070051,20,27,62
P1_DNA_bead_1_721,1,721,7201,7210,-1189.87947324,-489.79069816,-107.19984803,20,27,62
P1_DNA_bead_1_722,1,722,7211,7220,-1157.65554004,-497.16453597,-115.15249821,20,27,62
P1_DNA_bead_1_723,1,723,7221,7230,-1132.08890301,-492.45385138,-137.06497233,20,27,62
P1_DNA_bead_1_724,1,724,7231,7240,-1113.51715227,-477.79160419,-161.48030730,20,27,62
P1_DNA_bead_1_725,1,725,7241,7250,-1094.97735510,-477.92199989,-189.98046375,21,27,62
P1_DNA_bead_1_726,1,726,7251,7260,-1081.22340112,-485.33542847,-220.17764618,21,27,61
P1_DNA_bead_1_727,1,727,7261,7270,-1068.41684885,-480.21697973,-251.25486777,21,27,61
P1_DNA_bead_1_728,1,728,7271,7280,-1062.91586166,-488.71172863,-283.71373991,21,27,61
P1_DNA_bead_1_729,1,729,7281,7290,-1066.59300924,-520.95968608,-293.84032996,21,26,61
P1_DNA_bead_1_730,1,730,7291,7300,-1033.95664711,-528.97740876,-298.99629639,21,26,61
P1_DNA_bead_1_731,1,731,7301,7310,-1004.84986066,-541.01594201,-286.19517534,21,26,61
P1_DNA_bead_1_732,1,732,7311,7320,-971.73884535,-543.89892725,-279.02934942,22,26,61
P1_DNA_bead_1_733,1,733,7321,7330,-943.96305035,-561.13258486,-269.67487149,22,26,61
P1_DNA_bead_1_734,1,734,7331,7340,-912.02680205,-572.78428841,-270.23509375,22,26,61
P1_DNA_bead_1_735,1,735,7341,7350,-880.05349438,-571.23656862,-281.69424557,23,26,61
P1_DNA_bead_1_736,1,736,7351,7360,-849.30152478,-572.12430335,-296.16933771,23,26,61
P1_DNA_bead_1_737,1,737,7361,7370,-822.50548401,-592.85048611,-299.06718994,23,26,61
P1_DNA_bead_1_738,1,738,7371,7380,-789.77178214,-598.16393864,-306.56865541,24,26,60
P1_DNA_bead_1_739,1,739,7381,7390,-756.20849648,-595.56163962,-311.33666284,24,26,60
P1_DNA_bead_1_740,1,740,7391,7400,-724.90359997,-592.68813298,-324.28835827,24,26,60
P1_DNA_bead_1_741,1,741,7401,7410,-701.61613920,-568.07084288,-327.06021666,24,26,60
P1_DNA_bead_1_742,1,742,7411,7420,-697.71105096,-550.91903537,-297.96441309,25,26,61
P1_DNA_bead_1_743,1,743,7421,7430,-682.19450278,-527.30147185,-279.05813303,25,26,61
P1_DNA_bead_1_744,1,744,7431,7440,-654.96866494,-514.74435368,-263.02465127,25,26,61
P1_DNA_bead_1_745,1,745,7441,7450,-641.61614628,-503.20898438,-233.96186578,25,26,61
P1_DNA_bead_1_746,1,746,7451,7460,-624.70601472,-503.50988588,-204.46683384,25,26,61
P1_DNA_bead_1_747,1,747,7461,7470,-652.15810182,-523.47827113,-202.55725156,25,26,61
P1_DNA_bead_1_748,1,748,7471,7480,-685.53215459,-528.63179211,-206.50868459,25,26,61
P1_DNA_bead_1_749,1,749,7481,7490,-717.56773583,-524.99139367,-217.30076660,24,26,61
P1_DNA_bead_1_750,1,750,7491,7500,-708.84844129,-538.22744770,-247.38034067,24,26,61
P1_DNA_bead_1_751,1,751,7501,7510,-715.38567563,-521.57146696,-276.29128795,24,26,61
P1_DNA_bead_1_752,1,752,7511,7520,-704.71164178,-509.14196206,-306.08344143,24,26,60
P1_DNA_bead_1_753,1,753,7521,7530,-702.89853894,-507.03218481,-339.96944884,24,26,60
P1_DNA_bead_1_754,1,754,7531,7540,-702.73400815,-513.48135437,-373.35179660,24,26,60
P1_DNA_bead_1_755,1,755,7541,7550,-696.30550663,-503.57016060,-405.23349364,25,26,59
P1_DNA_bead_1_756,1,756,7551,7560,-677.11073826,-500.16324537,-433.08944086,25,26,59
P1_DNA_bead_1_757,1,757,7561,7570,-661.52978063,-479.20306580,-454.85879161,25,27,59
P1_DNA_bead_1_758,1,758,7571,7580,-644.71497365,-450.30352256,-461.02958301,25,27,59
P1_DNA_bead_1_759,1,759,7581,7590,-621.51650895,-427.79327424,-450.48823793,25,27,59
P1_DNA_bead_1_760,1,760,7591,7600,-593.56536593,-413.69781086,-437.21979732,26,27,59
P1_DNA_bead_1_761,1,761,7601,7610,-565.33134313,-410.26769446,-418.58986822,26,27,59
P1_DNA_bead_1_762,1,762,7611,7620,-540.19571175,-407.74588890,-395.83375846,26,27,60
P1_DNA_bead_1_763,1,763,7621,7630,-524.07026272,-421.48249148,-369.23910405,26,27,60
P1_DNA_bead_1_764,1,764,7631,7640,-513.87507135,-421.65215640,-336.80410310,26,27,60
P1_DNA_bead_1_765,1,765,7641,7650,-506.49435347,-433.11924858,-305.65878562,26,27,60
P1_DNA_bead_1_766,1,766,7651,7660,-488.82272350,-444.50973386,-278.93856220,27,27,61
P1_DNA_bead_1_767,1,767,7661,7670,-477.91659650,-462.02172746,-251.91289896,27,27,61
P1_DNA_bead_1_768,1,768,7671,7680,-473.61989009,-463.18632823,-218.20559976,27,27,61
P1_DNA_bead_1_769,1,769,7681,7690,-467.07411114,-457.32569298,-185.36042154,27,27,62
P1_DNA_bead_1_770,1,770,7691,7700,-454.73647842,-437.92636691,-160.31149009,27,27,62
P1_DNA_bead_1_771,1,771,7701,7710,-432.04261422,-417.29691341,-145.63449530,27,27,62
P1_DNA_bead_1_772,1,772,7711,7720,-404.94748805,-410.17010299,-126.37150719,27,27,62
P1_DNA_bead_1_773,1,773,7721,7730,-376.25526844,-392.30310297,-122.69362137,28,28,62
P1_DNA_bead_1_774,1,774,7731,7740,-355.95581925,-373.87598373,-102.58457766,28,28,62
P1_DNA_bead_1_775,1,775,7741,7750,-326.36186473,-358.30731163,-96.43524395,28,28,63
P1_DNA_bead_1_776,1,776,7751,7760,-302.98527790,-334.80569812,-103.99893024,28,28,62
P1_DNA_bead_1_777,1,777,7761,7770,-274.45706623,-323.08684440,-118.31010092,29,28,62
P1_DNA_bead_1_778,1,778,7771,7780,-241.14062537,-316.95732558,-121.21591708,29,28,62
P1_DNA_bead_1_779,1,779,7781,7790,-210.95914885,-312.85033311,-106.10926000,29,28,62
P1_DNA_bead_1_780,1,780,7791,7800,-200.70609138,-334.30642751,-130.40968851,29,28,62
P1_DNA_bead_1_781,1,781,7801,7810,-204.81814051,-345.36056677,-162.29851190,29,28,62
P1_DNA_bead_1_782,1,782,7811,7820,-215.19152129,-343.41689143,-194.61901773,29,28,62
P1_DNA_bead_1_783,1,783,7821,7830,-238.10634454,-344.50489020,-219.71338232,29,28,61
P1_DNA_bead_1_784,1,784,7831,7840,-265.02702974,-360.12247997,-233.40161077,29,28,61
P1_DNA_bead_1_785,1,785,7841,7850,-285.72625489,-375.28360955,-255.71040340,29,28,61
P1_DNA_bead_1_786,1,786,7851,7860,-295.94317758,-391.85386695,-283.58585963,29,28,61
P1_DNA_bead_1_787,1,787,7861,7870,-308.14156468,-419.27743958,-299.55918165,28,27,61
P1_DNA_bead_1_788,1,788,7871,7880,-295.58007773,-398.52686581,-323.38401604,29,28,60
P1_DNA_bead_1_789,1,789,7881,7890,-276.62789724,-371.82860450,-332.55013286,29,28,60
P1_DNA_bead_1_790,1,790,7891,7900,-263.51555412,-344.79826267,-348.46952602,29,28,60
P1_DNA_bead_1_791,1,791,7901,7910,-260.44000068,-322.17265192,-373.66124509,29,28,60
P1_DNA_bead_1_792,1,792,7911,7920,-241.92756810,-305.44043622,-396.75502774,29,28,60
P1_DNA_bead_1_793,1,793,7921,7930,-273.48477028,-317.37585355,-392.54922176,29,28,60
P1_DNA_bead_1_794,1,794,7931,7940,-258.82387704,-347.79990303,-396.47801578,29,28,60
P1_DNA_bead_1_795,1,795,7941,7950,-230.80367397,-366.19444316,-390.77633939,29,28,60
P1_DNA_bead_1_796,1,796,7951,7960,-213.57759418,-395.02707468,-396.06231462,29,28,60
P1_DNA_bead_1_797,1,797,7961,7970,-192.12404373,-399.52804116,-422.05243725,30,28,59
P1_DNA_bead_1_798,1,798,7971,7980,-180.96461084,-394.65216597,-453.79661622,30,28,59
P1_DNA_bead_1_799,1,799,7981,7990,-191.58470671,-391.69335454,-485.95962290,30,28,59
P1_DNA_bead_1_800,1,800,7991,8000,-172.76765808,-366.16456595,-498.21521893,30,28,59
P1_DNA_bead_1_801,1,801,8001,8010,-165.39616259,-332.98092259,-497.50327262,30,28,59
P1_DNA_bead_1_802,1,802,8011,8020,-142.54950455,-307.85878957,-499.20874874,30,28,59
P1_DNA_bead_1_803,1,803,8021,8030,-119.59783204,-304.23859943,-474.38708577,30,28,59
P1_DNA_bead_1_804,1,804,8031,8040,-95.24246857,-301.82061123,-450.78688231,31,28,59
P1_DNA_bead_1_805,1,805,8041,8050,-77.23477287,-297.45921072,-422.27896971,31,29,59
P1_DNA_bead_1_806,1,806,8051,8060,-62.35510643,-272.65450241,-404.40938740,31,29,59
P1_DNA_bead_1_807,1,807,8061,8070,-81.17945145,-244.36375124,-405.53962321,31,29,59
P1_DNA_bead_1_808,1,808,8071,8080,-105.24381603,-251.58694261,-382.63259670,30,29,60
P1_DNA_bead_1_809,1,809,8081,8090,-125.37246459,-265.70844683,-359.15024959,30,29,60
P1_DNA_bead_1_810,1,810,8091,8100,-152.70612560,-280.72214408,-345.60551368,30,29,60
P1_DNA_bead_1_811,1,811,8101,8110,-173.61811559,-304.37445559,-332.98581343,30,28,60
P1_DNA_bead_1_812,1,812,8111,8120,-191.84159290,-328.68084399,-317.71805794,30,28,60
P1_DNA_bead_1_813,1,813,8121,8130,-206.54335124,-346.35451107,-292.66811196,29,28,61
P1_DNA_bead_1_814,1,814,8131,8140,-232.61472178,-365.63900820,-282.45088096,29,28,61
P1_DNA_bead_1_815,1,815,8141,8150,-257.88447440,-386.68160349,-291.09083382,29,28,61
P1_DNA_bead_1_816,1,816,8151,8160,-282.79890676,-363.55831055,-291.85528402,29,28,61
P1_DNA_bead_1_817,1,817,8161,8170,-295.15801334,-342.68838739,-315.68171455,29,28,60
P1_DNA_bead_1_818,1,818,8171,8180,-296.42554392,-350.64858521,-348.71243687,29,28,60
P1_DNA_bead_1_819,1,819,8181,8190,-288.68313172,-369.14147869,-376.17273446,29,28,60
P1_DNA_bead_1_820,1,820,8191,8200,-297.30420344,-338.08740271,-387.00423885,29,28,60
P1_DNA_bead_1_821,1,821,8201,8210,-299.06946944,-305.02321025,-379.28134997,29,28,60
P1_DNA_bead_1_822,1,822,8211,8220,-306.88122875,-276.13299242,-363.14655124,28,29,60
P1_DNA_bead_1_823,1,823,8221,8230,-318.34378068,-244.12384919,-363.30356435,28,29,60
P1_DNA_bead_1_824,1,824,8231,8240,-339.87231022,-221.24235696,-350.30511333,28,29,60
P1_DNA_bead_1_825,1,825,8241,8250,-354.44819443,-210.46058087,-379.06788273,28,29,60
P1_DNA_bead_1_826,1,826,8251,8260,-320.45384011,-209.86353699,-379.23345032,28,29,60
P1_DNA_bead_1_827,1,827,8261,8270,-325.86572186,-200.36876278,-347.03778604,28,29,60
P1_DNA_bead_1_828,1,828,8271,8280,-326.91095234,-200.36391247,-313.05385646,28,29,60
P1_DNA_bead_1_829,1,829,8281,8290,-318.48438505,-232.79522551,-307.29166085,28,29,60
P1_DNA_bead_1_830,1,830,8291,8300,-302.84695497,-203.21878588,-313.35012591,28,29,60
P1_DNA_bead_1_831,1,831,8301,8310,-306.95737260,-235.39146042,-303.15093577,28,29,60
P1_DNA_bead_1_832,1,832,8311,8320,-301.81233159,-268.46237756,-309.13783754,28,29,60
P1_DNA_bead_1_833,1,833,8321,8330,-333.96748299,-276.86365173,-316.31173683,28,29,60
P1_DNA_bead_1_834,1,834,8331,8340,-359.60862915,-276.52476814,-338.63698669,28,29,60
P1_DNA_bead_1_835,1,835,8341,8350,-373.57615814,-278.56774427,-369.56810989,28,29,60
P1_DNA_bead_1_836,1,836,8351,8360,-389.97333840,-277.87827130,-399.34489794,28,29,60
P1_DNA_bead_1_837,1,837,8361,8370,-396.41409995,-291.97265340,-369.08163665,28,29,60
P1_DNA_bead_1_838,1,838,8371,8380,-373.15112974,-288.45526145,-393.62674148,28,29,60
P1_DNA_bead_1_839,1,839,8381,8390,-340.48562258,-279.08623408,-394.71576291,28,29,60
P1_DNA_bead_1_840,1,840,8391,8400,-328.89286506,-247.52751198,-399.78084265,28,29,60
P1_DNA_bead_1_841,1,841,8401,8410,-358.89080756,-232.83919845,-393.42656125,28,29,60
P1_DNA_bead_1_842,1,842,8411,8420,-391.19938945,-222.30871586,-392.30207370,28,29,60
P1_DNA_bead_1_843,1,843,8421,8430,-412.18329349,-198.59963206,-404.69380954,27,30,59
P1_DNA_bead_1_844,1,844,8431,8440,-435.27831680,-180.71114324,-422.08983971,27,30,59
P1_DNA_bead_1_845,1,845,8441,8450,-445.56003817,-157.81943513,-445.03010792,27,30,59
P1_DNA_bead_1_846,1,846,8451,8460,-458.00870718,-138.70867038,-470.24536740,27,30,59
P1_DNA_bead_1_847,1,847,8461,8470,-452.36448531,-120.48330584,-498.38748614,27,30,59
P1_DNA_bead_1_848,1,848,8471,8480,-429.71027837,-105.76665814,-519.03227212,27,30,58
P1_DNA_bead_1_849,1,849,8481,8490,-412.58993594,-82.95128182,-537.53504160,27,31,58
P1_DNA_bead_1_850,1,850,8491,8500,-401.90955833,-59.42838457,-559.63940405,27,31,58
P1_DNA_bead_1_851,1,851,8501,8510,-379.06355837,-50.36493139,-583.13225619,28,31,58
P1_DNA_bead_1_852,1,852,8511,8520,-348.88127166,-50.00656215,-598.78157377,28,31,58
P1_DNA_bead_1_853,1,853,8521,8530,-316.15260873,-40.81894281,-599.43139959,28,31,58
P1_DNA_bead_1_854,1,854,8531,8540,-316.80182540,-34.42628566,-566.04408984,28,31,58
P1_DNA_bead_1_855,1,855,8541,8550,-309.59952231,-26.98858900,-533.65879228,28,31,58
P1_DNA_bead_1_856,1,856,8551,8560,-315.70189765,-10.48606338,-504.56536238,28,31,58
P1_DNA_bead_1_857,1,857,8561,8570,-322.91941540,-0.60254611,-472.84433585,28,31,59
P1_DNA_bead_1_858,1,858,8571,8580,-319.06361986,-3.14278004,-439.15932357,28,31,59
P1_DNA_bead_1_859,1,859,8581,8590,-308.73390259,-10.96721423,-407.72566055,28,31,59
P1_DNA_bead_1_860,1,860,8591,8600,-297.72697917,-16.11141596,-375.97058497,29,31,60
P1_DNA_bead_1_861,1,861,8601,8610,-286.43638077,-35.80953483,-350.66235507,29,31,60
P1_DNA_bead_1_862,1,862,8611,8620,-269.30214965,-61.65493960,-336.71842535,29,31,60
P1_DNA_bead_1_863,1,863,8621,8630,-250.02223077,-89.47952446,-333.54396388,29,31,60
P1_DNA_bead_1_864,1,864,8631,8640,-223.61702798,-93.18352168,-354.64006946,29,31,60
P1_DNA_bead_1_865,1,865,8641,8650,-203.78679921,-95.15845023,-382.18751369,29,31,60
P1_DNA_bead_1_866,1,866,8651,8660,-197.60841955,-114.65010895,-409.35188126,30,30,59
P1_DNA_bead_1_867,1,867,8661,8670,-198.96619471,-135.23443698,-436.37856966,30,30,59
P1_DNA_bead_1_868,1,868,8671,8680,-199.83533928,-166.95517565,-424.17040328,30,30,59
P1_DNA_bead_1_869,1,869,8681,8690,-187.61582681,-189.18155144,-401.52814779,30,30,59
P1_DNA_bead_1_870,1,870,8691,8700,-163.35655495,-210.63861083,-391.18008848,30,29,60
P1_DNA_bead_1_871,1,871,8701,8710,-137.15608352,-216.43203244,-370.30015642,30,29,60
P1_DNA_bead_1_872,1,872,8711,8720,-118.44603692,-236.57238446,-350.29264841,30,29,60
P1_DNA_bead_1_873,1,873,8721,8730,-111.84415029,-247.50219027,-318.78146884,30,29,60
P1_DNA_bead_1_874,1,874,8731,8740,-135.13492575,-229.49843556,-301.76957315,30,29,60
P1_DNA_bead_1_875,1,875,8741,8750,-156.53959688,-204.58370890,-310.55003152,30,29,60
P1_DNA_bead_1_876,1,876,8751,8760,-160.80172597,-205.37184058,-344.27262193,30,29,60
P1_DNA_bead_1_877,1,877,8761,8770,-192.44181234,-212.34621159,-354.58102061,30,29,60
P1_DNA_bead_1_878,1,878,8771,8780,-159.64358979,-204.04580658,-351.20761366,30,29,60
P1_DNA_bead_1_879,1,879,8781,8790,-128.56193816,-202.87018649,-337.47630458,30,29,60
P1_DNA_bead_1_880,1,880,8791,8800,-107.70296925,-205.77600033,-310.78436456,30,29,60
P1_DNA_bead_1_881,1,881,8801,8810,-100.25806548,-229.33345570,-334.14286846,30,29,60
P1_DNA_bead_1_882,1,882,8811,8820,-100.79612407,-263.32880940,-334.30541137,30,29,60
P1_DNA_bead_1_883,1,883,8821,8830,-116.22107967,-291.92065724,-344.33421895,30,29,60
P1_DNA_bead_1_884,1,884,8831,8840,-139.68366224,-315.64897067,-337.81698324,30,28,60
P1_DNA_bead_1_885,1,885,8841,8850,-157.45959800,-344.10796417,-332.33047283,30,28,60
P1_DNA_bead_1_886,1,886,8851,8860,-169.62857328,-372.01356647,-317.19133808,30,28,60
P1_DNA_bead_1_887,1,887,8861,8870,-195.62860202,-391.63086260,-307.43632920,30,28,60
P1_DNA_bead_1_888,1,888,8871,8880,-228.88777251,-398.35957838,-309.56986201,29,28,60
P1_DNA_bead_1_889,1,889,8881,8890,-262.68029590,-396.47860185,-312.81444064,29,28,60
P1_DNA_bead_1_890,1,890,8891,8900,-291.04094309,-378.09529032,-309.10937012,29,28,60
P1_DNA_bead_1_891,1,891,8901,8910,-261.35318239,-362.20353993,-304.40946224,29,28,60
P1_DNA_bead_1_892,1,892,8911,8920,-238.30144737,-339.79926528,-315.48493017,29,28,60
P1_DNA_bead_1_893,1,893,8921,8930,-234.56312871,-330.49955610,-282.99584919,29,28,61
P1_DNA_bead_1_894,1,894,8931,8940,-229.31586166,-305.89596961,-260.12381998,29,28,61
P1_DNA_bead_1_895,1,895,8941,8950,-249.34609601,-305.10258530,-232.66184166,29,28,61
P1_DNA_bead_1_896,1,896,8951,8960,-256.13414419,-315.59385166,-201.04134621,29,28,61
P1_DNA_bead_1_897,1,897,8961,8970,-260.03817312,-326.27169781,-168.99852862,29,28,62
P1_DNA_bead_1_898,1,898,8971,8980,-281.03682861,-338.06120803,-144.99719706,29,28,62
P1_DNA_bead_1_899,1,899,8981,8990,-308.81034539,-356.09453112,-137.28804510,28,28,62
P1_DNA_bead_1_900,1,900,8991,9000,-322.32699066,-385.36659434,-126.49700179,28,28,62
P1_DNA_bead_1_901,1,901,9001,9010,-316.98883189,-417.01948302,-115.28991925,28,27,62
P1_DNA_bead_1_902,1,902,9011,9020,-312.77374974,-450.59129853,-118.63151863,28,27,62
P1_DNA_bead_1_903,1,903,9021,9030,-321.20922983,-482.49426054,-110.44349745,28,27,62
P1_DNA_bead_1_904,1,904,9031,9040,-324.11049563,-506.01719537,-86.06616795,28,26,63
P1_DNA_bead_1_905,1,905,9041,9050,-325.20600592,-537.41231384,-73.06053865,28,26,63
P1_DNA_bead_1_906,1,906,9051,9060,-322.58545075,-570.89433006,-78.36028209,28,26,63
P1_DNA_bead_1_907,1,907,9061,9070,-302.16801083,-597.75852161,-82.53680689,28,26,63
P1_DNA_bead_1_908,1,908,9071,9080,-282.56757325,-623.59139586,-92.75861958,29,25,63
P1_DNA_bead_1_909,1,909,9081,9090,-276.10196939,-656.35952493,-99.11831166,29,25,63
P1_DNA_bead_1_910,1,910,9091,9100,-259.38903968,-685.35711077,-93.13349785,29,25,63
P1_DNA_bead_1_911,1,911,9101,9110,-248.48051340,-715.88729942,-82.89085975,29,24,63
P1_DNA_bead_1_912,1,912,9111,9120,-229.29249734,-736.14592542,-63.46386533,29,24,63
P1_DNA_bead_1_913,1,913,9121,9130,-217.31899316,-749.98945984,-34.81091169,29,24,63
P1_DNA_bead_1_914,1,914,9131,9140,-202.13319657,-766.52334127,-9.27618343,29,24,63
P1_DNA_bead_1_915,1,915,9141,9150,-175.63716766,-786.71630826,-16.07357528,30,24,63
P1_DNA_bead_1_916,1,916,9151,9160,-162.63805517,-815.65857762,-28.29520032,30,23,63
P1_DNA_bead_1_917,1,917,9161,9170,-140.86866241,-841.73014862,-29.83361659,30,23,63
P1_DNA_bead_1_918,1,918,9171,9180,-119.48429523,-867.89941493,-33.55898113,30,23,63
P1_DNA_bead_1_919,1,919,9181,9190,-110.45777185,-898.49705928,-45.31933978,30,23,63
P1_DNA_bead_1_920,1,920,9191,9200,-120.52036259,-891.34329112,-13.64020045,30,23,63
P1_DNA_bead_1_921,1,921,9201,9210,-138.63047525,-864.16954497,-4.17387385,30,23,63
P1_DNA_bead_1_922,1,922,9211,9220,-171.17951305,-855.46478368,-8.73317960,30,23,63
P1_DNA_bead_1_923,1,923,9221,9230,-195.08307199,-831.29520908,-9.40514242,30,23,63
P1_DNA_bead_1_924,1,924,9231,9240,-198.18702658,-815.42032198,-39.31088477,30,23,63
P1_DNA_bead_1_925,1,925,9241,9250,-194.37706560,-821.07827134,-72.61961945,30,23,63
P1_DNA_bead_1_926,1,926,9251,9260,-186.45306091,-834.89883770,-102.65629862,30,23,62
P1_DNA_bead_1_927,1,927,9261,9270,-170.33142249,-834.83790090,-132.59104534,30,23,62
P1_DNA_bead_1_928,1,928,9271,9280,-152.71993356,-825.35315905,-160.08422867,30,23,62
P1_DNA_bead_1_929,1,929,9281,9290,-132.96590575,-808.47155532,-182.01114913,30,23,62
P1_DNA_bead_1_930,1,930,9291,9300,-103.97772753,-794.64952673,-193.17524558,30,24,62
P1_DNA_bead_1_931,1,931,9301,9310,-81.42487081,-789.54961193,-218.10232971,31,24,61
P1_DNA_bead_1_932,1,932,9311,9320,-56.53441630,-774.58620644,-235.78174627,31,24,61
P1_DNA_bead_1_933,1,933,9321,9330,-37.60482103,-763.88529816,-261.91909474,31,24,61
P1_DNA_bead_1_934,1,934,9331,9340,-8.61934230,-755.98040512,-277.83621412,31,24,61
P1_DNA_bead_1_935,1,935,9341,9350,-1.00863277,-781.49975817,-298.97479781,31,24,61
P1_DNA_bead_1_936,1,936,9351,9360,19.61237063,-806.92267574,-308.16443767,32,23,60
P1_DNA_bead_1_937,1,937,9361,9370,30.12859234,-838.80682589,-302.79693824,32,23,60
P1_DNA_bead_1_938,1,938,9371,9380,53.04454751,-861.87110594,-292.85219165,32,23,61
P1_DNA_bead_1_939,1,939,9381,9390,81.60618633,-880.25925171,-294.30439089,32,23,61
P1_DNA_bead_1_940,1,940,9391,9400,103.72382371,-902.21312650,-307.89988639,33,22,60
P1_DNA_bead_1_941,1,941,9401,9410,135.34051538,-913.41377493,-313.46138648,33,22,60
P1_DNA_bead_1_942,1,942,9411,9420,165.56753778,-928.85191188,-315.45914633,33,22,60
P1_DNA_bead_1_943,1,943,9421,9430,192.99156396,-947.33395832,-307.56378395,33,22,60
P1_DNA_bead_1_944,1,944,9431,9440,205.92252191,-978.18444464,-301.47791337,34,22,60
P1_DNA_bead_1_945,1,945,9441,9450,178.36072828,-997.84078303,-304.63637706,33,22,60
P1_DNA_bead_1_946,1,946,9451,9460,152.73195583,-998.46299820,-326.96973488,33,22,60
P1_DNA_bead_1_947,1,947,9461,9470,135.09036839,-983.23489581,-351.72613386,33,22,60
P1_DNA_bead_1_948,1,948,9471,9480,114.17711600,-969.85194814,-374.95397461,33,22,60
P1_DNA_bead_1_949,1,949,9481,9490,100.96849110,-946.55789872,-395.90438010,33,22,60
P1_DNA_bead_1_950,1,950,9491,9500,100.46623432,-933.07007643,-427.11057160,33,22,59
P1_DNA_bead_1_951,1,951,9501,9510,103.77791341,-915.53465734,-456.05088706,33,22,59
P1_DNA_bead_1_952,1,952,9511,9520,103.26310519,-911.46815234,-489.80290195,33,22,59
P1_DNA_bead_1_953,1,953,9521,9530,101.22105925,-945.15265130,-485.65747334,33,22,59
P1_DNA_bead_1_954,1,954,9531,9540,105.99633735,-978.53679442,-489.98132661,33,22,59
P1_DNA_bead_1_955,1,955,9541,9550,105.45283977,-1004.92244415,-468.54532655,33,21,59
P1_DNA_bead_1_956,1,956,9551,9560,110.28640923,-1038.23424886,-463.75363862,33,21,59
P1_DNA_bead_1_957,1,957,9561,9570,129.03728487,-1066.58998094,-463.15604272,33,21,59
P1_DNA_bead_1_958,1,958,9571,9580,143.55792451,-1091.07013376,-444.55837774,33,21,59
P1_DNA_bead_1_959,1,959,9581,9590,173.38264504,-1096.68277714,-459.88757472,33,21,59
P1_DNA_bead_1_960,1,960,9591,9600,207.09023232,-1099.87757946,-456.79051200,34,21,59
P1_DNA_bead_1_961,1,961,9601,9610,234.45968765,-1097.23269793,-436.79257418,34,21,59
P1_DNA_bead_1_962,1,962,9611,9620,250.46586541,-1090.36171863,-407.59339753,34,21,59
P1_DNA_bead_1_963,1,963,9621,9630,284.19507840,-1086.12260310,-408.20174809,34,21,59
P1_DNA_bead_1_964,1,964,9631,9640,296.83941682,-1054.56397461,-408.61848987,34,21,59
P1_DNA_bead_1_965,1,965,9641,9650,263.16005492,-1056.68234945,-404.46962614,34,21,59
P1_DNA_bead_1_966,1,966,9651,9660,230.86340634,-1059.07688456,-414.82301651,34,21,59
P1_DNA_bead_1_967,1,967,9661,9670,205.26251706,-1076.47198739,-428.89443667,34,21,59
P1_DNA_bead_1_968,1,968,9671,9680,173.95575899,-1089.58588889,-426.91643593,33,21,59
P1_DNA_bead_1_969,1,969,9681,9690,143.85832186,-1097.93223075,-413.48204514,33,21,59
P1_DNA_bead_1_970,1,970,9691,9700,113.55973736,-1098.58992085,-428.89513118,33,21,59
P1_DNA_bead_1_971,1,971,9701,9710,103.67449054,-1083.86823223,-457.90467753,33,21,59
P1_DNA_bead_1_972,1,972,9711,9720,106.48738852,-1054.53523699,-440.94404680,33,21,59
P1_DNA_bead_1_973,1,973,9721,9730,112.29699100,-1025.89083538,-423.57318684,33,21,59
P1_DNA_bead_1_974,1,974,9731,9740,128.81747056,-997.48158166,-414.85607388,33,22,59
P1_DNA_bead_1_975,1,975,9741,9750,136.70408254,-973.44866397,-392.13559372,33,22,60
P1_DNA_bead_1_976,1,976,9751,9760,136.49832407,-959.62214665,-361.07460400,33,22,60
P1_DNA_bead_1_977,1,977,9761,9770,134.96270771,-952.40464952,-327.88500296,33,22,60
P1_DNA_bead_1_978,1,978,9771,9780,120.71272872,-930.91468861,-305.72378280,33,22,60
P1_DNA_bead_1_979,1,979,9781,9790,105.63496384,-924.07822477,-335.42098415,33,22,60
P1_DNA_bead_1_980,1,980,9791,9800,108.23347408,-916.00751935,-368.34683203,33,22,60
P1_DNA_bead_1_981,1,981,9801,9810,112.78637442,-900.13340798,-398.06692097,33,22,60
P1_DNA_bead_1_982,1,982,9811,9820,109.38247649,-900.83896389,-431.88874336,33,22,59
P1_DNA_bead_1_983,1,983,9821,9830,117.46457490,-901.01891747,-398.86379367,33,22,60
P1_DNA_bead_1_984,1,984,9831,9840,141.19802941,-900.83845813,-374.51855653,33,22,60
P1_DNA_bead_1_985,1,985,9841,9850,156.96746840,-907.78087843,-403.82943495,33,22,59
P1_DNA_bead_1_986,1,986,9851,9860,179.71316848,-912.75125373,-428.60701549,33,22,59
P1_DNA_bead_1_987,1,987,9861,9870,205.64951795,-930.80571309,-441.15063034,34,22,59
P1_DNA_bead_1_988,1,988,9871,9880,237.90085516,-932.17085969,-451.82712894,34,22,59
P1_DNA_bead_1_989,1,989,9881,9890,266.71276513,-920.37782589,-465.49454266,34,22,59
P1_DNA_bead_1_990,1,990,9891,9900,290.04363293,-922.49696818,-490.13556220,34,22,59
P1_DNA_bead_1_991,1,991,9901,9910,290.78039941,-911.40219792,-458.00515218,34,22,59
P1_DNA_bead_1_992,1,992,9911,9920,292.37918673,-899.03163410,-426.37584567,34,23,59
P1_DNA_bead_1_993,1,993,9921,9930,290.70139545,-888.40767096,-394.12190911,34,23,60
P1_DNA_bead_1_994,1,994,9931,9940,302.82092402,-878.24130728,-364.02602772,35,23,60
P1_DNA_bead_1_995,1,995,9941,9950,305.09244594,-862.47312384,-333.98930721,35,23,60
P1_DNA_bead_1_996,1,996,9951,9960,314.02494481,-834.98654318,-316.08125461,35,23,60
P1_DNA_bead_1_997,1,997,9961,9970,333.02074903,-818.21367503,-293.41342905,35,23,61
P1_DNA_bead_1_998,1,998,9971,9980,359.98738514,-799.37141616,-284.82449328,35,24,61
P1_DNA_bead_1_999,1,999,9981,9990,373.72397956,-768.40166042,-281.96438780,35,24,61
P1_DNA_bead_1_1000,1,1000,9991,10000,388.38776710,-738.91078997,-273.52271172,35,24,61
P1_DNA_bead_1_1001,1,1001,10001,10010,390.28798797,-744.86043963,-240.10129898,35,24,61
P1_DNA_bead_1_1002,1,1002,10011,10020,379.43580804,-759.06792719,-211.18110728,35,24,61
P1_DNA_bead_1_1003,1,1003,10021,10030,349.41671574,-773.48405276,-204.32330726,35,24,61
P1_DNA_bead_1_1004,1,1004,10031,10040,316.51099033,-765.18333558,-202.24693327,35,24,61
P1_DNA_bead_1_1005,1,1005,10041,10050,305.22261231,-797.21385694,-200.62884096,35,24,61
P1_DNA_bead_1_1006,1,1006,10051,10060,277.19226087,-816.44877119,-201.19228804,34,23,61
P1_DNA_bead_1_1007,1,1007,10061,10070,252.63217574,-836.89239794,-212.80522666,34,23,61
P1_DNA_bead_1_1008,1,1008,10071,10080,231.87522841,-861.37507528,-224.01895255,34,23,61
P1_DNA_bead_1_1009,1,1009,10081,10090,219.26068967,-891.46225734,-233.59156387,34,23,61
P1_DNA_bead_1_1010,1,1010,10091,10100,216.36354618,-898.01002544,-200.35403550,34,23,61
P1_DNA_bead_1_1011,1,1011,10101,10110,250.17185046,-894.40686613,-200.47975192,34,23,61
P1_DNA_bead_1_1012,1,1012,10111,10120,284.11462453,-892.44131003,-200.63684325,34,23,61
P1_DNA_bead_1_1013,1,1013,10121,10130,313.34931926,-902.81280268,-214.55678451,35,22,61
P1_DNA_bead_1_1014,1,1014,10131,10140,329.92253528,-913.85470120,-242.11408822,35,22,61
P1_DNA_bead_1_1015,1,1015,10141,10150,356.30914630,-914.33386959,-263.55043951,35,22,61
P1_DNA_bead_1_1016,1,1016,10151,10160,377.72968804,-928.45493537,-285.86088309,35,22,61
P1_DNA_bead_1_1017,1,1017,10161,10170,398.95334110,-904.03920757,-296.32170458,35,22,61
P1_DNA_bead_1_1018,1,1018,10171,10180,429.37856724,-888.86774220,-295.95803804,36,23,61
P1_DNA_bead_1_1019,1,1019,10181,10190,462.20030591,-880.10940417,-297.38105787,36,23,61
P1_DNA_bead_1_1020,1,1020,10191,10200,494.55693979,-889.28682333,-292.39876708,36,23,61
P1_DNA_bead_1_1021,1,1021,10201,10210,528.46858929,-891.46417519,-293.52089312,37,23,61
P1_DNA_bead_1_1022,1,1022,10211,10220,559.51787846,-899.04361898,-281.92375235,37,23,61
P1_DNA_bead_1_1023,1,1023,10221,10230,592.00762880,-897.61652979,-272.00510632,37,23,61
P1_DNA_bead_1_1024,1,1024,10231,10240,624.75063078,-896.49133585,-281.09519763,38,23,61
P1_DNA_bead_1_1025,1,1025,10241,10250,654.54532956,-880.22825029,-279.14892616,38,23,61
P1_DNA_bead_1_1026,1,1026,10251,10260,686.79501128,-878.06705721,-268.59964782,38,23,61
P1_DNA_bead_1_1027,1,1027,10261,10270,697.37183423,-872.48625074,-236.77221601,38,23,61
P1_DNA_bead_1_1028,1,1028,10271,10280,694.34191340,-865.59139307,-269.92761554,38,23,61
P1_DNA_bead_1_1029,1,1029,10281,10290,699.52834392,-870.31872579,-303.19551694,38,23,60
P1_DNA_bead_1_1030,1,1030,10291,10300,691.93665448,-901.02392217,-315.66777282,38,22,60
P1_DNA_bead_1_1031,1,1031,10301,10310,669.85252547,-926.03444088,-322.20728346,38,22,60
P1_DNA_bead_1_1032,1,1032,10311,10320,638.72154268,-939.54514105,-320.12812697,38,22,60
P1_DNA_bead_1_1033,1,1033,10321,10330,605.07710883,-934.67276722,-319.56951783,38,22,60
P1_DNA_bead_1_1034,1,1034,10331,10340,600.67166100,-965.66104360,-306.29101052,38,22,60
P1_DNA_bead_1_1035,1,1035,10341,10350,607.49321769,-977.80285227,-337.30782607,38,22,60
P1_DNA_bead_1_1036,1,1036,10351,10360,613.68490318,-972.61814081,-370.33481197,38,22,60
P1_DNA_bead_1_1037,1,1037,10361,10370,619.55799868,-947.29248833,-392.24640881,38,22,60
P1_DNA_bead_1_1038,1,1038,10371,10380,610.64064611,-979.92079828,-388.80051086,38,22,60
P1_DNA_bead_1_1039,1,1039,10381,10390,605.27443830,-1013.44868872,-390.55675020,38,21,60
P1_DNA_bead_1_1040,1,1040,10391,10400,603.00938240,-1043.50096857,-374.81730937,38,21,60
P1_DNA_bead_1_1041,1,1041,10401,10410,611.78556704,-1062.66700435,-348.14069685,38,21,60
P1_DNA_bead_1_1042,1,1042,10411,10420,625.60652999,-1067.19571929,-317.40843816,38,21,60
P1_DNA_bead_1_1043,1,1043,10421,10430,650.60772297,-1084.52705418,-302.22406526,38,21,60
P1_DNA_bead_1_1044,1,1044,10431,10440,681.88603015,-1096.17016660,-308.71293522,38,21,60
P1_DNA_bead_1_1045,1,1045,10441,10450,697.08695881,-1088.44690634,-338.12862863,38,21,60
P1_DNA_bead_1_1046,1,1046,10451,10460,687.47562892,-1066.67659148,-362.41186829,38,21,60
P1_DNA_bead_1_1047,1,1047,10461,10470,684.41744525,-1057.01378547,-394.86610827,38,21,60
P1_DNA_bead_1_1048,1,1048,10471,10480,656.91802776,-1076.55167263,-399.11499081,38,21,60
P1_DNA_bead_1_1049,1,1049,10481,10490,625.00523607,-1083.65232735,-389.77933716,38,21,60
P1_DNA_bead_1_1050,1,1050,10491,10500,599.28267867,-1105.66670937,-386.66212279,37,20,60
P1_DNA_bead_1_1051,1,1051,10501,10510,573.24143186,-1127.52103838,-386.17042372,37,20,60
P1_DNA_bead_1_1052,1,1052,10511,10520,554.57781413,-1150.10625455,-368.91999232,37,20,60
P1_DNA_bead_1_1053,1,1053,10521,10530,543.67852564,-1181.01712965,-359.87989768,37,20,60
P1_DNA_bead_1_1054,1,1054,10531,10540,514.59733146,-1195.43713654,-349.76320127,37,20,60
P1_DNA_bead_1_1055,1,1055,10541,10550,485.84329103,-1213.37220799,-347.01759185,36,19,60
P1_DNA_bead_1_1056,1,1056,10551,10560,463.91894191,-1229.40871916,-326.56879665,36,19,60
P1_DNA_bead_1_1057,1,1057,10561,10570,453.74794104,-1258.75984904,-312.74628183,36,19,60
P1_DNA_bead_1_1058,1,1058,10571,10580,436.49721881,-1287.87932355,-315.98183229,36,19,60
P1_DNA_bead_1_1059,1,1059,10581,10590,436.01363669,-1320.28281482,-326.26676797,36,18,60
P1_DNA_bead_1_1060,1,1060,10591,10600,441.66414837,-1352.82344681,-334.34011843,36,18,60
P1_DNA_bead_1_1061,1,1061,10601,10610,430.07360050,-1384.78084391,-334.95977225,36,18,60
P1_DNA_bead_1_1062,1,1062,10611,10620,402.05021258,-1397.39031411,-320.41016776,36,18,60
P1_DNA_bead_1_1063,1,1063,10621,10630,381.03570209,-1401.33648445,-293.97500011,35,17,61
P1_DNA_bead_1_1064,1,1064,10631,10640,369.05650550,-1403.99566429,-262.26652157,35,17,61
P1_DNA_bead_1_1065,1,1065,10641,10650,368.12488090,-1409.28190299,-228.69290461,35,17,61
P1_DNA_bead_1_1066,1,1066,10651,10660,369.84918185,-1403.89657478,-195.16642215,35,17,62
P1_DNA_bead_1_1067,1,1067,10661,10670,376.15319422,-1385.67258679,-167.16382066,35,18,62
P1_DNA_bead_1_1068,1,1068,10671,10680,375.15338962,-1377.78809757,-134.10576233,35,18,62
P1_DNA_bead_1_1069,1,1069,10681,10690,385.47454815,-1359.12454536,-107.62661005,35,18,62
P1_DNA_bead_1_1070,1,1070,10691,10700,403.52734293,-1351.01555891,-79.97989344,36,18,63
P1_DNA_bead_1_1071,1,1071,10701,10710,432.64275498,-1347.07845397,-62.86872791,36,18,63
P1_DNA_bead_1_1072,1,1072,10711,10720,456.65968306,-1329.96595583,-45.94686120,36,18,63
P1_DNA_bead_1_1073,1,1073,10721,10730,481.15586948,-1317.57070249,-25.88957960,36,18,63
P1_DNA_bead_1_1074,1,1074,10731,10740,497.34784161,-1317.54843420,4.00723533,36,18,64
P1_DNA_bead_1_1075,1,1075,10741,10750,517.71267448,-1307.11592022,29.15552025,37,18,64
P1_DNA_bead_1_1076,1,1076,10751,10760,545.81993950,-1311.25372626,47.83332029,37,18,64
P1_DNA_bead_1_1077,1,1077,10761,10770,563.95454030,-1325.19664837,72.98746858,37,18,64
P1_DNA_bead_1_1078,1,1078,10771,10780,588.36866335,-1324.55639217,96.64208057,37,18,64
P1_DNA_bead_1_1079,1,1079,10781,10790,559.04509933,-1307.35055135,96.34604867,37,18,64
P1_DNA_bead_1_1080,1,1080,10791,10800,529.15843577,-1306.37143000,80.16492811,37,18,64
P1_DNA_bead_1_1081,1,1081,10801,10810,509.05326564,-1302.34067560,53.04417677,37,18,64
P1_DNA_bead_1_1082,1,1082,10811,10820,484.11201486,-1313.99598616,33.09204041,36,18,64
P1_DNA_bead_1_1083,1,1083,10821,10830,454.37748855,-1330.30703201,30.68211752,36,18,64
P1_DNA_bead_1_1084,1,1084,10831,10840,425.41364360,-1340.27524439,45.43780889,36,18,64
P1_DNA_bead_1_1085,1,1085,10841,10850,402.32675086,-1361.55997320,58.47451486,36,18,64
P1_DNA_bead_1_1086,1,1086,10851,10860,403.31859165,-1389.11963989,78.36121956,36,18,64
P1_DNA_bead_1_1087,1,1087,10861,10870,428.99109397,-1379.92034022,98.66628077,36,18,64
P1_DNA_bead_1_1088,1,1088,10871,10880,417.34658389,-1348.00638663,97.28608121,36,18,64
P1_DNA_bead_1_1089,1,1089,10881,10890,400.37578487,-1318.55653173,96.45060092,36,18,64
P1_DNA_bead_1_1090,1,1090,10891,10900,407.47315508,-1298.29257194,122.81343971,36,19,65
P1_DNA_bead_1_1091,1,1091,10901,10910,413.25906628,-1290.84776419,155.47990676,36,19,65
P1_DNA_bead_1_1092,1,1092,10911,10920,403.03729336,-1290.60316267,187.90606177,36,19,65
P1_DNA_bead_1_1093,1,1093,10921,10930,401.80460054,-1308.79581075,216.60289128,36,18,66
P1_DNA_bead_1_1094,1,1094,10931,10940,389.08702114,-1330.51873721,239.45847354,35,18,66
P1_DNA_bead_1_1095,1,1095,10941,10950,378.74589207,-1350.92113341,264.61405500,35,18,66
P1_DNA_bead_1_1096,1,1096,10951,10960,365.64503094,-1375.41061594,284.22610953,35,18,66
P1_DNA_bead_1_1097,1,1097,10961,10970,339.43885017,-1389.24641912,300.89364205,35,18,67
P1_DNA_bead_1_1098,1,1098,10971,10980,337.01215790,-1391.62876243,334.72314996,35,18,67
P1_DNA_bead_1_1099,1,1099,10981,10990,334.73463777,-1384.69245853,367.93008583,35,18,67
P1_DNA_bead_1_1100,1,1100,10991,11000,347.36382305,-1383.61635016,399.47918518,35,18,67
P1_DNA_bead_1_1101,1,1101,11001,11010,373.13192440,-1375.71916277,420.20692950,35,18,68
P1_DNA_bead_1_1102,1,1102,11011,11020,397.22466756,-1356.25157129,434.22665164,35,18,68
P1_DNA_bead_1_1103,1,1103,11021,11030,394.26398485,-1381.26572599,457.06360465,35,18,68
P1_DNA_bead_1_1104,1,1104,11031,11040,386.06642665,-1390.49338105,488.74404690,35,18,68
P1_DNA_bead_1_1105,1,1105,11041,11050,382.66677754,-1381.33825566,521.31130139,35,18,69
P1_DNA_bead_1_1106,1,1106,11051,11060,386.18764021,-1389.76828721,554.06092878,35,18,69
P1_DNA_bead_1_1107,1,1107,11061,11070,389.76102054,-1388.93618625,587.86238675,35,18,69
P1_DNA_bead_1_1108,1,1108,11071,11080,361.27669662,-1374.71797483,599.79912645,35,18,69
P1_DNA_bead_1_1109,1,1109,11081,11090,387.44702400,-1395.59441482,593.85873777,35,18,69
P1_DNA_bead_1_1110,1,1110,11091,11100,417.84879651,-1410.74837486,595.30432533,36,17,69
P1_DNA_bead_1_1111,1,1111,11101,11110,443.25096235,-1433.17664271,598.07971215,36,17,69
P1_DNA_bead_1_1112,1,1112,11111,11120,476.35585136,-1425.64748959,599.91769380,36,17,69
P1_DNA_bead_1_1113,1,1113,11121,11130,493.48488293,-1399.61183742,586.32574422,36,18,69
P1_DNA_bead_1_1114,1,1114,11131,11140,506.24705575,-1368.17721253,584.09162182,37,18,69
P1_DNA_bead_1_1115,1,1115,11141,11150,507.30636485,-1335.90585129,594.74230759,37,18,69
P1_DNA_bead_1_1116,1,1116,11151,11160,513.80625990,-1303.74975694,585.81275212,37,18,69
P1_DNA_bead_1_1117,1,1117,11161,11170,536.55644585,-1307.60396965,560.84128674,37,18,69
P1_DNA_bead_1_1118,1,1118,11171,11180,569.08910997,-1305.72909742,551.14022393,37,18,69
P1_DNA_bead_1_1119,1,1119,11181,11190,603.01310433,-1306.70599666,549.08881595,38,18,69
P1_DNA_bead_1_1120,1,1120,11191,11200,636.61044492,-1311.77063674,547.83656751,38,18,69
P1_DNA_bead_1_1121,1,1121,11201,11210,668.27844701,-1318.55092516,537.48449852,38,18,69
P1_DNA_bead_1_1122,1,1122,11211,11220,692.55522668,-1335.65977982,520.93381693,38,18,69
P1_DNA_bead_1_1123,1,1123,11221,11230,707.84772752,-1354.14491048,496.84150772,39,18,68
P1_DNA_bead_1_1124,1,1124,11231,11240,723.89824722,-1372.47531433,473.12701612,39,18,68
P1_DNA_bead_1_1125,1,1125,11241,11250,727.66556630,-1355.09066841,444.15148518,39,18,68
P1_DNA_bead_1_1126,1,1126,11251,11260,721.11429349,-1353.14219914,410.84556540,39,18,68
P1_DNA_bead_1_1127,1,1127,11261,11270,721.25208042,-1339.09073183,379.88531215,39,18,67
P1_DNA_bead_1_1128,1,1128,11271,11280,706.49840441,-1332.20731005,350.03656765,39,18,67
P1_DNA_bead_1_1129,1,1129,11281,11290,688.14218476,-1310.96565702,330.85737639,38,18,67
P1_DNA_bead_1_1130,1,1130,11291,11300,677.09669190,-1304.23923366,299.41294419,38,18,66
P1_DNA_bead_1_1131,1,1131,11301,11310,668.88460879,-1309.67705865,266.87079076,38,18,66
P1_DNA_bead_1_1132,1,1132,11311,11320,661.24857516,-1330.98370945,241.49919991,38,18,66
P1_DNA_bead_1_1133,1,1133,11321,11330,661.12518186,-1359.30769818,222.69131762,38,18,66
P1_DNA_bead_1_1134,1,1134,11331,11340,644.49507843,-1383.20355330,205.12920590,38,18,66
P1_DNA_bead_1_1135,1,1135,11341,11350,618.47549810,-1404.93801714,202.56122589,38,17,66
P1_DNA_bead_1_1136,1,1136,11351,11360,603.54214197,-1434.09347739,193.45331657,38,17,65
P1_DNA_bead_1_1137,1,1137,11361,11370,602.40695159,-1463.92971881,177.18955192,38,17,65
P1_DNA_bead_1_1138,1,1138,11371,11380,605.80836788,-1466.10427738,143.43008417,38,17,65
P1_DNA_bead_1_1139,1,1139,11381,11390,606.65871816,-1452.69803739,112.19629424,38,17,65
P1_DNA_bead_1_1140,1,1140,11391,11400,590.14262105,-1452.00874197,82.48529613,37,17,64
P1_DNA_bead_1_1141,1,1141,11401,11410,564.40595034,-1449.44688809,60.41584473,37,17,64
P1_DNA_bead_1_1142,1,1142,11411,11420,533.58732112,-1459.58139290,50.24215783,37,17,64
P1_DNA_bead_1_1143,1,1143,11421,11430,503.06012340,-1450.77182066,38.13919800,37,17,64
P1_DNA_bead_1_1144,1,1144,11431,11440,512.31151144,-1427.65719960,14.98480073,37,17,64
P1_DNA_bead_1_1145,1,1145,11441,11450,515.26070079,-1460.60835274,7.14109057,37,17,64
P1_DNA_bead_1_1146,1,1146,11451,11460,500.29278418,-1491.08255420,5.32876669,37,17,64
P1_DNA_bead_1_1147,1,1147,11461,11470,473.54773738,-1512.07025071,4.86072095,36,16,64
P1_DNA_bead_1_1148,1,1148,11471,11480,493.03953502,-1539.82564832,2.47163569,36,16,64
P1_DNA_bead_1_1149,1,1149,11481,11490,479.51145526,-1508.82816047,5.95686236,36,16,64
P1_DNA_bead_1_1150,1,1150,11491,11500,445.59451375,-1506.59887874,5.13748385,36,16,64
P1_DNA_bead_1_1151,1,1151,11501,11510,422.27122796,-1531.33618738,4.83764840,36,16,64
P1_DNA_bead_1_1152,1,1152,11511,11520,395.77788669,-1549.13324368,16.55804326,35,16,64
P1_DNA_bead_1_1153,1,1153,11521,11530,380.11997824,-1568.09572324,40.03684799,35,16,64
P1_DNA_bead_1_1154,1,1154,11531,11540,356.04034824,-1584.16550425,57.86753944,35,16,64
P1_DNA_bead_1_1155,1,1155,11541,11550,334.91378948,-1559.78720603,68.60844679,35,16,64
P1_DNA_bead_1_1156,1,1156,11551,11560,326.21541732,-1533.19428163,87.92565915,35,16,64
P1_DNA_bead_1_1157,1,1157,11561,11570,317.11716184,-1501.53694177,96.35386064,35,16,64
P1_DNA_bead_1_1158,1,1158,11571,11580,346.24874696,-1504.08241771,79.00821851,35,16,64
P1_DNA_bead_1_1159,1,1159,11581,11590,372.83396892,-1512.22181287,59.43844030,35,16,64
P1_DNA_bead_1_1160,1,1160,11591,11600,399.21620831,-1506.99104930,38.63900383,35,16,64
P1_DNA_bead_1_1161,1,1161,11601,11610,429.20458793,-1514.72400130,24.60694977,36,16,64
P1_DNA_bead_1_1162,1,1162,11611,11620,459.91549102,-1518.22334823,38.77010627,36,16,64
P1_DNA_bead_1_1163,1,1163,11621,11630,490.41309701,-1512.82435421,52.79675563,36,16,64
P1_DNA_bead_1_1164,1,1164,11631,11640,517.06325368,-1491.72685462,53.61202266,37,17,64
P1_DNA_bead_1_1165,1,1165,11641,11650,537.69241056,-1472.34148493,72.44405199,37,17,64
P1_DNA_bead_1_1166,1,1166,11651,11660,556.42983108,-1460.52236498,98.23586224,37,17,64
